tick,t,gt_x,gt_y,gt_th,mu_x,mu_y,mu_th,sxx,syy,stt,sxy,sxt,syt,pos_err,yaw_err,sigma_xy,nees,nees_in_band,inside_2s,nis,nis_dof,nis_in_band,v,omega,n_visible,n_occluded,n_cand,ms_predict,ms_update,ms_visibility,rmse_pos,rmse_yaw,nees_mean,frac_nees_in,frac_inside,nis_norm_mean,n_actors_fov,n_actors_visible,n_lidar,res_along,res_across,res_heading
0,0.05,-61.62321732882089,-25.7422174444759,-0.5612632636840442,-61.497760025592875,-25.91718550569277,-0.5579222845100924,0.013169323744301997,0.1402080349124884,0.0002485763405227348,0.003628033734067967,-0.00012594756553793265,-0.004560919567613831,0.2152982985981009,0.003340979173951819,0.3916342153806156,1.5620491036363795,1,1,17.38577384020048,24,1,4.76306615658844,-0.32746572981480904,12,0,12,1.4659630001006008,2.647298999818304,1.7184950002047117,0.2152982985981009,0.003340979173951819,1.5620491036363795,1.0,1.0,0.7244072433416866,1,1,3040,-0.0006169753184228147,0.0011611504575528224,-0.0011092954425899748
1,0.1,-61.411334553584126,-25.87467963711145,-0.5775076142271462,-61.380812995785,-25.888552888766444,-0.5939601393531535,0.007121005295947594,0.10169092550858455,0.00016985853130741598,0.003112349935816377,-0.00010567350698109613,-0.003335635852357889,0.03352659544254749,-0.016452525126007256,0.3298665348357304,4.8589653981966086,1,1,18.831409610861396,22,1,4.69913713334663,-0.3211949213396189,11,0,11,0.0675470000714995,2.6641579997885856,4.554563000056078,0.15407366741465794,0.01187113568414328,3.210507250916494,1.0,1.0,0.790190203735875,1,1,3108,-0.00040135334605187847,0.0026651290244593204,-0.00021047013052344354
2,0.15000000000000002,-61.19922782106407,-26.011372258388075,-0.5954139770275391,-61.156858669959945,-26.070834752823913,-0.6047217347425295,0.005829781530298636,0.09001914778226397,0.00016085425540062194,0.005477616400139012,-0.0001891578453421785,-0.0029575656435402334,0.07301323996246353,-0.009307757714990483,0.309594782437564,2.388792096361249,1,1,12.075872161413006,14,1,5.423267326577731,-0.2867973930421852,7,0,7,0.0624970002718328,0.19681300000229385,1.1330319998705818,0.13267544760432196,0.011082750539218514,2.936602199398079,1.0,1.0,0.8143142349051787,1,1,2975,-0.0018297012960805865,0.003531497110739337,0.0002270256592895592
3,0.2,-60.98619948253036,-26.15425605044457,-0.6099138238985846,-60.94996377853951,-26.118511763311847,-0.6254090126687792,0.005043986121927381,0.08264006714520708,0.0001542357937090068,0.006497947955750004,-0.00022472181819890042,-0.002729056556291138,0.050898725979525355,-0.015495188770194623,0.2961149325298109,3.4258758153437205,1,1,17.735131276427257,14,1,4.894693205450128,-0.42932583645303324,7,0,7,0.06337200011330424,0.17270099988309084,1.5868909999880998,0.11768496452113195,0.012334737062130776,3.0589206033844896,1.0,1.0,0.9274344489722279,1,1,3017,-0.0025250681831872385,0.0030410419154414917,-0.0005439631892714125
4,0.25,-60.77398930974628,-26.30148373683499,-0.6215459123288056,-60.79561321760644,-26.189969914944584,-0.6291505353464091,0.004503744318597425,0.07704045988525171,0.0001457718522108248,0.006945071099036226,-0.00024003954080336552,-0.0025598559390463964,0.11359104658268486,-0.007604623017603451,0.2855594582636848,0.6805281128961136,1,1,12.992362336357198,14,1,4.794930607369722,-0.16084993925199742,7,0,7,0.06076699992263457,0.16814500031614443,1.0868169997593213,0.11687765343393067,0.011544810477504379,2.583242105286814,1.0,1.0,0.9275527354114566,1,1,2974,0.0002942205567268625,0.0023733066388522866,-0.0007217525020193349
5,0.30000000000000004,-60.561242620040105,-26.452336646729087,-0.6302690299003326,-60.57945637095946,-26.354658766050722,-0.6275280056466261,0.004106017134213057,0.07244342630046546,0.00013967696985123056,0.007063069875505434,-0.00024407005953761576,-0.002422173240324458,0.09936150711603217,0.002741024253706481,0.27667570083886756,0.9587414249852197,1,1,11.4442070063241,14,1,5.05838387025893,0.005093146602367454,7,0,7,0.06238099967958988,0.1735250002639077,1.0858830000870512,0.11414511119439101,0.010598163824981521,2.312491991903215,1.0,1.0,0.909201172441977,1,1,2935,-0.0021566114072608935,0.002378023093611215,-0.0009527915829958822
6,0.35000000000000003,-60.345606673767755,-26.608399354153974,-0.6372094274381608,-60.37904063057086,-26.52568656486773,-0.6266404302532638,0.0037968452388837137,0.06852449845824359,0.00013847172398143812,0.006959241720555119,-0.0002407626785344914,-0.0023076568308795314,0.08921454466073768,0.010568997184897011,0.26892627929811413,3.564132330831384,1,1,8.494728495977341,14,1,5.444066596799933,-0.1001489694128876,7,0,7,0.06356799985951511,0.1739130002533784,1.069727999947645,0.11092717909672742,0.010594002078408346,2.4912977546072392,1.0,1.0,0.8659961936847286,1,1,2964,-0.0024013334950693833,0.0019331381090913705,0.0001203157831421997
7,0.4,-60.12433189179233,-26.770944386306617,-0.6435911603583175,-60.17435890005925,-26.670851168868285,-0.6406206748113714,0.003542705515715532,0.0651071492322924,0.0001385406430860333,0.0067410079316023485,-0.00023354698362044915,-0.002208776419435452,0.11189885492396788,0.002970485546946122,0.2620111729449871,2.0526560359302493,1,1,16.915555351855986,14,1,5.5438897578201,-0.22111347785319568,7,0,7,0.06434799979615491,0.1748680001583125,1.0752590001175122,0.11104910353633957,0.009965276869246148,2.4364675397726154,1.0,1.0,0.9087784136871373,1,1,2875,-0.004164744489607361,0.0018775127624420605,-6.0401806579957196e-05
8,0.45,-59.89629079030193,-26.94107837722108,-0.6488759372254709,-59.931328984077496,-26.903379239119676,-0.6310645109779562,0.003329527326089956,0.062028294793103796,0.00013715849135019655,0.006449859262408495,-0.000223716117696764,-0.002119718699337672,0.05146746580746412,0.01781142624751464,0.2556517594682144,6.202117167245235,1,1,11.089007541946875,14,1,5.70266438519433,0.15324457862917498,7,0,7,0.06233500016605831,0.17119899985118536,1.0549139997237944,0.10609436428976267,0.011114059412476472,2.85487305393624,1.0,1.0,0.8958110307532243,1,1,2910,-0.004037049635337316,0.0014948799716578353,-0.002182443209709728
9,0.5,-59.65968661186739,-27.119977465563807,-0.6534082379266222,-59.69620250717619,-27.026465476672882,-0.6435513938365385,0.003148684205880659,0.05922836548365388,0.00013591568897913206,0.006094423521164278,-0.00021177549652882732,-0.002040286570073188,0.10038875771987242,0.009856844090083694,0.24975397832574067,3.5845121931072583,1,1,15.616733996688735,14,1,5.93923068167426,-0.09546267323723248,7,0,7,0.059824999880220275,0.17205700032718596,1.0457190001034178,0.10553768515699928,0.010994808888892657,2.9278369678533416,1.0,1.0,0.91777802765425,1,1,2894,-0.003952676991583439,0.0011097365891877984,-0.0010245286131005393
10,0.55,-59.410693664299906,-27.309222563624008,-0.6587802333194759,-59.42144873329443,-27.231584694455403,-0.653626499556581,0.0030163928880890477,0.05651548612274824,0.00014122938049061014,0.005632931930500039,-0.0001957088158373276,-0.001963128578380715,0.07837927173761208,0.005153733762894852,0.24399155520393997,1.089724854337994,1,1,10.487995664008182,14,1,6.882141671460149,-0.27543503200779285,7,0,7,0.06247400006031967,0.17429100034860312,1.0446229998706258,0.10336402579810193,0.010597680692797973,2.7607358666246737,1.0,1.0,0.9024475294519686,1,1,2837,-0.005158609564292441,0.0019381369340936937,-9.384875338724896e-05
11,0.6000000000000001,-59.15289535929525,-27.507688645639192,-0.6639467658342295,-59.11882914047275,-27.485231516101383,-0.6651189340507155,0.0029105362844843237,0.05394443729931467,0.0001437269946241393,0.005123920491400046,-0.00017755189400910082,-0.001890276074003966,0.040802327530921084,-0.0011721682164860248,0.23844280988069025,0.43224086611371143,1,1,9.287871670218337,14,1,7.376820078756219,-0.23435943538421816,7,0,7,0.062103999880491756,0.17328800004179357,1.0376720001659123,0.0996619996341961,0.010152147453696976,2.5666946165820934,1.0,1.0,0.8825285190822708,1,1,2869,-0.0051757488457745806,0.0017174239554995304,0.001101155163583556
12,0.65,-58.88527533723224,-27.715223609237718,-0.6707354297689503,-58.86757801676929,-27.661519997219333,-0.6753681105954374,0.0027890722746744074,0.051631149130135334,0.00014075779982027938,0.0046716044174064195,-0.00016179648586910552,-0.0018262650356702225,0.05654443469864502,-0.004632680826487157,0.23328142104507538,0.2249431425616581,1,1,19.632530448787694,14,1,6.822738657562525,-0.23419976931970765,7,0,7,0.06290700002864469,0.1801339999474294,1.0682669999368954,0.09702792744218122,0.00983813188450302,2.386559887811291,1.0,1.0,0.9225127563440065,1,1,2885,-0.005116493229143993,0.0026174535259207536,0.0014794532248840753
13,0.7000000000000001,-58.60943441992082,-27.931896770486006,-0.6781029983456275,-58.57784987480715,-27.848307087931627,-0.6640212418845808,0.0026835484945997934,0.04944180005223212,0.00013785031113696885,0.0042234020010845546,-0.000146190858670713,-0.0017644922210102959,0.08935781174345714,0.014081756461046702,0.2283097644579222,4.266415977779347,1,1,24.809018675827666,14,1,6.935792070690707,0.11604828195270828,7,0,7,0.06239300000743242,0.17062799997802358,1.0280970000167144,0.09650028189004221,0.010199967688070685,2.5208353228090092,1.0,1.0,0.9831956139308003,1,1,2823,-0.004765457607215975,0.003010295110488056,-2.6659313276944374e-06
14,0.75,-58.32458417197049,-28.158532043040346,-0.6875992315816046,-58.27238530129918,-28.17028328282736,-0.6840131798246887,0.0026443701476567836,0.04723176396819469,0.0001451720389234794,0.003664948922228713,-0.0001259698446894485,-0.001702374453554795,0.053505268300347915,0.0035860517569159533,0.22332965346288314,1.307334841769056,1,1,13.683217841437369,14,1,8.269340093714431,-0.33665648103690043,7,0,7,0.06556400012414088,0.1761239996085351,1.060903000052349,0.09424615833157295,0.009897509918933766,2.4399352907396787,1.0,1.0,0.9828074198660678,1,1,2823,-0.005836348310659507,0.003924232074764873,0.0017330523618239724
15,0.8,-58.031025489176635,-28.395920049524666,-0.6984852354324396,-57.99070120162434,-28.3921089798878,-0.7023635651045113,0.002601275399986155,0.04562888243387759,0.00014716700921285503,0.003349009012537085,-0.0001142474838831845,-0.0016578982088711705,0.040503980278204656,-0.0038783296720716898,0.2196136558455866,0.8531093282690307,1,1,14.13363604946578,12,1,7.139366635344383,-0.36545594931394215,6,0,6,0.061966999965079594,0.19156400003339513,0.9371080000164511,0.09181355013772338,0.009632146632423623,2.3407586680852632,1.0,1.0,0.9949946438820728,1,1,2792,-0.005196112345440323,0.004924923943369168,-0.0005828388322766109
16,0.8500000000000001,-57.728972488656154,-28.644363976022294,-0.7124483887648072,-57.70169947458493,-28.62779116127961,-0.7058345324334527,0.0025677961991417086,0.044102196100344916,0.00014998149890246083,0.0029876860026370445,-0.00010031281556944603,-0.001617094656342336,0.03191356271281331,0.006613856331354473,0.21603238715407147,0.8544603134037393,1,1,14.728403327442603,12,1,7.529993892678284,-0.41428098161651183,6,0,6,0.06400300026143668,0.16284200000882265,0.9272249999412452,0.08940789651508964,0.00948123557208706,2.253329353103997,1.0,1.0,1.0086636027098068,1,1,2853,-0.005484147963705818,0.006705343075363381,0.0011881715358343925
17,0.9,-57.42038214817476,-28.904538970547737,-0.7283403365166641,-57.380697786323935,-28.914981204192205,-0.7258287505928731,0.002570799683772874,0.042571568127060165,0.0001525601510641446,0.002551870870768594,-8.295513877127619e-05,-0.0015757851790030885,0.04103521437732262,0.002511585923790971,0.2124673335146677,0.714305096674561,1,1,10.509214935521884,12,1,8.418713792246987,-0.2339148624420735,6,0,6,0.07011400020928704,0.1651019997552794,0.9689839998827665,0.08742552771304953,0.00923310210119768,2.167828005524584,1.0,1.0,1.0012805087422336,1,1,2838,-0.004281514064874458,0.008037835520709597,0.0008247202579010349
18,0.9500000000000001,-57.10768839611253,-29.174985478496502,-0.7473674906618171,-57.0475827330273,-29.194298034045595,-0.7540463310818697,0.002559367057178886,0.04115717596969271,0.00015770411242443418,0.002112012923439055,-6.53106484732682e-05,-0.0015408283206385987,0.06313212761147928,-0.006678840420052623,0.20908501387443243,2.1322131142861367,1,1,17.94508750316843,12,1,8.401036836062833,-0.6122066163489422,6,0,6,0.06420899990189355,0.16396799992435263,1.0406589999547577,0.0863175525429353,0.009116526487524751,2.1659535375646657,1.0,1.0,1.0272880587346094,1,1,2808,-0.0030280446814552704,0.010242428924211781,0.003961539270965542
19,1.0,-56.79541190943799,-29.453779131696237,-0.7682420796551579,-56.742153105626805,-29.480456196295346,-0.7743031588358984,0.0025297092139828373,0.03983721261555054,0.0001552958636540427,0.0016890018763219738,-4.793588389447358e-05,-0.0015088489153686378,0.059566483520710624,-0.006061079180740503,0.2058322662498117,1.7838443259804377,1,1,3.7261434883475157,12,0,8.264205779536008,-0.3996667443984477,6,0,6,0.06332100019790232,0.16427899981863447,0.9457870000915136,0.08517976391786626,0.008988455733862945,2.1468480769854543,1.0,1.0,0.9914492536659936,1,1,2831,-0.0009332032034084711,0.01213574496754026,0.0019100658027828565
20,1.05,-56.48769048583236,-29.73949741529388,-0.7880423494647606,-56.438439346387355,-29.767909652475844,-0.7894114574651145,0.00250560704738275,0.03858363728474859,0.00015609155942035343,0.0012416892896026264,-2.925895470532705e-05,-0.0014787520873228834,0.05685885998079364,-0.0013691080003539469,0.20270482069287682,1.1223022425924987,1,1,12.178363611909766,12,1,8.511415390966476,-0.4403148615775675,6,0,6,0.06360500037771999,0.16846599964992492,0.954770999669563,0.084047824702137,0.008776920998003002,2.0980601801095995,1.0,1.0,0.992564224173604,1,1,2707,5.4137083209684043e-05,0.0125134073751548,-0.00010944625460984625
21,1.1,-56.18722636112266,-30.028199089383715,-0.8095240726076125,-56.165235429506986,-30.05011490715191,-0.8055137836560302,0.0025348342557682205,0.037448323464268705,0.00016608379568581747,0.0008987432050397024,-1.0595777025630429e-05,-0.0014366150819589123,0.031046805661357767,0.004010288951582286,0.19995788986693405,0.29343868201338436,1,1,12.286687544098422,8,1,7.916863860117197,-0.21083881603846244,4,0,4,0.06729200003974256,0.15572399979646434,0.7834180000827473,0.08238178244175055,0.008617644699800756,2.0160319301961347,1.0,1.0,1.0172583932117265,1,1,2798,0.0021861806076543377,0.01389264980299272,0.0030919918882950093
22,1.1500000000000001,-55.89560930743967,-30.31921024565421,-0.8327891149954083,-55.89810915429062,-30.340322148299265,-0.8449557834068147,0.0025620822196708204,0.03639957115882932,0.00017801219039197526,0.0005408393241709021,8.509767388705838e-06,-0.0014031517478798737,0.021259390103491267,-0.012166668411406345,0.19738706487128316,1.372221126476701,1,1,7.525458681449764,8,1,8.047221328201434,-0.6548767165348737,4,0,4,0.06849800001873518,0.16388600033678813,0.73791299973891,0.08069282587305761,0.008801757294938824,1.988040156121377,1.0,1.0,1.0139289993843135,1,1,2778,0.0014769913578458489,0.015156791951596929,0.0017384832269424777
23,1.2000000000000002,-55.61424529112703,-30.611723001286027,-0.8582520642308467,-55.60192853503659,-30.687484815007856,-0.8753553980857531,0.002598305414318796,0.035427935629783094,0.00018693916666388772,0.00012422704780187043,3.153815624623856e-05,-0.0013748917999889753,0.07675646486786927,-0.017103333854906477,0.1950031821383997,3.295191441011416,1,1,3.025799591512955,8,1,8.61217751145717,-0.7396303816650477,4,0,4,0.06769699984943145,0.16859300012583844,0.7577370001854433,0.08053265235520495,0.0092968530808584,2.0425047929917954,1.0,1.0,0.9874413306157637,1,1,2844,0.0028327158920337754,0.016513408081001657,0.0012418449330340309
24,1.25,-55.34356763134241,-30.90651297271133,-0.8854100489210932,-55.35086149157176,-30.974726227985872,-0.8903107275805402,0.0026004006410006563,0.03455809305572284,0.00018515782169028152,-0.0002347844828427554,5.014452834380501e-05,-0.0013546169433950922,0.06860210340940938,-0.004900678659446989,0.1927653851103032,0.5804092284093181,1,1,10.41539051146959,8,1,8.016930175534366,-0.699088584221231,4,0,4,0.06346200007101288,0.15055099993332988,0.760800000080053,0.08008956058836592,0.009161598341540086,1.9840209704084961,1.0,1.0,1.000020629948481,1,1,2764,0.0014655767086883629,0.017530500116547137,0.00035840122264874097
25,1.3,-55.08372487541276,-31.203961988483965,-0.9145179335824687,-55.11601489607422,-31.277012400425555,-0.9302879683849445,0.0027935126039150236,0.034171412048821126,0.00027938100771852784,-0.0008026472948537043,0.0001204300806668297,-0.0013001641518423192,0.07986869298513237,-0.015770034802475852,0.19226264497487844,1.9140187506885131,1,1,0.0,0,0,7.656353443043021,-0.7995448160880909,0,0,0,0.07193600004029577,0.007829999958630651,0.08650400013721082,0.08008107694467473,0.009501145886284638,1.9813285773423428,1.0,1.0,1.000020629948481,1,1,2841,0.002004966523246105,0.018630343527491603,0.0017125208218704557
26,1.35,-54.83407913667325,-31.506273183516956,-0.9449438166673243,-54.89557590584562,-31.585558334507027,-0.9705952537319309,0.003023367934162536,0.03386111260169808,0.0003725393185766216,-0.001334026182526076,0.0002210727438202561,-0.0012284063733389347,0.10033936309423856,-0.025651437064606597,0.1920533273230657,3.5212990968646816,1,1,0.0,0,0,7.5845477561066215,-0.8061457069397233,0,0,0,0.07423899978675763,0.007765000191284344,0.07756900004096678,0.08092187333889334,0.010549815384453723,2.038364522509837,1.0,1.0,1.000020629948481,1,1,2846,3.973074903501281e-05,0.019283710644005886,0.00046086236802533875
27,1.4000000000000001,-54.59406129527129,-31.814475664780957,-0.9775085510026496,-54.675795800304584,-31.91611608991135,-0.997472840823824,0.0033366758680966695,0.03362080699507213,0.0004597167372473552,-0.001849432997076099,0.0003586700054432851,-0.0011370142568934759,0.13042739487440716,-0.019964289821174486,0.19224329081444896,3.266891027299975,1,1,0.0,0,0,7.939299986058729,-0.5375517418378581,0,0,0,0.07420100018862286,0.008299000000988599,0.08685599959790125,0.08319871739223716,0.011025352591555543,2.0822404691094847,1.0,1.0,1.000020629948481,1,1,2831,0.00044572557598376167,0.02033866753916037,0.0018767576261540242
28,1.4500000000000002,-54.363229603669,-32.13115790219891,-1.0119158599171731,-54.47381128270662,-32.24197578109611,-1.034343352553316,0.003727645055337102,0.03345692929168822,0.0005511875312323339,-0.00228667745123979,0.0005234332504291664,-0.001035012335652106,0.15655321785915,-0.022427492636142965,0.192833021930958,4.532430780282857,1,0,0.0,0,0,7.668088050809996,-0.737410234589848,0,0,0,0.07172999994509155,0.00777100012783194,0.07393499981844798,0.08676676110402953,0.011606519599883064,2.1667297901844287,1.0,0.9655172413793104,1.000020629948481,0,0,2839,-0.001679004015048783,0.021065140330175654,0.0004725692488141142
29,1.5,-54.14152172404334,-32.45732476572102,-1.048544112022769,-54.283435116180435,-32.574278097079805,-1.0667392482182478,0.004232505036969606,0.03336907873083854,0.0006382981207039602,-0.0026582793633886884,0.0007211124402303175,-0.0009218656248782855,0.1838953305110653,-0.018195136195478856,0.193911278083066,6.114993197059743,1,0,0.0,0,0,7.659784381329044,-0.6479179132986368,0,0,0,0.06930000017746352,0.007988999641383998,0.07735799999863957,0.09167754118390575,0.011885131608615934,2.298338570413606,1.0,0.9333333333333333,1.000020629948481,0,0,2846,-0.0008946507825873685,0.022243652282017932,0.0009594859315136262
30,1.55,-53.929658764633814,-32.79466796747609,-1.0864693235792329,-54.093322949472174,-32.928314308339786,-1.0892612508952442,0.004918176924292094,0.033362807963478465,0.0007232640264799742,-0.0029752364789928814,0.0009621639090694863,-0.0007924973174450707,0.21129910038866934,-0.0027919273160113,0.19565527053409668,8.596546921854427,1,0,0.0,0,0,8.037191074881582,-0.4504400535399244,0,0,0,0.0719600002412335,0.008085999979812186,0.08834199979901314,0.09784623495663557,0.011702612692515177,2.5015065817504065,1.0,0.9032258064516129,1.000020629948481,0,0,2788,-0.0023236559428074857,0.0228881528115562,0.0004068156404204437
31,1.6,-53.72888120446513,-33.14420679348639,-1.1220647352350688,-53.9218201954329,-33.26922474633879,-1.1201258182243405,0.005736677302126814,0.03341288934808741,0.0008084614040584703,-0.0031878048738552146,0.0012232920850628643,-0.0006612244580245572,0.22990202863625658,0.001938917010728236,0.1978624942989808,11.604306150188888,0,0,0.0,0,0,7.632684535185869,-0.6172913465819279,0,0,0,0.0691010000082315,0.007797999842296122,0.07480000022042077,0.10452951128179204,0.011523406692922926,2.785969068264109,0.96875,0.875,1.000020629948481,0,0,2890,-0.0016337237010582255,0.02210262841897232,-0.001176912186078738
32,1.6500000000000001,-53.539555065088344,-33.50471716177077,-1.1548233476977519,-53.74664772239667,-33.64813913334826,-1.1553945079097847,0.006862853653758536,0.0335779852563392,0.0009117300364290372,-0.003340300225247777,0.0015492478957964749,-0.0005106743712782085,0.25190718656322475,-0.0005711602120328507,0.20109907734770374,12.235742105618314,0,0,0.0,0,0,8.349360993268458,-0.7053737937088814,0,0,0,0.07182799981819699,0.007679000191274099,0.07765300006212783,0.11188503704278112,0.011347902064717483,3.0723258269718126,0.9393939393939394,0.8484848484848485,1.000020629948481,0,0,2839,-0.0015792495989814075,0.020848193131631276,-0.0010052750794127263
33,1.7000000000000002,-53.361370550576765,-33.871764633102806,-1.1884590722654527,-53.58711199691603,-34.03548219541009,-1.2048007456291339,0.008270974439459287,0.03383196262938057,0.0010304391035985338,-0.0033946631969633163,0.001925468742504563,-0.0003559410105015713,0.2788595359731882,-0.016341673363680975,0.20519000236083593,10.913984827973358,0,0,0.0,0,0,8.379069071925793,-0.9881247543869827,0,0,0,0.07256999970195466,0.00800299994807574,0.07411600017803721,0.12015495764260985,0.011525701931219885,3.3029628564130347,0.9117647058823529,0.8235294117647058,1.000020629948481,0,0,2850,0.000585669827287973,0.02152803792446411,0.0015348007447228973
34,1.75,-53.19530433117435,-34.24366523778754,-1.2233793725849533,-53.43605283992803,-34.45997449899161,-1.2530232455380865,0.010156819205024441,0.03421863056788725,0.0011619327543951792,-0.00335400043671968,0.002390871057330952,-0.00019057640398916889,0.3236503374782335,-0.029643872953132977,0.21065481189118773,10.131210695913799,0,0,0.0,0,0,9.01225676288669,-0.9644499981790549,0,0,0,0.07271600043168291,0.007525999990320997,0.0784019998718577,0.13045139343471793,0.012415866086711753,3.498055651827342,0.8857142857142857,0.8,1.000020629948481,0,0,2874,-8.16872492868468e-05,0.022426721843433525,3.812782495415945e-05
35,1.8,-53.04237426729427,-34.6185926417552,-1.2596108802671542,-53.31357985840039,-34.86355229931256,-1.2992984531459664,0.012319804910376956,0.03461504626949092,0.0012784856055461445,-0.003208308233462206,0.0028833754426571614,-4.131514575879116e-05,0.3654554781062081,-0.039687572878812194,0.2166445272326718,10.489972770459424,0,0,0.0,0,0,8.435790826561822,-0.925504152157597,0,0,0,0.07298099990293849,0.007964999895193614,0.07587300024169963,0.14231933168786723,0.013914904094892077,3.6922755717893443,0.8611111111111112,0.7777777777777778,1.000020629948481,0,0,2887,0.0013247609934527475,0.023468190866929348,-0.0009678173297609227
36,1.85,-52.90354708112584,-34.99664394714196,-1.295885131684851,-53.207651456064205,-35.275486964913696,-1.3389035756460785,0.014946106907938647,0.035061106775733764,0.001389474074782013,-0.0029761165099843117,0.0034329267856099883,9.984030800349614e-05,0.41259289792324294,-0.04301844396122778,0.2236229274552867,11.575689703588708,0,0,0.0,0,0,8.507282634678115,-0.792102450002244,0,0,0,0.07202599999800441,0.007683000148972496,0.07633399991391343,0.15591104685058024,0.015440444027860193,3.9053408185947323,0.8378378378378378,0.7567567567567568,1.000020629948481,0,0,2846,0.00023049682626376158,0.023700261943384343,-0.00045059628921784167
37,1.9000000000000001,-52.779682111904485,-35.378252090287894,-1.3292528090888354,-53.121018198264196,-35.66931141211361,-1.3696278039242102,0.017888512983554556,0.035488652218449906,0.0014826598334059398,-0.0026791226570191205,0.003998505729961659,0.0002241575032417043,0.44858204675734403,-0.04037499483537488,0.2310349869651877,13.241009568442761,0,0,0.0,0,0,8.065130087359108,-0.6144845655626324,0,0,0,0.07058399978632224,0.00851600043461076,0.07998099999895203,0.17018807477894546,0.01658408458965802,4.151016312011786,0.8157894736842105,0.7368421052631579,1.000020629948481,0,0,2917,0.0005669424712061149,0.022307964877268074,-0.0021333504453280305
38,1.9500000000000002,-52.669088714263445,-35.76188168095708,-1.3633801531937648,-53.04524285056213,-36.082626147158734,-1.4093207147452271,0.02146664297795196,0.035974642765846776,0.0015915967038733793,-0.0023175120561943338,0.004633850798281136,0.0003404849965334375,0.49433687587878244,-0.04594056155146209,0.23966911720911965,13.597075215361691,0,0,0.0,0,0,8.404621539327799,-0.7938582164203387,0,0,0,0.07186099992395611,0.007743999958620407,0.07447100006174878,0.18570725633325766,0.01794703456640887,4.393222950559219,0.7948717948717948,0.717948717948718,1.000020629948481,0,0,2974,0.0007135102178693793,0.022422938090510523,0.0024189428356451437
39,2.0,-52.57225826489309,-36.14801795326295,-1.3968872470808147,-52.997717470568126,-36.416786518309124,-1.4497203346182959,0.02474936412106801,0.03630332332234084,0.0016695254128605331,-0.001999564851926638,0.005178732155708347,0.0004178903585651611,0.5032415694779344,-0.05283308753748095,0.24708842029404948,13.151829932758268,0,0,0.0,0,0,6.750920270592666,-0.8079923974613745,0,0,0,0.06841100002930034,0.007731000096100615,0.07717199969192734,0.19989073855414358,0.019591503948223475,4.612188125114195,0.775,0.7,1.000020629948481,0,0,2932,6.876009550333892e-06,0.021899259463026934,-0.00040782700033892283
40,2.0500000000000003,-52.489552391508575,-36.53847811411249,-1.4267328939431692,-52.95566464852108,-36.8178963641297,-1.4829532220751496,0.029180872730462167,0.03675704941778197,0.0017651629118891976,-0.0016291919862061808,0.005867586946180675,0.0004900032874358788,0.543447508578308,-0.05622032813198041,0.2567838042950609,13.452634882860192,0,0,0.0,0,0,8.0665362910155,-0.6646577491370762,0,0,0,0.07104399992385879,0.00842100007503177,0.07511900003009941,0.21490709785057432,0.021249853011484625,4.827808777742146,0.7560975609756098,0.6829268292682927,1.000020629948481,0,0,2986,-0.0009584147318574677,0.01984620046133654,-0.0007732787173653222
41,2.1,-52.419961039961755,-36.93293605487855,-1.4524138894928578,-52.921606514318995,-37.232707932971046,-1.4947967933858815,0.03435888487244564,0.03722757823378745,0.0018456646564719364,-0.001236601077188055,0.006616496176409395,0.0005514593545584263,0.5843897336865187,-0.04238290389302346,0.2675564671358797,16.741200393285357,0,0,0.0,0,0,8.324196515332245,-0.23687142621463783,0,0,0,0.06965600005059969,0.008414000149059575,0.07584499962831615,0.23068731928981115,0.02199032087717287,5.111460959064604,0.7380952380952381,0.6666666666666666,1.000020629948481,0,0,2972,-0.0004437979615636665,0.01737954359040635,-0.00463357027960809
42,2.15,-52.36196343364335,-37.331206863408035,-1.4742930894284039,-52.898029770728876,-37.632236256908044,-1.5289096843134147,0.03994569319655414,0.03766739611110928,0.0019409584674390259,-0.0008670523977160341,0.007372934158408344,0.0005959892432206834,0.6148055086832518,-0.054616594885010805,0.27859125849111527,14.323852083633852,0,0,0.0,0,0,8.004855490546744,-0.6822578185506649,0,0,0,0.07122399983927608,0.007794999874022324,0.07409499994537327,0.24651452447016328,0.023274444190719012,5.325702613124354,0.7209302325581395,0.6511627906976745,1.000020629948481,0,0,3038,-0.0010509397143373368,0.014954104198116602,-0.0013122506872322859
43,2.2,-52.314066829497726,-37.732227278754266,-1.4926519898770285,-52.88175490989642,-38.06402431943836,-1.537335076472385,0.046679200213086455,0.03815705940928334,0.0020240998537197643,-0.0004936430882542696,0.008228967533609254,0.0006282294237911707,0.6575401378117376,-0.04468308659535669,0.2912666469446335,16.698345546462416,0,0,0.0,0,0,8.641918919315968,-0.1685078431794059,0,0,0,0.07330700009333668,0.007481000011466676,0.077236999914021,0.26308673371704555,0.02397426062009221,5.584171770700219,0.7045454545454546,0.6363636363636364,1.000020629948481,0,0,2952,-0.00021668088780687892,0.01273997079543666,-0.00020150472814295384
44,2.25,-52.27479118419373,-38.135415763774716,-1.5080350741235988,-52.86749780416677,-38.463268192154224,-1.5328673767640735,0.05357580101910725,0.0385756616624101,0.0020925591150752695,-0.00012817821290647327,0.009050742604900821,0.0006575854207886791,0.6773391706923508,-0.024832302640474424,0.3035645939195106,21.28905479618219,0,0,0.0,0,0,7.989973728016185,0.08935399416622869,0,0,0,0.07330599964916473,0.008398000318265986,0.07875500023146742,0.279055233413744,0.023993661586507335,5.933169171266484,0.6888888888888889,0.6222222222222222,1.000020629948481,0,0,3048,-0.0006516138484350491,0.010795949079338105,-0.001259112486297287
45,2.3000000000000003,-52.24286970937193,-38.539570259915656,-1.5207949446964408,-52.8566377895461,-38.86104625761202,-1.5541354515862629,0.061110836173319506,0.03899426340699707,0.0021749570329141735,0.00022977127259408484,0.009899506349706277,0.0006806999738800881,0.6928622325798647,-0.03334050688982204,0.31639389940439205,17.857010553978462,0,0,0.0,0,0,7.958675722013423,-0.4253614964437882,0,0,0,0.07072600010360475,0.007446999916282948,0.07576300004075165,0.2943042688176538,0.024235215230528996,6.192383114368918,0.6739130434782609,0.6086956521739131,1.000020629948481,0,0,3103,0.0002748678374620706,0.009096059213515816,-0.0013519602854619173
46,2.35,-52.21717485353588,-38.94422822650098,-1.531268757789559,-52.85019508269911,-39.263434576785926,-1.5554376026300074,0.06943269810271979,0.03940844043300825,0.0022417925033417917,0.0005666482833742437,0.010788130607485033,0.000694924966802157,0.7089480267213536,-0.024168844840448678,0.3299108039087657,19.500873512653392,0,0,0.0,0,0,8.048798438617588,-0.026043020874892908,0,0,0,0.07284499997695093,0.008207000064430758,0.07997500006240443,0.3089755697231361,0.024233804987171724,6.475542484545184,0.6595744680851063,0.5957446808510638,1.000020629948481,0,0,3076,-0.0002134418411404125,0.007560863200739883,0.00014433714110406726
47,2.4000000000000004,-52.19669272502874,-39.34849569704934,-1.5397466648037172,-52.84250883895673,-39.64846743520073,-1.546235221684089,0.07807526931599619,0.03979343347874616,0.0023094162586243983,0.0009163562656339076,0.011664312668320133,0.0007124357839118974,0.7120825069460847,-0.006488556880371643,0.34332011708424887,23.388977056154463,0,0,0.0,0,0,7.702218564112144,0.1840476189183693,0,0,0,0.07229199991343194,0.00826599989522947,0.07844999981898582,0.3225535783313189,0.02399832227891778,6.827905704787045,0.6458333333333334,0.5833333333333334,1.000020629948481,0,0,3104,0.0006182189101418358,0.00620629814574765,-0.0011995674493578967
48,2.45,-52.18045743318948,-39.75232730465703,-1.5466197509449937,-52.83267943026492,-40.03432937140915,-1.5444206463267662,0.08742329541425117,0.04018058764863675,0.0023714197327194516,0.0013052302183019257,0.01256739079550825,0.0007354443266776637,0.7105763147766312,0.0021991046182274765,0.35721685719306123,24.536431846131148,0,0,0.0,0,0,7.719743311019562,0.03629150714645449,0,0,0,0.07385799972325913,0.007935000212455634,0.07879700024204794,0.3349955108456382,0.023754256644049183,7.189304197467537,0.6326530612244898,0.5714285714285714,1.000020629948481,0,0,3144,-3.2996265086653915e-05,0.005079469479425447,-0.0006772067862033104
49,2.5,-52.16771764319695,-40.1553117876263,-1.5521506038968704,-52.82288056529319,-40.44770613731551,-1.5497720028640627,0.09822205709101077,0.04062464527016454,0.0024453075368266208,0.0017318906697213314,0.013562952688849952,0.0007590299359672552,0.7174488903189229,0.0023786010328077367,0.37262139278519063,22.75179469359696,0,0,0.0,0,0,8.269867625726858,-0.10702713074593104,0,0,0,0.07264199985002051,0.008350999905815115,0.07734200016784598,0.3468028411726072,0.023517920175784957,7.500554007390125,0.62,0.56,1.000020629948481,1,0,3184,0.0006518846762839552,0.004109168191602886,-0.0014511228881999294
50,2.5500000000000003,-52.15778914294699,-40.55783240337136,-1.5566160592546607,-52.81740305728581,-40.872238719434044,-1.5660171938608616,0.1101826219996808,0.04109052636402713,0.002532866580179455,0.002128238516062333,0.014619651894190322,0.000772613608304418,0.730713245787628,-0.009401134606200845,0.38893848917754065,17.539468681837654,0,0,0.0,0,0,8.491451717865775,-0.3249038199359796,0,0,0,0.07315199991353438,0.007517000085499603,0.08688800016898313,0.3583062656399487,0.023323391356004898,7.697395471594978,0.6078431372549019,0.5490196078431373,1.000020629948481,1,0,3151,-0.00014071531715127648,0.0033208906526137677,-0.0005922099397186464
51,2.6,-52.15013363136337,-40.95981318210318,-1.5602038698752154,-52.81646076339223,-41.30114793022832,-1.571181558391101,0.12319322203972036,0.04155411015818436,0.002611949122633047,0.002473408888827611,0.015722981347648254,0.0007750229749020437,0.748666318966906,-0.010977688515885653,0.4058907885107824,16.253403698082753,0,0,0.0,0,0,8.578214450399669,-0.10328729060479094,0,0,0,0.0722699996913434,0.00769200005379389,0.08790400033831247,0.3697206231372178,0.02314815138273023,7.8619340913351285,0.5961538461538461,0.5384615384615384,1.000020629948481,1,0,3209,0.00045648334391484516,0.002675972110167398,0.001050289794913617
52,2.6500000000000004,-52.14430068091107,-41.36183028270957,-1.5631015222992761,-52.81575157889599,-41.69264673044483,-1.566788178754781,0.13590713802972523,0.041940110961961784,0.0026777462152377672,0.002788014324291413,0.016758436019708136,0.0007769080907990715,0.7485224315255548,-0.003686656455505144,0.4217193960344805,16.902886304034002,0,0,0.0,0,0,7.829995148116394,0.08786759272639835,0,0,0,0.07037400018816697,0.0079869996625348,0.07389199981844286,0.38037567000273353,0.02293432414961778,8.032518095348314,0.5849056603773585,0.5283018867924528,1.000020629948481,1,0,3244,-0.00036964140516359786,0.0021568619340486305,-0.0011976486063831615
53,2.7,-52.13993721229856,-41.76386300068859,-1.5654344514141856,-52.81321058086307,-42.11576019718307,-1.5627936659827033,0.15057138060706463,0.04239333085703612,0.0027537791132492715,0.0031595213955718554,0.017907511711103007,0.000783819547193403,0.7596898483716089,0.002640785431482051,0.4392774880005812,17.624664534712466,0,0,0.0,0,0,8.462427558581231,0.07989025544155365,0,0,0,0.07218099972305936,0.007809000180714065,0.0746690002415562,0.3907606099886615,0.02272381872832566,8.21015043681802,0.5740740740740741,0.5185185185185185,1.000020629948481,1,0,3214,0.0002490737044787985,0.0017387880228619582,-5.357783576975805e-05
54,2.75,-52.13676213667543,-42.16639736358299,-1.5673228989431607,-52.80802418972205,-42.559115283912426,-1.555403949456313,0.1669957562448484,0.0428962268578354,0.002840105243562546,0.0036005071436157046,0.019147549977475913,0.0007983491523153709,0.7777018122701272,0.011918949486847907,0.4581396982391766,19.32337029626184,0,0,0.0,0,0,8.867728597589577,0.14779433052780722,0,0,0,0.08369799979845993,0.007976999768288806,0.07786600008330424,0.4011412864229583,0.02257357505304556,8.412208979716999,0.5636363636363636,0.509090909090909,1.000020629948481,1,0,3293,-0.0005177333577853496,0.0013967938465005818,-0.0004906335792411731
55,2.8000000000000003,-52.13454571902961,-42.56923129424112,-1.568847292351122,-52.80271107732517,-42.98761623345594,-1.5613913722087116,0.18393045190213264,0.04336639260369291,0.00291978323802104,0.004045117754369118,0.020381609030513052,0.0008136335844895784,0.7883469435394681,0.007455920142410477,0.47675658831926543,17.14545451321749,0,0,0.0,0,0,8.570690556556396,-0.1197484550479731,0,0,0,0.07091300039974158,0.008128999979817308,0.07666199962841347,0.41126501590924675,0.02239329329298708,8.568159792815221,0.5535714285714286,0.5,1.000020629948481,1,0,3312,0.00016609728869950571,0.0011242349375114268,7.216692123757085e-05
56,2.85,-52.13310331027279,-42.97266376433144,-1.5700857954160634,-52.798446378186064,-43.393687925987024,-1.5591973925080134,0.2009675762652094,0.04378651274113095,0.002988542185924676,0.004463181165019763,0.02158121082936323,0.000826237304518197,0.7873644281513076,0.010888402908050043,0.4947262768504826,16.936020013419114,0,0,0.0,0,0,8.121883360033152,0.04387959401396664,0,0,0,0.07150500005081994,0.007413999810523819,0.07201800008260761,0.42077042722040253,0.0222427966065616,8.714964358088974,0.543859649122807,0.49122807017543857,1.000020629948481,1,0,3286,-0.0005060688378242366,0.0009059300350209812,0.001183931771684854
57,2.9000000000000004,-52.13227444036808,-43.37629277748329,-1.5710908724114594,-52.79379385528361,-43.79668334583256,-1.5593065807238191,0.2188499258163017,0.04420032323499052,0.0030546010081151107,0.004897504489415584,0.022798890346494117,0.0008402949933461207,0.7837959978637353,0.01178429168764028,0.5128842452749862,16.086849338770286,0,0,0.0,0,0,8.060445509950762,-0.0021837643161127032,0,0,0,0.0735100002202671,0.00794100014900323,0.07638899978701374,0.4296361342279568,0.022104440020825927,8.842065823273135,0.5344827586206896,0.4827586206896552,1.000020629948481,1,0,3292,0.00024861658370392504,0.0007449179260329525,0.001576522173083461
58,2.95,-52.13196071872302,-43.780277644963846,-1.5719087291822227,-52.78786791995519,-44.20962211277533,-1.553586764127492,0.2382031268711407,0.04463905133089687,0.0031286287625063437,0.005380971109570402,0.024075537775996938,0.0008586302739473717,0.7839329873583204,0.018321965054730605,0.531829087397481,16.72484198742533,0,0,0.0,0,0,8.259636964046011,0.11439633192654086,0,0,0,0.07157599975471385,0.00777100012783194,0.07553100022050785,0.4380350768219915,0.02204573750424394,8.975672198936731,0.5254237288135594,0.4745762711864407,1.000020629948481,1,0,3351,-0.00037733524766443813,0.0005979143954390217,0.00033875096513868996
59,3.0,-52.13206024941219,-44.18412571256034,-1.5725715899775434,-52.78155831548134,-44.6110007537406,-1.5565688164426688,0.25803681087542646,0.045053971459810355,0.003196503052533301,0.005879128898686268,0.025344924288344815,0.0008785780438688989,0.777219427581564,0.01600277353487467,0.5505368128792449,15.082678801468964,0,0,0.0,0,0,8.028567592005539,-0.05964104630353508,0,0,0,0.0708679999661399,0.008337000053870725,0.07580000010420918,0.44580786260582866,0.021958653095102823,9.077455642312268,0.5166666666666667,0.4666666666666667,1.000020629948481,1,0,3360,0.0003694094685088297,0.0004835582921337654,-0.0005062756216394071
60,3.0500000000000003,-52.13248485578545,-44.588023588243985,-1.573115540630192,-52.77737549412415,-44.99841004217871,-1.5634308657936586,0.2781568176717896,0.04543925534988175,0.0032629795521795144,0.006326635468613098,0.026596156227134755,0.0008920727478745164,0.7643958248119997,0.009684674836533347,0.5688550544925055,12.547594457938185,0,0,0.0,0,0,7.748652573615148,-0.13724098701979953,0,0,0,0.06844900008218247,0.007558000106655527,0.07621699978699326,0.45284130319537214,0.02181319335757549,9.134343163879906,0.5081967213114754,0.45901639344262296,1.000020629948481,1,0,3373,-0.0002769447913895458,0.0004022692237357074,-0.0009063761829777306
61,3.1,-52.13319047950726,-44.991551465623914,-1.5735613537966713,-52.774426611406724,-45.425123394057366,-1.564340632390843,0.3014522432631965,0.04590014411015985,0.00333759525629852,0.006786704119131921,0.02800443294424205,0.0009018024944859507,0.7740596837317426,0.009220721405828414,0.5893660894328383,12.121598222340591,0,0,0.0,0,0,8.534471117539443,-0.018195331943687245,0,0,0,0.07211899992398685,0.008117000106722116,0.07448799988196697,0.4598062072964868,0.02166823205159788,9.182524697080886,0.5,0.45161290322580644,1.000020629948481,1,0,3400,0.0004376892136832392,0.00032019390985193324,-0.00021840410077800243
62,3.1500000000000004,-52.13410949774788,-45.394999159834924,-1.5739275384465572,-52.77377363502573,-45.844714431698876,-1.574139581726765,0.3255441844558483,0.04634558597362167,0.0034174818399127947,0.007183601399785333,0.029421617890912036,0.0009039805758576061,0.7819296862679409,-0.000212043280207741,0.6098276563337136,10.120644916328365,0,0,0.0,0,0,8.391864488783414,-0.1959789867184356,0,0,0,0.07209199975477532,0.007462000212399289,0.07616900029461249,0.46665922488805583,0.021495590665370795,9.197415494211798,0.49206349206349204,0.4444444444444444,1.000020629948481,1,0,3328,-0.00025429445019791753,0.0002703959748390224,-0.0010891231930716394
63,3.2,-52.13531920558862,-45.798071150404596,-1.5738419178175111,-52.77631047574492,-46.20830032592138,-1.581407406143741,0.3473925038512741,0.046674156035316175,0.003476779678227927,0.007436794205953681,0.0306749459193427,0.000895222696400499,0.761024168382164,-0.007565488326229719,0.6277472898281523,7.963090471152042,1,0,0.0,0,0,7.271910889423748,-0.14535648833952522,0,0,0,0.07446100016750279,0.008198000159609364,0.08050899987210869,0.47267060762108015,0.02134795180125763,9.178129165726489,0.5,0.4375,1.000020629948481,1,0,3445,0.00043503708436159224,3.514402418289869e-05,-0.0011599888555666737
64,3.25,-52.13662397313005,-46.20113058012927,-1.5734676105263006,-52.778795107251455,-46.63478858506075,-1.5718366978413545,0.3741936630219968,0.04712855042597926,0.0035589323523294073,0.007741353205560654,0.03217527036999916,0.0008865100647481225,0.7748825915839878,0.0016309126849458622,0.6490933780651101,9.237592408864868,1,0,0.0,0,0,8.529942486362149,0.19141416604773126,0,0,0,0.07343000015680445,0.007854000159568386,0.07983799969224492,0.47876705822204324,0.02118406615546779,9.179043984851695,0.5076923076923077,0.4307692307692308,1.000020629948481,1,0,3386,-0.00029996444143796003,-0.00015264364087239852,-0.0005315963238468058
65,3.3000000000000003,-52.137828211745415,-46.60394597077656,-1.5730640084630991,-52.780440129355966,-47.043929828594536,-1.5777972533014597,0.40112093498395995,0.04754657710762806,0.0036318585412231,0.008050413811266954,0.03364629487450061,0.0008805807392750716,0.7788041292876542,-0.004733244838360573,0.6698264790911062,8.097681520371852,1,0,0.0,0,0,8.182903124820328,-0.11921110920210612,0,0,0,0.08497199996782001,0.007998999990377342,0.0776169999880949,0.4847007685832665,0.021031039987055425,9.162659705086849,0.5151515151515151,0.42424242424242425,1.000020629948481,1,0,3374,0.0003553422325480236,-0.00020949031606489358,-0.00011343693778664843
66,3.35,-52.13888440899837,-47.006929518640526,-1.5726928969651965,-52.783724837683735,-47.444633192194615,-1.580189746107737,0.42867116774916947,0.04794319877414751,0.0036990198965850324,0.008291242154203687,0.03511504865460402,0.0008685354750271054,0.7793610744127961,-0.0074968491425404515,0.6903726287471983,7.44357333963139,1,0,0.0,0,0,8.014338438157314,-0.047849856125543835,0,0,0,0.07515500010413234,0.008842999704938848,0.07914500019978732,0.49040194903884676,0.02089358581175994,9.13700169963229,0.5223880597014925,0.417910447761194,1.000020629948481,1,0,3427,-0.00037005333008327735,-0.00021713307973514402,0.0003613965228810301
67,3.4000000000000004,-52.1397916380834,-47.40983325555571,-1.572371453421624,-52.791481729863875,-47.840204878996474,-1.6006165237613192,0.4570343320917197,0.04832926141207749,0.003779843956008152,0.008358833943164183,0.03659426098215948,0.0008394746811312421,0.7809735654859771,-0.028245070339695033,0.710889297643309,5.324411214658067,1,0,0.0,0,0,7.913092236486762,-0.4085355530716463,0,0,0,0.07294199986063177,0.008146999789460097,0.0880210000104853,0.4959100741032408,0.021020330907526634,9.080934192500317,0.5294117647058824,0.4117647058823529,1.000020629948481,1,0,3330,0.00030502667115185384,-0.00020784826295646054,0.000541756885860778
68,3.45,-52.14056060448523,-47.81301188292688,-1.5721002104645994,-52.80327865002033,-48.22629466707873,-1.602066846939646,0.4858577684384117,0.048683206410847994,0.0038416514544646094,0.008245363875873104,0.03806555166798534,0.0007945167105980695,0.7810236024309198,-0.029966636475046826,0.7311230914485328,4.859520555993727,1,0,0.0,0,0,7.725400130481573,-0.029006463566533833,0,0,0,0.0729650000721449,0.007731000096100615,0.0772409998717194,0.5012017496550959,0.021176994792010566,9.01975428472486,0.5362318840579711,0.4057971014492754,1.000020629948481,1,0,3434,-0.0004036412422098391,-0.00018858809580544702,0.0001862643239300965
69,3.5,-52.14118970872885,-48.216171610033356,-1.5718775701974688,-52.81617126144954,-48.659531855518416,-1.599025812462059,0.5195657648781079,0.04913391532491006,0.003920455050413032,0.008091250871269426,0.03974696852472689,0.0007444884509870463,0.8075694420852012,-0.027148242264590117,0.7541217940114302,5.444873111078436,1,0,0.0,0,0,8.668582944239638,0.06082068955173525,0,0,0,0.07310099999813247,0.008240999704867136,0.07510700015700422,0.5068838804745484,0.02127410214291244,8.968684553672768,0.5428571428571428,0.4,1.000020629948481,1,0,3454,0.0003025357772157773,-0.00014831032044044896,-0.0015093425600558596
70,3.5500000000000003,-52.141721468044146,-48.619598483329256,-1.5716948773466892,-52.82912997176953,-49.091438901617146,-1.6025557856162604,0.554635187000786,0.04958316631698689,0.003999221543904938,0.007889714388406827,0.04145725028642417,0.0006931640461619775,0.8337648537351916,-0.03086090826957122,0.7773148353902509,5.6805214033804585,1,0,0.0,0,0,8.642032597091172,-0.070599463084028,0,0,0,0.07357399999818881,0.008417000117333373,0.0899510000635928,0.512936212316118,0.021438912626908013,8.922372396626397,0.5492957746478874,0.39436619718309857,1.000020629948481,1,0,3436,-0.00038483687837785943,-0.0001324080775932616,0.000526231531824628
71,3.6,-52.14216492833728,-49.02294914289881,-1.5715456071675904,-52.8482279682173,-49.488885067545354,-1.635066567036123,0.5882255750077154,0.04996607926643151,0.004092074302958712,0.007362508831518464,0.04306517273791771,0.0006158002933131961,0.8459440301585246,-0.06352095986853268,0.7988689844236957,5.168647102751438,1,0,0.0,0,0,7.958445437225461,-0.6502156283972548,0,0,0,0.0727300002836273,0.008271999831777066,0.07686099979764549,0.5190265181813188,0.02256731521130407,8.870237323100357,0.5555555555555556,0.3888888888888889,1.000020629948481,1,0,3480,0.00033444984063500796,-0.00011113333508695602,0.0010531918465854773
72,3.6500000000000004,-52.14253134546881,-49.42647916751784,-1.571446404416985,-52.87412166212117,-49.90131590133113,-1.6319277302996744,0.6244491839188293,0.05036348507365825,0.004164001065114517,0.00648425586696606,0.04476770324900456,0.0005089179085178435,0.8721779148763008,-0.06048132588268951,0.8214698223261081,5.258552862437994,1,0,0.0,0,0,8.264860948555794,0.06277673472897438,0,0,0,0.0729700000192679,0.007782000011502532,0.08738499991522986,0.5254700208936031,0.023503546314017104,8.820762193502242,0.5616438356164384,0.3835616438356164,1.000020629948481,1,0,3436,-0.0003502625939392529,-8.407558183220714e-05,0.0014156005739986988
73,3.7,-52.14283179969011,-49.829837564382856,-1.5713727680128442,-52.90178269813457,-50.33897788948002,-1.635900668604787,0.664438853888776,0.05081913955512176,0.004245450435535,0.005448384829260081,0.04660795113460176,0.0003925990360670845,0.9139093701728305,-0.0645279005919428,0.8457292672267513,5.976477999323935,1,0,0.0,0,0,8.770710387276308,-0.07945876610224992,0,0,0,0.07247200028359657,0.008027999683690723,0.07697999990341486,0.5326108381730831,0.02451978469667317,8.78232592060794,0.5675675675675675,0.3783783783783784,1.000020629948481,1,0,3437,0.00036317500613558144,-5.309084377901509e-05,0.00012214422402401226
74,3.75,-52.143099954163034,-50.23329895888098,-1.5712894110707247,-52.92894259120557,-50.743760522377585,-1.6396860945203497,0.7028713607378958,0.05121211121199224,0.004315392435482125,0.004322154550555848,0.04834059079393959,0.00027633431671481544,0.937080390362195,-0.0683966834496248,0.8683797970645609,6.087269799887178,1,0,0.0,0,0,8.113860640252087,-0.07570851831125504,0,0,0,0.06960599966987502,0.007521000043198001,0.07470600030501373,0.5400002249816752,0.025604263859281343,8.746391838998331,0.5733333333333334,0.37333333333333335,1.000020629948481,1,0,3444,-0.00032875889644541346,-5.239832128075615e-05,-0.0018988482327437772
75,3.8000000000000003,-52.14332995986765,-50.63654674470244,-1.5712143099279845,-52.1001655892216,-51.12681366233193,-1.5595011142389112,0.18030901652043224,0.041379102478912064,0.0006854178757927531,0.014005662897611404,0.004897891361230363,0.00020936097419645735,0.4921634011333886,0.011713195689073252,0.4708376779733588,6.18709025368063,1,0,1.3808947943828476,2,1,7.918183969137429,0.18232548061899614,1,0,1,0.06635500039919862,0.38299999960145215,0.5082179995952174,0.5393983372939299,0.025470719395650144,8.712716818138887,0.5789473684210527,0.3684210526315789,0.9881139671501327,1,0,3518,0.00038257456282370545,-4.63127294153177e-05,0.002011219819998633
76,3.85,-52.143526369944134,-51.03987846539607,-1.5711469319524056,-52.12699026956644,-51.442879630663036,-1.552939630241444,0.138682167472138,0.03556603253185904,0.0004236751421841799,0.017765231332211973,0.0015540170349630515,9.543012532415833e-06,0.40334028043605086,0.01820730171096141,0.4174304732575199,5.541541560380527,1,0,1.322963799877171,2,1,8.130356930890636,0.035533839949718704,1,0,1,0.06335300031423685,0.13497999998435262,0.3888429996550258,0.5378519858521995,0.025389710404844026,8.671532723882285,0.5844155844155844,0.36363636363636365,0.9760164831793346,1,0,3493,-0.00032257165669298765,-4.141204692326584e-05,4.737600138904341e-05
77,3.9000000000000004,-52.143700198924215,-51.442996570334714,-1.571082083979862,-52.26886010787413,-51.82079210839721,-1.5701097973884544,0.12242605930796507,0.031760011282361285,0.00033445583446382903,0.020224616965218187,0.0003135799486858981,-0.00013791827806911383,0.39798802920223675,0.0009722865914074674,0.39266534172285483,4.61918610258119,1,0,1.560543368918222,2,1,7.2943396703264405,-0.04268867927191663,1,0,1,0.06475600002886495,0.12626499983525719,0.4285360000721994,0.5362897333333768,0.0252266710491297,8.619579562070733,0.5897435897435898,0.358974358974359,0.9690255975107552,1,0,3432,0.00036664853417473734,-4.556438267114486e-05,0.00047479647241699396
78,3.95,-52.14387448808559,-51.84623290798748,-1.5708820805819972,-52.26696001042271,-52.146635033741305,-1.5486135604862152,0.11337094365663505,0.029235756133709538,0.0003093531703866073,0.02202155022423813,-0.0003562847486086399,-0.0002598211939340868,0.32464054424304417,0.022268520095781952,0.3776330226428094,4.470761721737587,1,1,2.7868347159637135,2,1,8.21754473001529,0.24362353337647177,1,0,1,0.06413500022972585,0.12164700001449091,0.5689019999408629,0.5341349610554115,0.02519139688904616,8.56706288054753,0.5949367088607594,0.3670886075949367,0.9836597961476898,2,0,3485,-0.00034518288801916664,-9.938579690678139e-05,-0.0014394366990497787
79,4.0,-52.14401150740872,-52.249309098855676,-1.5706099055185911,-52.25496447383927,-52.4814119895997,-1.5314758798120192,0.1074331579266079,0.02738067485278373,0.00029474811534873393,0.023361015815394577,-0.0007733523846471852,-0.0003557248721625341,0.25725923239306986,0.03913402570657176,0.36717003251816677,6.708296566403138,1,1,1.5394133800016478,2,1,7.7612761165838515,0.20214019131765812,1,0,1,0.06524599984913948,0.12677099994107266,0.5622210001092753,0.5315648441836974,0.025412935600914142,8.543828301620724,0.6,0.375,0.9765280259427943,2,0,3419,0.0003478982202338153,-0.00015730765699856902,0.0001013591061616026
80,4.05,-52.144050510787466,-52.65255704570823,-1.5703506467864718,-52.31524192519012,-52.87511816599416,-1.5327041816033773,0.10301892157107047,0.026032346075631898,0.0002932539698365285,0.024367506381776736,-0.0010519373242398626,-0.000433940002580085,0.2807845306068531,0.037646465183094335,0.3592370632976257,6.093675246853605,1,1,1.618383179888579,2,1,8.250355251137137,0.1624736022997298,1,0,1,0.06820599992352072,0.1191769997603842,0.752935000036814,0.5291938271057258,0.025599633487267997,8.513579498475453,0.6049382716049383,0.38271604938271603,0.9711300763944555,2,0,3490,-0.00035651276161452954,-0.00016645014730950412,-0.0019639000818938435
81,4.1000000000000005,-52.14396263313013,-53.055679150889866,-1.5701443849600452,-52.306150349860374,-53.29588388702052,-1.540819208983573,0.0994591298404683,0.025005347948246687,0.00029128449015405227,0.02516504283421244,-0.0012456477068166875,-0.0004996531735137126,0.28983300487999747,0.029325175976472106,0.3527952349291512,4.7342765400819955,1,1,0.293971950115892,2,1,8.113262210688145,-0.08759408382282735,1,0,1,0.06220699970072019,0.12263000007806113,0.39778600012141396,0.5269301083971907,0.025648326611921998,8.467490438007239,0.6097560975609756,0.3902439024390244,0.9453755732276895,2,0,3441,0.0003371594410980576,-0.00013336015887252493,0.00020394346185881318
82,4.15,-52.143792056844276,-53.458992018722824,-1.5699647547445192,-52.36673434211328,-53.68809189407763,-1.5429514835246667,0.0964887442881427,0.024178009262988787,0.0002932889790603568,0.025796505726082122,-0.0013898053227985275,-0.0005548861834936974,0.3196717307622842,0.02701327121985253,0.34737120426300666,3.962036015283741,1,1,4.611770205660556,2,1,7.682800369911137,0.3171887897579212,1,0,1,0.06566699994436931,0.12720900031126803,0.593988999753492,0.5249202787957943,0.02566520376042593,8.413207854600932,0.6144578313253012,0.39759036144578314,0.9866031347307982,2,0,3459,-0.0003641550243086759,-0.000128583853396871,-9.806780119969716e-05
83,4.2,-52.143536014565804,-53.862186647401536,-1.5698054977113327,-52.391343001288384,-54.016703416017236,-1.5323016516084431,0.09380330628451575,0.023559447305064353,0.0002924067646480159,0.026295548494664096,-0.0014866026532449296,-0.00060157836748221,0.29203378991473344,0.03750384610288959,0.34258247706148093,5.087127455901198,1,1,5.2981927098920965,2,1,8.000307815898816,0.059287936201374326,1,0,1,0.06455499988078373,0.12748600011036615,0.647487000151159,0.5227583840393629,0.025838062835078786,8.373611659378316,0.6190476190476191,0.40476190476190477,1.0354999941488938,2,0,3432,0.0003384291657922279,-0.00011134895123426874,-4.0606281442201464e-05
84,4.25,-52.14319850381547,-54.26556437183881,-1.5696747365018098,-52.365341713431576,-54.434511981404704,-1.5282764916414742,0.09136791268673569,0.023062101417876596,0.0002943120851330696,0.026671764770602742,-0.0015548627351846625,-0.0006393154659120855,0.2790894128349803,0.04139824486033561,0.33827505687622356,6.225508664997959,1,1,0.4516250492734635,2,1,7.978782853584431,0.1278283605788021,1,0,1,0.0645940003778378,0.14374099964697962,0.4229699998177239,0.5205551613350325,0.02607515741926484,8.34833985944443,0.6235294117647059,0.4117647058823529,1.0123660664485463,2,0,3480,-0.0003548789426828205,-8.854081931524563e-05,-0.00027697935735648826
85,4.3,-52.14278997454257,-54.66879703804463,-1.569617212222264,-52.39380687561555,-54.862844439235126,-1.550367741129942,0.08907399847770933,0.022677085409473587,0.00029593305692616567,0.02694737897738794,-0.001599643795995133,-0.0006711830725331143,0.3172757137460526,0.01924947109232189,0.3342919141815771,2.327694222449457,1,1,6.101484005432358,2,1,8.174642093850089,-0.03850021360355922,1,0,1,0.061979999827599386,0.12456000013116864,0.3977139999733481,0.518649479898348,0.026006085617106323,8.278332352037511,0.627906976744186,0.4186046511627907,1.0689876202337583,2,0,3482,0.00034528012438577225,-5.5330573681670616e-05,0.0011504036605765044
86,4.3500000000000005,-52.14234717333078,-55.07219373148101,-1.569565147422953,-52.43841311737639,-55.23516734336836,-1.5593541306237013,0.08688913946487,0.02238992971998103,0.000298270897208625,0.027172683629507706,-0.0016284711839773141,-0.0007008924696615018,0.33795775090272256,0.010211016799251738,0.3305738483075318,1.4168209973880201,1,1,3.194002313091888,2,1,8.223863694186024,-0.048486183938564596,1,0,1,0.07504199993491056,0.12269900025785319,0.620854999851872,0.5169315054929419,0.0258793582433802,8.199464405432346,0.632183908045977,0.42528735632183906,1.0832582563503037,2,0,3528,-0.00034056738781181067,-4.335129581235809e-05,-0.00020170346593628707
87,4.4,-52.14188284013412,-55.47541878871929,-1.5695010983987365,-52.48324443132358,-55.59013042780414,-1.57641559942591,0.08484539624858572,0.022156141632563835,0.00030334113627011205,0.027360741067748967,-0.0016493011376296821,-0.000728032143041995,0.36012011340791455,-0.006914501027173614,0.3271108953874046,2.066013753190365,1,1,3.473602155301545,2,1,7.975411918036381,-0.2680149264100822,1,0,1,0.06393299963747268,0.12784800037479727,0.3926540002794354,0.515417618355332,0.025742451067611354,8.12976610256596,0.6363636363636364,0.4318181818181818,1.1004567516476846,2,0,3457,0.0003560110739642706,-4.502249679085759e-05,0.0007060634122115772
88,4.45,-52.14139235788227,-55.87877736680221,-1.5694366499003567,-52.46506911833073,-55.949300016517334,-1.5683148624029566,0.08298360579612932,0.021927281767178074,0.0002962133653367597,0.027527567584455046,-0.0016644835533792435,-0.0007513603445476508,0.3312704172986992,0.0011217874974001063,0.32389950225850517,1.4572035799662382,1,1,2.351857019569241,2,1,7.380694225147709,-0.0836398294189358,1,0,1,0.06717299993397319,0.1288119997298054,0.4110300001229916,0.5137153538415027,0.025597698206825188,8.05479348995248,0.6404494382022472,0.43820224719101125,1.102391924933247,2,0,3431,-0.00034518433060266575,-4.495743454217699e-05,0.0019660069124816104
89,4.5,-52.14087043498949,-56.28197191734705,-1.5693728671922493,-52.48308560157488,-56.35805151662153,-1.570610670996686,0.08106700281102867,0.021803737854085917,0.00030140755680461875,0.02760273777179888,-0.001663686298674782,-0.0007702834937030615,0.35057000109369274,-0.0012378038044369433,0.32073468890208084,1.7951197809680808,1,1,1.2926397835105932,2,1,8.170406619056648,0.1414017077654512,1,0,1,0.06688999974358012,0.12824500026908936,0.5767370003013639,0.5121881998989928,0.02545542592643587,7.985241559852654,0.6444444444444445,0.4444444444444444,1.0909901241037983,2,0,3442,0.0003651204450160938,-3.9150166023153324e-05,-0.0004902033495319813
90,4.55,-52.140336402415755,-56.68529628190347,-1.5692572860009397,-52.456448165475834,-56.79397117779039,-1.5624924646593115,0.07921569277806341,0.021709850646189535,0.00030437759047513986,0.027643354021061002,-0.0016585432031999794,-0.0007871951138127512,0.33427066838265107,0.006764821341628036,0.3176878081139611,1.2617867755229575,1,1,1.8027750151225692,2,1,8.123496763838205,0.14312608550494735,1,0,1,0.06372000007104361,0.13562899994212785,0.42839000025196583,0.5105700818333371,0.02532510517133122,7.911357441343537,0.6483516483516484,0.45054945054945056,1.0863656700417856,2,0,3491,-0.0003428882694277697,-6.339208863765679e-05,-7.144305000394979e-05
91,4.6000000000000005,-52.13977616577499,-57.088452889207566,-1.5691110784570945,-52.46396452948032,-57.18790640132669,-1.5658431361140743,0.07746244791566656,0.02161065713603395,0.00030136820440148466,0.02765162809508382,-0.0016525518623763712,-0.0008012598644522949,0.33910042205041535,0.0032679423430201915,0.31475880456581434,1.4222311271368637,1,1,0.5395046696366377,2,1,7.85295210330011,0.05395933366815656,1,0,1,0.06297999971138779,0.12572300011015614,0.3806210002039734,0.509016887761137,0.025189396939811013,7.840823459667377,0.6521739130434783,0.45652173913043476,1.0669224953936078,2,0,3469,0.0003537743651365107,-8.971053939090895e-05,0.00033533351245429444
92,4.65,-52.139149415950634,-57.49175827539806,-1.568974325135119,-52.448345276486926,-57.585511112784495,-1.5570611265190615,0.07570629588042123,0.021565825000681053,0.0003021167504534127,0.027624577293280814,-0.0016398910477185597,-0.0008143969313896631,0.3230970050786372,0.011913198616057663,0.3118847878321453,1.412822195181203,1,1,1.780152094143723,2,1,8.143979187546135,-0.036848586624638024,1,0,1,0.06230400003914838,0.124155999856157,0.38945300002524164,0.5073802135351211,0.02508404161645039,7.77170516650086,0.6559139784946236,0.46236559139784944,1.0628097872931022,2,0,3445,-0.00034891650102731453,-8.049718421932782e-05,-0.0006192443320749419
93,4.7,-52.138461563453404,-57.894907210602305,-1.5688651355304257,-52.42600777399935,-58.02355190119981,-1.5705116480316832,0.07403342526518569,0.021514049769506667,0.0003032923467967955,0.027572907508339548,-0.0016285511065916212,-0.0008255077309084074,0.3150115547376985,-0.0016465125012574688,0.30910754606559243,1.425673157835383,1,1,4.426216302973332,2,1,7.9102750396050965,-0.15341001662268086,1,0,1,0.06518000009236857,0.12844599996242323,0.4206290000183799,0.5057189701959001,0.024950837059741764,7.704194187685269,0.6595744680851063,0.46808510638297873,1.0889529319338649,2,0,3386,0.0003450610189263679,-6.869613541376982e-05,0.0008799123534046771
94,4.75,-52.13771961462266,-58.29822001671008,-1.5688197286338397,-52.4193599818121,-58.463591913847274,-1.5703029089456397,0.07227185697250643,0.021556510360079297,0.0003088572369209992,0.02747775428589912,-0.0016061494636993938,-0.0008372468765274646,0.3266024506848594,-0.0014831803118000586,0.3063141644334877,1.7004408358954808,1,1,0.12298645813286274,2,1,8.682039299315313,-0.02683287313784741,1,0,1,0.0644360002297617,0.13426899977275752,0.6677659998786112,0.5041650396186332,0.024819635945021838,7.640996783982219,0.6631578947368421,0.47368421052631576,1.0661204940923663,2,0,3446,-0.0003537651500913256,-4.608284355665351e-05,4.739803514652863e-05
95,4.800000000000001,-52.13694333351088,-58.70138786718024,-1.5687743217372538,-52.44162667690347,-58.868216612090364,-1.5709877909073349,0.07061318339850847,0.02156628607001091,0.00031242390864119987,0.027372307686968154,-0.0015893575089639123,-0.0008473740847014219,0.34736690957714295,-0.0022134691700808062,0.30361072027930663,1.9066718122235353,1,1,1.7212929905548475,2,1,8.271515783359128,0.19420026743258703,1,0,1,0.06262700026127277,0.12833799974032445,0.41150700008074637,0.5027838185974197,0.024691062115987226,7.5812642321930666,0.6666666666666666,0.4791666666666667,1.061653668031172,2,0,3432,0.00034472922341509106,-2.97740349847319e-05,-0.000999894939398338
96,4.8500000000000005,-52.136154504190294,-59.1047236123964,-1.5687132021902366,-52.443457338976586,-59.28025263000622,-1.5658023768892193,0.0690208210207139,0.021567531101443244,0.0003128729933263457,0.027259174521973996,-0.001573910638468543,-0.0008566639397446757,0.3539003649203527,0.0029108253010172724,0.30097898950285074,1.7421582167987153,1,1,0.6048084379776089,2,1,8.050341029127281,0.21459123488924675,1,0,1,0.06124399988038931,0.12516000015239115,0.40163899984690943,0.5014744858878352,0.024565236847199724,7.521067262962197,0.6701030927835051,0.4845360824742268,1.0454994244345257,2,0,3484,-0.00035187927911645595,-3.9044525560394264e-05,-0.0018891269211689377
97,4.9,-52.13532862844899,-59.507906679824835,-1.5686843068924092,-52.418174285811226,-59.7238252797169,-1.560337281969171,0.06737712657720488,0.02162682966282998,0.0003144720451838944,0.027109731630115458,-0.001550410133004308,-0.0008655843544036774,0.35584056495574706,0.008347024923238244,0.298335308403204,2.1609318617277617,1,1,1.585932717190091,2,1,8.568268387269619,-0.057537791079862476,1,0,1,0.06729599999744096,0.13209799999458482,0.6231390002540138,0.5002025969883938,0.024454123306775898,7.466372003765928,0.673469387755102,0.4897959183673469,1.0402383188962032,2,0,3539,0.0003417204435443325,-1.9831070731692002e-05,0.0013133736232240345
98,4.95,-52.13448847377248,-59.911261346864585,-1.5686767168833025,-52.41420567903725,-60.118095407043086,-1.5513882459174149,0.06588360879401294,0.021611479437504334,0.0003121612411187347,0.026964341543327608,-0.0015376515987372134,-0.0008724310938914464,0.3478822262936976,0.01728847096588737,0.29579568663440187,2.2696605339583473,1,1,0.1571836942498109,2,1,7.795526481998083,0.23636991419713077,1,0,1,0.07266700004038285,0.13148300013199332,0.39320799987763166,0.49889656597574333,0.0243922693510312,7.413879968717366,0.6767676767676768,0.494949494949495,1.020612880696789,2,0,3451,-0.0003451945047904355,-1.3270384637364771e-05,-0.00099033274667093
99,5.0,-52.13363878146486,-60.31445578453702,-1.5686732547738855,-52.39514782442298,-60.548131337577324,-1.5527662141328635,0.06435432729699113,0.021636631482271913,0.00030957571956951473,0.02678506181458086,-0.001517537664546591,-0.0008785869387634072,0.35070107447449267,0.015907040641021997,0.2932421504137204,2.7210178426305474,1,1,1.080019252084331,2,1,8.196751140434158,-0.029041822483033355,1,0,1,0.06023500009177951,0.12470999990910059,0.3951660000893753,0.49763311600348803,0.024322074653940904,7.3669513474564985,0.68,0.5,1.0110008156036965,2,0,3418,0.0003483278386703732,-5.621840746828882e-06,0.0006108574212344564
100,5.050000000000001,-52.13279851318019,-60.717802953440476,-1.5686217226067924,-52.37240272902324,-60.96898467552018,-1.553691231826362,0.06284306099508398,0.0216775571496187,0.0003119305428202819,0.026595955693194236,-0.0014977225182533581,-0.0008854073100881733,0.3471346104275558,0.014930490780430183,0.2907242991989192,3.182380924543399,1,1,0.9178609367549084,2,1,8.245725828792986,-0.15978486896293,1,0,1,0.06272200016610441,0.12889199979326804,0.3882340001837292,0.4963667425301657,0.024246925109152117,7.325519957130626,0.6831683168316832,0.504950495049505,1.0001759068345544,2,0,3483,-0.0003502149447862233,-2.646075418579458e-05,-0.00029725875417785375
101,5.1000000000000005,-52.13193750635816,-61.12098985429897,-1.5685879004609484,-52.358800664840025,-61.34108097842242,-1.543394406864251,0.06141830658127083,0.021678835313676988,0.0003056017059105801,0.02641004116000544,-0.0014819395149902439,-0.0008913131706426571,0.3160806789322784,0.025193493596697536,0.2882657487370774,3.3511331480010544,1,1,2.2128386599049645,2,1,7.833153964843371,0.016146902058005484,1,0,1,0.06051699983800063,0.12488100037444383,0.3874459998769453,0.4949181081763266,0.02425638448838614,7.286555380570532,0.6862745098039216,0.5098039215686274,1.0022190495868222,2,0,3342,0.0003488277113303568,-2.2584784569541292e-05,-0.0004800804401092762
102,5.15,-52.13104739139355,-61.524329262745965,-1.5685805767679506,-52.350413512032276,-61.764581795940906,-1.5573681487679643,0.0599841591027529,0.02170443083233994,0.0003074685462995231,0.026196255867707515,-0.0014632125832184377,-0.000896351315627844,0.3253348653167526,0.011212427999986119,0.2858121584801683,2.8540814524640017,1,1,1.6310279492774018,2,1,8.066259482142819,-0.15087714223503204,1,0,1,0.06238800006030942,0.1261519996660354,0.41035899994312786,0.4935518585817232,0.024163617392059526,7.243521653113188,0.6893203883495146,0.5145631067961165,0.9986963123236501,2,0,3406,-0.00034693823251230697,-2.108823679494703e-06,-0.0008586775926149315
103,5.2,-52.130171498544016,-61.92750095926718,-1.5685299767072391,-52.31384836142725,-62.18800978284117,-1.5530196937132836,0.058568824207913345,0.02174770978514213,0.00030965711514557777,0.02598768549734469,-0.0014442826935184535,-0.0009033312209786519,0.3187507444987873,0.015510282993955293,0.2834017184017335,3.8648668747352777,1,1,3.802037909406265,2,1,8.07711260613394,-0.18420431223735984,1,0,1,0.0656000001981738,0.13287000001582783,0.3898019999724056,0.4921667757848791,0.024095213904334552,7.211034587936477,0.6923076923076923,0.5192307692307693,1.0154059908862332,2,0,3542,0.0003449705288087611,-2.7636547257099986e-05,-6.59918631589207e-05
104,5.25,-52.129281580586024,-62.33083673852003,-1.5684647292605323,-52.297625867541335,-62.65418971415626,-1.5496332358404181,0.05704585838614746,0.021870786127805273,0.0003177595204890159,0.025715500347945244,-0.0014139034377871596,-0.0009090602448863206,0.36455033370345197,0.018831493420114143,0.28092106456076366,6.69390190651046,1,0,0.748770112635919,2,1,8.993520290358846,0.07059470874031354,1,0,1,0.06240599986995221,0.1280219998989196,0.40067999998427695,0.4911078148062668,0.02405051742565419,7.206109514780039,0.6952380952380952,0.5142857142857142,1.0037510648031736,2,0,3391,-0.00034143510905067074,-3.734197048556031e-05,-0.00120610556338141
105,5.300000000000001,-52.1283528926071,-62.73400455754914,-1.5684357008046503,-52.305060553596945,-63.04846163146534,-1.5633371435520538,0.0556336447952255,0.02193578873273559,0.00032054311444221483,0.025470284751803247,-0.001393589704404839,-0.0009156887126561171,0.36070604207365087,0.005098557252596336,0.27851289652000155,5.984522978363541,1,0,1.6732622055789075,2,1,8.372026701130087,-0.2406796024735942,1,0,1,0.06433599992305972,0.13262699985716608,0.5316209999364219,0.4900397736455533,0.02394192483561634,7.1945851134930905,0.6981132075471698,0.5094339622641509,1.0007667797672144,2,0,3443,0.00034659027065084535,-1.7190471615103568e-05,0.001166126287697189
106,5.3500000000000005,-52.12741700127176,-63.13733252344972,-1.5684283771116527,-52.30408256687236,-63.45087380885935,-1.5659045879621991,0.054285494791787174,0.021976246972437063,0.00031381037203370515,0.025240590217186387,-0.0013753988409542141,-0.0009224924312744938,0.35988728752944527,0.0025237891494533926,0.2761552855989257,6.060737809015589,1,0,0.009892205865601954,2,0,8.066304049721047,-0.03663824947201361,1,0,1,0.07212499986053444,0.12570300032166415,0.3978160002588993,0.48898378997377323,0.023831033051466007,7.183988409712926,0.7009345794392523,0.5046728971962616,0.9832962415771369,2,0,3426,-0.00034783138312805565,-1.769379600803546e-05,0.0002864917558409452
107,5.4,-52.12648025785187,-63.54050804579182,-1.5683776438928867,-52.29192329818861,-63.84045964784896,-1.577490323338065,0.0530013650481996,0.022005920259561274,0.00031549157526687146,0.02502845199732285,-0.001362582197555721,-0.0009304212099906922,0.34255271590298364,-0.009112679445178351,0.27387457952092026,6.759371015771423,1,0,0.8164055805974252,2,1,7.744585552238718,-0.3857562568235403,1,0,1,0.060352000218699686,0.12275199969735695,0.38235400006669806,0.48782959491491523,0.023736649563643127,7.180056767176431,0.7037037037037037,0.5,0.9733808372447502,2,0,3380,0.00035206765640742274,-2.818488815788837e-05,-0.00020374457458460782
108,5.45,-52.12551834525294,-63.943843717717066,-1.5683478164886777,-52.29047438247729,-64.28845813004061,-1.5657785227938172,0.05160752659316441,0.022125462054567963,0.00032415373440014984,0.024760242555272198,-0.001336224347969955,-0.0009377694302018765,0.38205966470940483,0.002569293694860697,0.27153819003545776,7.719304348118351,1,0,0.5216126977341684,2,1,8.702354716688145,0.2836085980941999,1,0,1,0.06502299993371707,0.12728899991998333,0.42038599985971814,0.48696365616399206,0.02362879653119368,7.18500399268966,0.7064220183486238,0.4954128440366973,0.9613033035434339,2,0,3410,-0.000344821419402943,-1.9645602144236988e-05,0.0005376243790617963
109,5.5,-52.124530647523514,-64.34701146178611,-1.568342090692334,-52.30172442230887,-64.69788497026876,-1.5751299308530609,0.05027127615142209,0.02220994601297203,0.0003212667674159282,0.024496696648768534,-0.0013132489594298536,-0.000944484719980965,0.39307741321221756,-0.006787840160726866,0.2692233685332574,8.77071045353962,1,0,0.6687879990245024,2,1,8.422514705115729,-0.09645622618328537,1,0,1,0.06241400024009636,0.13031799971940927,0.39979399980438757,0.486191811354132,0.02353004994680701,7.1994195059701145,0.7090909090909091,0.4909090909090909,0.9508548151429141,2,0,3349,0.00033837777518551024,-6.188530696821955e-07,-0.0007757763126772232
110,5.550000000000001,-52.12353070513388,-64.75035467062911,-1.568339693847353,-52.28735669505505,-65.08735310849512,-1.5747175255316859,0.049093072087552404,0.022205034205570493,0.0003089348235504578,0.02428416903490692,-0.0013035098885301431,-0.0009511526371429172,0.37470908995884555,-0.006377831684332591,0.2670170524388338,8.254379979994408,1,0,1.6802670205902843,2,1,7.361752778585968,-0.08723472295840537,1,0,1,0.06593500029339339,0.12769099976139842,0.5496589997164847,0.4853017953861482,0.023431639942128695,7.208923654384748,0.7117117117117117,0.4864864864864865,0.9490397117847539,2,0,3338,-0.00034295915020840924,9.557529986881594e-06,0.0017530968344785514
111,5.6000000000000005,-52.12253273133527,-65.15353002826197,-1.568338628582917,-52.276703700715245,-65.4674427289886,-1.552993289552873,0.04783945660060941,0.0222670547487032,0.00031145856773070655,0.024025213696480988,-0.001284484542734712,-0.0009571245399513275,0.34972828235224246,0.01534533903004398,0.26477634212541085,6.038010726763713,1,0,3.222853737038843,2,1,8.069711443108902,0.20789851575207424,1,0,1,0.06325300000753487,0.12675500011027907,0.3922290002265072,0.4842592768732519,0.023371822496379865,7.198469074673845,0.7142857142857143,0.48214285714285715,0.959723375603055,2,0,3337,0.00034162903458915145,7.30317140439913e-06,-0.00037979386376374435
112,5.65,-52.12152965056504,-65.5568732293993,-1.5683384954248625,-52.28654125572719,-65.87500667705383,-1.5470213115795004,0.04655981097733019,0.022346043355345152,0.000319514752068194,0.0237196675267942,-0.0012609618799926552,-0.0009604501894970251,0.3583820871008312,0.021317183845361853,0.26249924634687116,6.25774464172745,1,0,1.7186525885103956,2,1,8.440015962125235,0.3011938769987971,1,0,1,0.06354700008159853,0.12470799993025139,0.3991600001427287,0.4832891273639624,0.023354432610472643,7.190144079692018,0.7168141592920354,0.4778761061946903,0.958129771137216,2,0,3409,-0.0003453446948674441,1.1756020212476135e-05,-0.0009828011716042084
113,5.7,-52.12053019988144,-65.9600485834032,-1.5683384954248625,-52.29998488418547,-66.2676613551446,-1.5628742841502292,0.04535003057128402,0.022385738464748815,0.000314637264199199,0.02343544298267882,-0.001241325297299788,-0.0009644404524994847,0.3561314378948847,0.005464211274633257,0.26026096333494353,5.3458922550485735,1,0,1.9377425826147858,2,1,8.030848127506651,-0.09507819879424628,1,0,1,0.0617310001871374,0.12479999986680923,0.39149899976109737,0.4823194745645907,0.023257406602532026,7.173966432107427,0.7192982456140351,0.47368421052631576,0.958297607389875,2,0,3355,0.0003414848057817811,8.51162979215819e-06,0.0003441911423580635
114,5.75,-52.11953074919785,-66.3633917840868,-1.5683384954248625,-52.293138841906824,-66.64522623705099,-1.5601358663562859,0.04418044244008398,0.022422900372077174,0.0003089329302209557,0.02316993702250649,-0.0012236253034768755,-0.0009700596280829189,0.33101424249067046,0.008202629068576606,0.25807623449702055,4.253556038438504,1,0,1.0350751105886675,2,1,7.842167773520941,-0.059505506573414566,1,0,1,0.06377800036716508,0.13107599988870788,0.6189529999574006,0.48120886761117737,0.023168696418160897,7.148571559119002,0.7217391304347827,0.46956521739130436,0.951516683511482,2,0,3340,-0.00034363813228002564,8.099091371851759e-06,-0.001992008835077108
115,5.800000000000001,-52.11852748381699,-66.7665671380907,-1.5683384954248625,-52.27517575159532,-67.05786924388092,-1.5605716126199516,0.04306434822526742,0.02243282054254833,0.0003016979893170035,0.022910416656146397,-0.0012088199926439244,-0.0009747494290618292,0.3307500516035654,0.007766882804911113,0.2559241465118439,4.835567583008808,1,0,3.6977258362810437,2,1,7.547470907468988,-0.02208925034035342,1,0,1,0.06903900020915898,0.13453799965645885,0.41728399992280174,0.4801133364527283,0.023079883995022536,7.128631869669777,0.7241379310344828,0.46551724137931033,0.965112838581619,2,0,3322,0.00034435487137424446,1.2326315533037981e-05,0.0002389516914265144
116,5.8500000000000005,-52.1175280331334,-67.1699103387743,-1.5683384954248625,-52.279621045492554,-67.41714717717866,-1.5492033601357995,0.0419258823403163,0.022474339432119413,0.0003049525466450847,0.02262648773133992,-0.0011909340173826993,-0.000979521304783288,0.2956352464099141,0.019135135289062966,0.2537719877615252,3.4452010861404716,1,1,3.3217612219613697,2,1,7.854820469611599,0.207123041180401,1,0,1,0.06344499979604734,0.1271940000151517,0.3974190003646072,0.4788378277327362,0.023049028874082476,7.097149555280637,0.7264957264957265,0.4700854700854701,0.9754974321995155,2,0,3266,-0.0003404434767175374,8.099091371549676e-06,0.0007036238908768588
117,5.9,-52.11652476775254,-67.5730856927782,-1.5683384954248625,-52.29300391077214,-67.80043359961206,-1.5546289633440415,0.0407990262065529,0.022513551052702436,0.0003050362005635108,0.02232831963577394,-0.0011709505803313446,-0.000983184812051782,0.28780541805648835,0.013709532080820708,0.25161990632550385,2.4954756620267595,1,1,2.255417154020607,2,1,7.913418372447643,0.10764286035319219,1,0,1,0.07126500031517935,0.12800599961337866,0.38436899967564386,0.4775400843499762,0.02298582944425313,7.05815231889713,0.7288135593220338,0.4745762711864407,0.9777358313879095,2,0,3324,0.0003472158318964121,1.232631553277923e-05,0.0006699125282465523
118,5.95,-52.11552531706894,-67.97642126406727,-1.5683384954248625,-52.2763468219201,-68.22211416754789,-1.5527287810970358,0.03964264810874093,0.022599678492529085,0.0003079895509509264,0.022015381593433296,-0.001145753050986549,-0.00098832827252081,0.2936469976746335,0.015609714327826651,0.2494841209401312,3.131483792724068,1,1,0.4720803685020269,2,1,8.31457536847501,-0.06014936397122833,1,0,1,0.06787100028304849,0.12527299986686558,0.5800849999104685,0.47629066891566135,0.022933731551037458,7.025155104391474,0.7310924369747899,0.4789915966386555,0.9669866191105632,2,0,3215,-0.0003460701542199078,8.117843116435854e-06,-0.001879834011197179
119,6.0,-52.11452586638535,-68.37958898867664,-1.5683384954248625,-52.30650739294839,-68.57834978371467,-1.5754455898159558,0.038610279021122886,0.02259993468914862,0.0003013493687128898,0.021745188295052228,-0.0011327016820997628,-0.0009932445232174742,0.27633812655083234,-0.007107094391093582,0.24740697991421243,2.7296833230327957,1,1,5.65078576638725,2,1,7.376824808646629,-0.0918362274546722,1,0,1,0.06447000032494543,0.12498499972934951,0.3867719997288077,0.47497233353134083,0.02284718799080005,6.989359506213485,0.7333333333333333,0.48333333333333334,0.9935352800260355,2,0,3217,0.00034048306781494863,8.530381532333521e-06,-0.0015257596969604492
120,6.050000000000001,-52.11352260100449,-68.7829245599657,-1.5683384954248625,-52.32914712344403,-68.97716342805752,-1.5722088256437672,0.037206606447591536,0.02151218397944435,0.0002523215262000228,0.02085912801772928,-0.0010598976239620608,-0.0008925620134036813,0.2902114273333662,-0.003870330218904705,0.24231960388510848,2.501045050275268,1,1,3.9147854164097673,4,1,8.20742987948747,-0.027779052955662412,2,0,2,0.06536000000778586,0.1298280003538821,0.9202039996125677,0.47374077358145095,0.022755302596352275,6.952265998313169,0.7355371900826446,0.48760330578512395,0.9933262810693652,2,0,3218,-0.0003462038315804267,1.1932528862406868e-05,0.00017211639787984012
121,6.1000000000000005,-52.1125231503209,-69.18609991396961,-1.5683384954248625,-52.304738283947614,-69.38470316018119,-1.5548258943386892,0.03582861766479637,0.020643605414023002,0.00023326039736579267,0.020044961917492898,-0.0010041461920368548,-0.0008279608720793791,0.2763872410240979,0.013512601086173248,0.23763885010414304,2.066852362474397,1,1,3.3672032661987465,4,1,8.620362815671099,0.039189754626851266,2,0,2,0.06604200007132022,0.13507900030163,0.5467829996632645,0.4724583310100744,0.022694848432302506,6.912221624248916,0.7377049180327869,0.4918032786885246,0.9912217607288141,2,0,3231,0.0003470157237926737,8.511629788829867e-06,0.000408808793872506
122,6.15,-52.11151988494004,-69.58942785586414,-1.5683384954248625,-52.30701684587138,-69.76733385332953,-1.5458450957869185,0.03460039453653656,0.01981051865223514,0.00021919951610916238,0.019320497700051273,-0.0009681781747550236,-0.0007815425264363709,0.2643285941163873,0.022493399637943945,0.2332614695760354,2.870619299164506,1,1,1.0720635258489026,4,1,7.67015616937381,0.18766145687121472,2,0,2,0.06247100009204587,0.13095000031171367,0.8550839997951698,0.47113708066509435,0.02269321784751993,6.8793630687604255,0.7398373983739838,0.4959349593495935,0.981314830875847,2,0,3169,-0.00035550211663251853,1.1951280606354772e-05,0.0012293095700441903
123,6.2,-52.11052043425644,-69.99261083926258,-1.5683384954248625,-52.27849076881747,-70.13109987840976,-1.5526591225589421,0.033366551256608715,0.01913080645191554,0.00021413809615165893,0.018623749902866558,-0.0009321024524097386,-0.0007466918140095712,0.21769990182921695,0.01567937286592036,0.22912301872252874,1.6046548606108664,1,1,4.601847960081623,4,1,8.195757456105785,0.08961481175625693,2,0,2,0.06392600016624783,0.12923099984618602,0.7160420000218437,0.4696405759083787,0.02264534515568501,6.8368250993398645,0.7419354838709677,0.5,0.9836006032967195,2,0,3234,0.0003528331191015544,8.492878044356184e-06,-0.0005893412511794871
124,6.25,-52.10954031086063,-70.3959465339582,-1.5683025427501465,-52.26455247692771,-70.56804248909415,-1.5336776279787243,0.032127793621016004,0.01858294626197816,0.00021763740103203483,0.017950807315923266,-0.0008956352354079124,-0.000719824139684615,0.2316156069934972,0.034624914771422155,0.22519045246855865,5.827111099683954,1,1,2.4259115346228297,4,1,8.732568853288925,0.17402137306587054,2,0,2,0.06557799997608527,0.13138900021658628,0.7400539998343447,0.4682167646405465,0.02276620833045704,6.828747387342617,0.744,0.504,0.9785723003681727,2,0,3206,-0.0003491926667335019,-1.846020951559375e-05,0.001961468616991535
125,6.300000000000001,-52.108555215322546,-70.79912983466727,-1.5682123947472473,-52.273148701438565,-70.95828035693619,-1.536773269429366,0.031036076183136852,0.017987089789409907,0.00021077595976158267,0.017349947897289057,-0.0008720759855797174,-0.0006971123645812547,0.22895393512733705,0.03143912531788118,0.2214117566267581,4.902567930526471,1,1,4.422263907902994,4,1,7.532542646222219,0.26260558845876225,2,0,2,0.06474600013461895,0.1369369997519243,0.5341720002434158,0.4668008926073632,0.02284800516091359,6.813460248796457,0.746031746031746,0.5079365079365079,0.9802432697972199,2,0,3111,0.0003523316915489712,-3.853170419363134e-05,-0.0026694805537696986
126,6.3500000000000005,-52.10755264740041,-71.20246575924773,-1.5681155888416227,-52.29462513322652,-71.42054840287076,-1.54034482230807,0.029913475694154024,0.017523528465254696,0.00020833384231152378,0.016760375662827197,-0.0008424749877183034,-0.0006790080636781702,0.28732586796661835,0.027770766533552482,0.2178003768578207,4.893762182048368,1,1,6.113423898115688,4,1,8.268030782034856,0.031153693913162417,2,0,2,0.06610799982809112,0.13590700018539792,0.7430629998452787,0.46565797487842875,0.02289090255163893,6.798344515987417,0.7480314960629921,0.5118110236220472,0.9873616166119172,2,0,3097,-0.00034916185724961815,-5.914959643214205e-05,-0.00022996575601474945
127,6.4,-52.1065089130654,-71.6056490266935,-1.5680402213827735,-52.286185954781295,-71.81929070840872,-1.5383377523039456,0.028852478012934755,0.01708600126410386,0.0002078584828440087,0.01621518573564301,-0.0008183482127021428,-0.0006641793651284007,0.27915337627527015,0.029702469078827676,0.21433263698522123,5.340314416795045,1,1,1.4977075529355803,4,1,7.906758899976996,0.22099488128650507,2,0,2,0.06292299985943828,0.12926099998367135,0.8898989999579499,0.4644912371567022,0.02295195405662233,6.786953655837477,0.75,0.515625,0.9795034790686094,2,0,3138,0.0003526273717130482,-5.229030791543806e-05,-0.0008301012285660825
128,6.45,-52.10541933143822,-72.00898471823105,-1.5680089292399653,-52.24484330441639,-72.23085844180929,-1.5339820337667607,0.027781780320622437,0.016733761772063732,0.0002091113860742609,0.015675439053382118,-0.0007903645488160174,-0.0006513531510305071,0.2620438769662283,0.03402689547320481,0.21098706617393914,7.124103693213966,1,1,4.188394832572111,4,1,8.408188729423717,0.10279997470736693,2,0,2,0.06411699996533571,0.12745999993057922,0.7940979999148112,0.4632622526152497,0.02305827309160694,6.7895672220186905,0.751937984496124,0.5193798449612403,0.9803591148796779,2,0,3178,-0.0003486081858457432,-2.8367428158315105e-05,-0.0006613838183731069
129,6.5,-52.104309071680255,-72.41216773306485,-1.5680008065986404,-52.248487684356746,-72.60020869270438,-1.5402885688068542,0.026778634690777674,0.016368823268501802,0.000207276643023216,0.015168032288883932,-0.0007674051224973048,-0.0006394407022850714,0.23695331788239532,0.027712237791786443,0.20771966194676775,4.631523969007676,1,1,4.770133100845564,4,1,7.948909696291057,0.18063249498780728,2,0,2,0.06348399983835407,0.13961800004835823,0.7745490001980215,0.46194475086660713,0.023097652012069838,6.7729668893032215,0.7538461538461538,0.5230769230769231,0.9830112918838243,2,0,3194,0.00035351069518089356,-1.521191132922255e-05,0.0005846604888439799
130,6.550000000000001,-52.10319671908471,-72.81550331933067,-1.5679969450150597,-52.26039891172215,-73.01216654946207,-1.5591969162448318,0.025824178083025194,0.016019230005250636,0.0002005678192617364,0.014697564580367284,-0.0007455759862237442,-0.0006289406298463318,0.25177163354065984,0.008800028770227897,0.2045566134063522,2.469356676361188,1,1,7.4329243808127625,4,1,7.686073562683784,-0.013707234891804362,2,0,2,0.06610199989154353,0.1395180001964036,0.5469930001709145,0.4607036836957007,0.023022166418964065,6.740114902944885,0.7557251908396947,0.5267175572519084,0.9938164746408535,2,0,3211,-0.00034778869019278186,-1.5961819606081234e-05,-0.00013200615644670677
131,6.6000000000000005,-52.102072860275,-73.21867867746974,-1.5679958797506237,-52.24933156068615,-73.42003187162472,-1.5628522421819768,0.024875421106863298,0.01574291437130719,0.00020447095587251444,0.01425194966692285,-0.0007232012781775473,-0.0006216484139987661,0.24945587514266382,0.005143637568647108,0.20153991038543828,2.708529975619402,1,1,2.2335567291378733,4,1,7.944674616041414,-0.26958542401893315,2,0,2,0.06408300032489933,0.1353150000795722,0.551227999949333,0.45946857527668994,0.022939164639452864,6.709572592889389,0.7575757575757576,0.5303030303030303,0.9885063857096781,2,0,3214,0.00034651012415838536,-5.000616440987614e-06,0.0015556620610679417
132,6.65,-52.10095244694164,-73.6220142518612,-1.5679950808022967,-52.23528045841744,-73.86885427824929,-1.5439220613682674,0.023909093102140493,0.015538637639265036,0.00020770368871382946,0.013795492198298573,-0.0006956782075275665,-0.0006144878954382644,0.2810231543740012,0.024073019434029064,0.19861452802200932,5.845638518609583,1,0,3.3359549426420063,4,1,8.566029171097933,0.09103041248369398,2,0,2,0.061953000113135204,0.1286379997509357,0.9038090001922683,0.4583861447448711,0.02294789889634323,6.703076847969992,0.7593984962406015,0.5263157894736842,0.9866447272753507,2,0,3159,-0.00034735156450098174,-9.270623602514697e-06,-0.0004297771824206542
133,6.7,-52.09983092594555,-74.02518960586511,-1.5679950808022967,-52.20469985371899,-74.25902996942092,-1.5373832986577873,0.023045120280844465,0.015244210744543912,0.00020068918704885263,0.01337541279005575,-0.0006777349893469881,-0.0006058991414341086,0.2562787693904184,0.030611782144509547,0.1956765980524712,7.403430869897181,1,0,2.8324269123858112,4,1,7.473740937558372,0.12048823731137108,2,0,2,0.06265399997573695,0.12625800036403234,0.9041469998010143,0.4572088738590443,0.023014545641559678,6.708303370521688,0.7611940298507462,0.5223880597014925,0.9833287987136972,2,0,3231,0.00034664030626715405,-7.8752718475952e-06,5.5468495702371e-05
134,6.75,-52.09870559025219,-74.42852517715417,-1.5679950808022967,-52.1981753587829,-74.60852888627944,-1.5448495734002041,0.02221364951602848,0.014959904786772515,0.00019870083514555954,0.01296574087546382,-0.0006608387104383093,-0.0005972887368166681,0.20565886839718112,0.023145507402092313,0.19280444575476208,4.0685847499993395,1,1,6.978044973073617,4,1,7.340629813504765,0.2592724127523413,2,0,2,0.06767199965906912,0.13860700028089923,0.5637790000037057,0.45585612944096693,0.023015518468201438,6.688749899258559,0.762962962962963,0.5259259259259259,0.9922838862966937,2,0,3198,-0.0003474853209499957,-4.509396988892782e-06,0.0011755050159991676
135,6.800000000000001,-52.09758463011118,-74.83170066173473,-1.5679616581306162,-52.229158608426516,-75.01221207976091,-1.5675172711272958,0.02133816823799649,0.014792094973578267,0.0002035861992031871,0.012543196744013217,-0.0006349151706255689,-0.0005906277974304134,0.22337431322233348,0.00044438700332039005,0.19007962334657222,2.482474880520309,1,1,8.494627504002302,4,1,8.387608622865484,-0.12899350605009574,2,0,2,0.06315599966910668,0.13095000031171367,0.6448730000556679,0.45458081478263956,0.02293077813487307,6.657821406473719,0.7647058823529411,0.5294117647058824,1.0054393861769715,3,1,3170,0.0003464202217373074,-1.517411747106014e-05,0.0005161597118275019
136,6.8500000000000005,-52.096453207538715,-75.23503631337807,-1.5679412849482772,-52.231885511437035,-75.37964090486743,-1.573311108689595,0.020516495583449822,0.014604009018104484,0.00020030526939431438,0.012158421351499938,-0.0006126379082044152,-0.0005851783224942676,0.19812217649473243,-0.005369823741317781,0.18740465469553924,2.187729016101322,1,1,5.910259263382372,4,1,7.950533113880294,0.04258356134976342,2,0,2,0.06734500038874103,0.1407390000167652,0.5570019998231146,0.45323490897474245,0.0228515416090098,6.625192994865161,0.7664233576642335,0.5328467153284672,1.0108661152536222,3,1,3164,-0.00034784016074803736,-1.601200650673107e-05,-0.0020363499056870182
137,6.9,-52.09531052197456,-75.63821931259973,-1.567937290206642,-52.23401377529867,-75.79995922563658,-1.5891187784197598,0.01970599947663645,0.014463603556959612,0.00020780590858040363,0.011785583392628102,-0.0005903799085341657,-0.000581474093660624,0.2130689840212818,-0.021181488213117827,0.18485021783486236,6.023568675185022,1,1,0.4555516859373885,4,0,8.199392405471503,-0.3758784223134973,2,0,2,0.06358000018735765,0.13923999995313352,0.8128370000122231,0.4519538606988314,0.02283987901443254,6.620833398345741,0.7681159420289855,0.5362318840579711,1.000673181233517,3,1,3128,0.0003535134556409581,-9.227172996731903e-06,-0.0002503966715465822
138,6.95,-52.09416377498101,-76.04155488811206,-1.567936224942206,-52.2307329664641,-76.19717394692958,-1.584401651404607,0.01891385607368372,0.014342141767655591,0.00020802480935095625,0.011424299393788851,-0.0005668980096179305,-0.000578446337852576,0.2070469404014369,-0.016465426462401123,0.18236227088227244,4.556398192425162,1,1,5.778398050436795,4,1,8.301021310377687,-0.18657359019483855,2,0,2,0.06533400028274627,0.13679699986823834,0.683931999901688,0.4506674886410752,0.022800385014569026,6.605981346504585,0.7697841726618705,0.539568345323741,1.005661117541109,3,1,3260,-0.00034829916212498655,-6.62212038697244e-06,0.0008633013060115324
139,7.0,-52.09301647415619,-76.4447302447563,-1.5679355591519335,-52.24425616738682,-76.62402555732235,-1.5638700019536864,0.018129044430899206,0.014249938644220743,0.00020789570028992058,0.011055233911046514,-0.0005414770434311454,-0.000574488402362629,0.23456396551187494,0.004065557198247305,0.1799416101826366,2.330058682926075,1,1,14.5359824202298,4,0,8.629355307321752,-0.05572409919332227,2,0,2,0.06524800028273603,0.13659499973073252,0.671154999963619,0.4494924519716346,0.022721407330703,6.575439041764739,0.7714285714285715,0.5428571428571428,1.0348648340690683,3,1,3233,0.00034564584752921744,-5.959095766655474e-06,0.0013581228320127536
140,7.050000000000001,-52.0918720649765,-76.84806581604536,-1.5679355591519335,-52.22862568738455,-77.01194266100634,-1.552216614105465,0.01741265177112739,0.01407545064945594,0.00020217808460957755,0.010701666554442475,-0.0005236975374770122,-0.0005680690388637675,0.2134412648858915,0.015718945046468313,0.1774488726945971,2.3765525617779417,1,1,0.6055769579762896,4,1,7.81483393089376,0.1187891523441862,2,0,2,0.06556900007126387,0.1339999998890562,0.565642999845295,0.44825621304077984,0.022679358313569754,6.545659705027243,0.7730496453900709,0.5460992907801419,1.0251563659968155,3,1,3289,-0.00034835830141654916,-9.443280975624953e-06,-0.00021598392631849705
141,7.1000000000000005,-52.090723841099546,-77.25124117004927,-1.5679355591519335,-52.21114146701346,-77.39483018413951,-1.5422120371801826,0.016983100937266755,0.01401841811108535,0.0002301109763446315,0.010349030143839262,-0.0004416451162615275,-0.0005251111133448752,0.18739853147276953,0.025723521971750873,0.17607248237118742,3.4467147914569085,1,1,1.7826857978320605,2,1,8.153054672763936,0.15359885106514615,1,0,1,0.06378000034601428,0.12481199973990442,0.3836229998341878,0.44695180756281144,0.022702223314879023,6.523836149297875,0.7746478873239436,0.5492957746478874,1.0237018717894157,3,1,3197,0.0003457407887153103,-5.170255521210167e-06,-0.0012792372144758701
142,7.15,-52.08957561722259,-77.65457674133833,-1.5679355591519335,-52.20586599460201,-77.79692026612204,-1.5496419868524622,0.016631878292274166,0.013921086629999052,0.00024331794319049972,0.010041697620058309,-0.00037279006724668474,-0.00048781548161545005,0.1838073200906258,0.01829357229947126,0.17479406432219952,2.254391781195791,1,1,0.8308229426140888,2,1,7.654345237895555,-0.18055010776071134,1,0,1,0.06415100006051944,0.12752399970850092,0.39277199994103285,0.445651448417839,0.022674369985428496,6.493979894975483,0.7762237762237763,0.5524475524475524,1.0171611147949815,3,1,3266,-0.00034810919653040896,-5.628599320091816e-06,-0.0014922037720679349
143,7.2,-52.08842739334564,-78.05775972473677,-1.5679355591519335,-52.19351068944905,-78.205914245302,-1.5480669268758975,0.016299994383051842,0.013888616613419806,0.00025377884377047707,0.00974417221351042,-0.00030682090413870663,-0.0004564688982441347,0.18163771933128134,0.019868632276035747,0.1737487007044129,2.5230490215931956,1,1,0.21393971791358138,2,1,8.310913244892589,-0.01372928742800902,1,0,1,0.06324199966911692,0.12682800024776952,0.38246100029937224,0.4443592280236159,0.022656083819970273,6.46640398613255,0.7777777777777778,0.5555555555555556,1.0074782290945752,3,1,3214,0.0003537038122530039,-5.192081417731065e-06,0.00044876299798479735
144,7.25,-52.08727916946869,-78.46109529602583,-1.5679355591519335,-52.1834020209962,-78.58386457165238,-1.5503914657909592,0.016016561009913294,0.013810942652443217,0.00025496320475981314,0.00947926317005093,-0.00025751914365107687,-0.0004308712948044197,0.1559227296568668,0.017544093360974067,0.17270640886300806,1.890738567031331,1,1,0.37138818777408766,2,1,7.817328747157777,-0.01969860793047183,1,0,1,0.06325699996523326,0.133764000111114,0.720531000297342,0.44301358028462107,0.022624784474666544,6.434847672897369,0.7793103448275862,0.5586206896551724,0.9988278697766013,3,1,3249,-0.00034777546250726034,-5.6285993193265765e-06,0.00025172152090835453
145,7.300000000000001,-52.086134760289,-78.86427065002974,-1.5679355591519335,-52.17187463559868,-78.99118431803844,-1.5440345191590334,0.015746236055351245,0.013775163310069515,0.00026172704835745596,0.009220632402758477,-0.0002133366217789439,-0.00040973015053875125,0.15316137027834684,0.023901039992900053,0.17181792504107585,2.795912030508538,1,1,0.056581478346285075,2,1,8.228520403367753,0.10672220042074565,1,0,1,0.06284500022957218,0.12778799964507925,0.37877699969612877,0.4416757325004514,0.022633770717893225,6.409923456168679,0.7808219178082192,0.5616438356164384,0.9887181079994819,3,1,3308,0.0003462542639520658,-8.984937180263094e-06,0.0007052434608341152
146,7.3500000000000005,-52.084986536412046,-79.2676062213188,-1.5679355591519335,-52.182231057635136,-79.37574713979127,-1.5584803864454655,0.015502179983522872,0.01369931449661549,0.0002601076335371906,0.00898377936129435,-0.00018166771938870284,-0.0003923995668451266,0.14543367957931108,0.009455172706467785,0.1708844477421464,1.0993640576697985,1,1,4.566215518482445,2,1,7.818261634685673,0.05781985548259132,1,0,1,0.06349600016619661,0.13071300008959952,0.39602900005775155,0.44033428123105206,0.022570130541307253,6.373797201757123,0.782312925170068,0.564625850340136,1.0020623312081596,3,1,3254,-0.00034768009066937723,-5.628599321422625e-06,0.001347213052213192
147,7.4,-52.08383831253509,-79.6707815753227,-1.5679355591519335,-52.16261078173464,-79.75831907772655,-1.557330767125535,0.014449356827158826,0.01231134635469886,0.00021756188567604548,0.007757305237481209,-0.00015299568589080087,-0.0003027352848978016,0.11776211712982051,0.010604792026398524,0.16358698964727508,1.0285391530729493,1,1,2.817620166330973,4,1,8.127548447996276,0.17750145733672407,2,0,2,0.06628800019825576,0.13847099990016432,0.5288729998937924,0.4389508911970645,0.02251063534434752,6.3376805933200675,0.7837837837837838,0.5675675675675675,0.9990250119262677,3,1,3270,0.0003462651755638709,-5.170255520530993e-06,0.0007766811177134514
148,7.45,-52.08269008865814,-80.07411714661177,-1.5679355591519335,-52.17169818126168,-80.20560891584599,-1.5540514735930868,0.013045597603078806,0.010335661584077036,0.00016829993069330157,0.006112637929747554,-0.0001375875764318968,-0.00020841153324483813,0.15878452671864843,0.013884085558846682,0.15290931687492376,2.4529102778657177,1,1,1.8631000761718401,6,1,8.06673624686912,-0.012208999070035982,3,0,3,0.06577600015589269,0.15134999966903706,0.6763189999219321,0.43766877464481085,0.02246378382332807,6.31160830932373,0.785234899328859,0.5704697986577181,0.992070382304406,3,1,3219,-0.0003477754638430955,-5.628599322610509e-06,0.0002789787715302694
149,7.5,-52.08154186478119,-80.4773001300102,-1.5679355591519335,-52.12660526609915,-80.57373442007352,-1.5557531141980159,0.012019428414556953,0.009020802274684598,0.0001512986990863127,0.00495555373259094,-0.00012743590269056408,-0.0001565579894310411,0.10644379943594186,0.012182444953917404,0.14505251011010306,1.786826078155051,1,1,2.414797989284108,6,1,8.245342264303506,-0.022546644750827606,3,0,3,0.06343199993352755,0.14373900012287777,0.8806350001577812,0.43629401226697884,0.022410864616754733,6.281443094449272,0.7866666666666666,0.5733333333333334,0.9861743417968354,3,0,3284,0.000353751490974116,-5.192081419504085e-06,0.000610897503793062
150,7.550000000000001,-52.0803974556015,-80.88062807190474,-1.5679355591519335,-52.12670738227039,-80.9821807285068,-1.5608885012075364,0.011224567538000057,0.00807667074781626,0.00014470604183773868,0.004100285877064059,-0.00012040898970312118,-0.00012375905952175176,0.11161340139524138,0.007047057944396862,0.13892889651118775,1.4941063758357498,1,1,1.7622348864965156,6,1,8.089809077838778,-0.10472437596640394,3,0,3,0.0650669999231468,0.15232099985951209,0.6890350000503531,0.4349417813090661,0.02234389392511391,6.249738877769712,0.7880794701986755,0.5761589403973509,0.9793182177633627,3,1,3248,-0.00035555877814171845,-9.421455079701285e-06,-0.0020503496751187456
151,7.6000000000000005,-52.079249231724546,-81.28381105530318,-1.5679355591519335,-52.11682183598005,-81.33246832667616,-1.5746313464616175,0.010580453404463067,0.007374554561733032,0.00014066298270344754,0.003443400628365484,-0.00011400829022147554,-0.00010129599672655761,0.06147544752179669,-0.006695787309683787,0.13399629833020052,0.7482141705870745,1,1,9.071744724603134,6,1,8.006733101413976,0.06874142303734113,3,0,3,0.06458300003941986,0.13910999996369355,0.8515340000485594,0.4335373667576343,0.022276894231577676,6.213544636275089,0.7894736842105263,0.5789473684210527,0.9845401710607858,3,1,3253,0.00035356076035817356,-5.192081417145929e-06,-0.00025699518155297696
152,7.65,-52.07810100784759,-81.6871389971977,-1.5679355591519335,-52.09982885543255,-81.7383386381225,-1.5771496705584578,0.010031639927506157,0.006908388477170785,0.00014535096382820045,0.002923346225257025,-0.00010454327773091649,-8.555752259910889e-05,0.055619264571753986,-0.009214111406524061,0.13015386434784385,1.0541625684440044,1,1,1.6905313670908382,6,1,8.77968188412225,-0.11450111523616555,3,0,3,0.06592099998670164,0.14127299982646946,0.6776569998692139,0.4321416499161403,0.022216466597065762,6.179823184851356,0.7908496732026143,0.5816993464052288,0.9777170162723168,3,1,3244,-0.00035573859342262715,-5.60677342826235e-06,-0.0011231909506022042
153,7.7,-52.07695278397064,-82.09032960999068,-1.5679355591519335,-52.094374949575915,-82.17885711364279,-1.5795472826982684,0.009561364032601116,0.006520270566385537,0.0001427336726112783,0.002502190499796818,-9.681510624733321e-05,-7.352698877891461e-05,0.09022555490133118,-0.011611723546335107,0.1268133849362387,2.335279969983392,1,1,3.75661704653166,6,1,8.449865018317407,-0.0018376807641955813,3,0,3,0.078561999998783,0.15386100039904704,0.6857749999653606,0.4307976647609006,0.022163977808959703,6.154858618521045,0.7922077922077922,0.5844155844155844,0.9743361107417042,3,0,3255,0.0003611424449488827,-5.213907310612789e-06,-0.00030580216553044437
154,7.75,-52.07580456009369,-82.4936575518852,-1.5679355591519335,-52.08689196765976,-82.58442671194317,-1.5687695394812158,0.009151578501066399,0.006173734041511395,0.00013885586633435447,0.0021593127503550143,-9.23414947567012e-05,-6.42693913131337e-05,0.09144381348217995,-0.00083398032928228,0.12379544637254553,1.4041331928906637,1,1,3.9508538173109304,6,1,7.902028429730682,-0.06852273634597045,3,0,3,0.06519199996546376,0.15002100008132402,0.8703219996277767,0.4294685588957195,0.02209246697185127,6.124208777065365,0.7935483870967742,0.5870967741935483,0.971327915746245,3,0,3355,-0.000355738596875871,-5.606773425488851e-06,0.001883385330438525
155,7.800000000000001,-52.074660150914,-82.89684053528364,-1.5679355591519335,-52.07864740936041,-82.98110225237555,-1.5635959965288635,0.008782396232647021,0.005919111857268575,0.00014000323619834038,0.001865661722433869,-8.680800624581817e-05,-5.600463701198167e-05,0.08435600273362162,0.0043395626230697815,0.12124977562831032,1.3620063508162563,1,1,1.5042589186883468,6,1,8.14386754233886,0.13253765263732592,3,0,3,0.06519499993373756,0.14043999999557855,0.864934000219364,0.428143118090081,0.022024284647951406,6.093681838435563,0.7948717948717948,0.5897435897435898,0.9645296318220483,3,0,3345,0.0003535498506080032,-9.006763075098292e-06,-0.0011943281628190583
156,7.8500000000000005,-52.073511927037046,-83.30016847717818,-1.5679355591519335,-52.07831601852485,-83.37075772099203,-1.5726162320444264,0.008448474372963062,0.005706009390807193,0.0001404780705299324,0.001618871609134208,-8.197935979831306e-05,-4.942753435991977e-05,0.07075253095992573,-0.004680672892492854,0.11897261770579924,1.0933683635624325,1,1,1.1897861152955138,6,0,8.012808916550181,-0.18671211068844512,3,0,3,0.06683700030407635,0.14884999973219237,0.676071999805572,0.42681478055422223,0.021957209474636086,6.061832708022358,0.7961783439490446,0.5923566878980892,0.957368585598315,3,0,3296,-0.00035564322238054865,-5.60677342808178e-06,-0.0005315881222487384
157,7.9,-52.07236370316009,-83.70335146057661,-1.5679355591519335,-52.089714014302544,-83.76622980561616,-1.5719339580433507,0.008018867576589967,0.005108253562977131,0.00011146711142762876,0.0012078068122052575,-9.395194381648855e-05,-3.297592702903133e-05,0.06522821147059445,-0.003998398891416954,0.11457364941192673,0.9528676751665197,1,1,9.577679397684417,10,1,7.35092530514021,0.16867036036123215,5,0,5,0.06264100011321716,0.4028940002172021,1.1520259999997506,0.42549360206408926,0.021889925680642977,6.029497486295423,0.7974683544303798,0.5949367088607594,0.9573722833221124,3,0,3340,0.0003536561452558803,-5.192081421075918e-06,-4.119214718212305e-05
158,7.95,-52.07121547928314,-84.10668703186568,-1.5679355591519335,-52.06680940852579,-84.15484697087662,-1.5624929951980195,0.007649144681759949,0.0047280276452593625,0.00010492252988092262,0.0008973091269938295,-9.628779050948813e-05,-2.2708256145529443e-05,0.04836107096680734,0.005442563953914181,0.11125274076183163,0.7940367027139271,1,1,6.520487341777221,10,1,7.98635519495696,0.11111279077407313,5,0,5,0.06380600007105386,0.15712899994468899,1.1371850000614359,0.4241708007557188,0.021825249242986098,5.996570059983589,0.7987421383647799,0.5974842767295597,0.9545711498437235,3,0,3405,-0.00034796617980758474,-5.628599319534131e-06,0.0009391422383489001
159,8.0,-52.07006725540619,-84.50987001526411,-1.5679355591519335,-52.07479322226366,-84.5725366101207,-1.5632720886419307,0.0073245156427180986,0.004452431279327212,0.00010333840306751158,0.0006549596426917135,-9.57906621545856e-05,-1.5403599184768565e-05,0.06284454529755679,0.004663470510002821,0.10852164264350826,1.0836116858262135,1,1,4.8529536438371075,10,1,7.9825006442999555,-0.15367579082672467,5,0,5,0.06189900022945949,0.15437699994436116,0.9280549998038623,0.42287237645402204,0.02176006192196406,5.965864070145106,0.8,0.6,0.9503050063395416,3,0,3368,0.00035365613539352646,-5.1920814141783076e-06,-0.0007090448867530519
160,8.05,-52.0689228462265,-84.91319795715864,-1.5679355591519335,-52.0511567585566,-84.97117532851448,-1.5549003352686739,0.007030444996159431,0.004271200574844153,0.00010347927084805053,0.0004595689275313125,-9.259646489977665e-05,-9.773467736154852e-06,0.06063834975019195,0.013035223883259839,0.10630919796049439,2.5779556829697805,1,1,12.324434940374516,10,1,8.278553898584208,0.08439457672654475,5,0,5,0.06275699979596538,0.1684460003161803,0.9192970001095091,0.4215841500868739,0.02171669138482778,5.944821160907992,0.8012422360248447,0.6024844720496895,0.9528467945170004,2,0,3339,-0.0003555587685493698,-9.421455085826472e-06,0.0005551482085137671
161,8.1,-52.067774622349546,-85.31638094055708,-1.5679355591519335,-52.01609399601168,-85.34312193228799,-1.5554508340081235,0.006765723441455202,0.004107586506151594,0.00010381188478004955,0.00030272943096976596,-9.053991232576918e-05,-5.468673752303176e-06,0.05818906922632504,0.01248472514381005,0.1042751645772223,2.2905251048168864,1,1,14.042880951592906,10,1,7.871528668302192,-0.2675406828102157,5,0,5,0.06086100029278896,0.15316999997594394,1.0932199998023862,0.4203058150308526,0.0216717704244167,5.922263777845701,0.8024691358024691,0.6049382716049383,0.9568775204155922,2,0,3276,0.0003537038199837382,-5.192081418530591e-06,0.0005711413454263514
162,8.15,-52.06662639847259,-85.71962495911177,-1.5679355591519335,-52.01265149003864,-85.75232261181631,-1.563260023132804,0.0065206493750032115,0.0039879385940181375,0.00010394465132999855,0.0001742847674154506,-8.734443412040695e-05,-2.0147962677733253e-06,0.06310647536378626,0.004675536019129289,0.10251140409252694,1.0232537710448955,1,1,9.232876570087631,10,1,7.923205785982844,-0.2506668872098317,5,0,5,0.05959000009170268,0.16136099975483376,0.8799299998827337,0.41904370306168015,0.021608293857056413,5.892208501730359,0.803680981595092,0.6073619631901841,0.9565802649872132,2,0,3376,-0.00021163711553815763,-5.366688582076849e-06,0.00019721090793600737
163,8.200000000000001,-52.06547817459564,-86.12209077942427,-1.5679355591519335,-52.01346554061076,-86.15850703566429,-1.5561418081135219,0.006292648035211198,0.003887044847598437,0.00010066220458194087,6.989360626787454e-05,-8.361151164825939e-05,6.46894247040213e-07,0.06349376199740935,0.011793751038411848,0.1008944640840598,2.35158363395096,1,1,5.603994605444736,10,1,7.829651637534567,-0.056573828110249275,5,0,5,0.0589289998060849,0.15392900013466715,1.02872000024945,0.4177935972575542,0.021561990297950157,5.870619325707314,0.8048780487804879,0.6097560975609756,0.9531049947728031,3,1,3313,0.0007899221159924488,-3.1404472627388268e-06,0.0022132102400065357
164,8.25,-52.06432995071869,-86.52323671448286,-1.5679355591519335,-51.99479689569391,-86.51418497652303,-1.5496359609853192,0.006079636456923953,0.0038007344249864497,9.889555899350442e-05,-1.9862755479717393e-05,-8.045349469180626e-05,3.166562442625512e-06,0.07011975257495053,0.018299598166614306,0.09940005473796482,4.59109667857353,1,1,14.158114187824935,10,1,7.706787727437401,0.06561890341037054,5,0,5,0.059766000049421564,0.16303599977618433,1.071245999810344,0.4165614009442428,0.02154370625846495,5.862864642997412,0.806060606060606,0.6121212121212121,0.9571285288946265,3,1,3357,0.0004419357204537025,6.3543261277246e-07,-5.2840623538941145e-05
165,8.3,-52.063185541539,-86.92181917297896,-1.5679355591519335,-51.999528708536694,-86.92460069649921,-1.5545682639521667,0.005878001601912409,0.00374727648263378,0.0001005272693306105,-9.8545335989305e-05,-7.70731419785004e-05,5.580157038171373e-06,0.06371757419250294,0.013367295199766538,0.09810850159158578,2.717583381077116,1,1,14.481454624464988,10,1,7.849596171381194,0.16910971303995945,5,0,5,0.061699999605480116,0.15976900021996698,1.063324000369903,0.4153342466863428,0.02150376062289956,5.843917165515965,0.8072289156626506,0.6144578313253012,0.9613614334942117,3,1,3357,0.0015365061249932475,4.154251756512534e-06,0.00100533328950414
166,8.35,-52.062056391148374,-87.31732698547896,-1.5679355591519335,-52.001614563471726,-87.32630984471689,-1.5570133471489758,0.005686329542682419,0.003706486995647943,9.898598610121569e-05,-0.00016096766876202116,-7.316593750448814e-05,7.189259369354906e-06,0.0611056977129148,0.010922212002957732,0.09691654419308585,2.0554235134831282,1,1,3.244829525803663,10,0,7.874649485544769,-0.015253628581261452,5,0,5,0.06360999987009563,0.1622219997443608,1.0362760003772564,0.4141158604432416,0.021455934565460633,5.821231574785229,0.8083832335329342,0.6167664670658682,0.9559180276744352,3,1,3317,0.0010594578011883893,-2.3086390834911273e-06,0.0004877140745520592
167,8.4,-52.060931055455015,-87.70885988342818,-1.5679355591519335,-51.99884541930463,-87.71872550614981,-1.5604946972573461,0.005505429964259466,0.003659927963990347,9.797087044243795e-05,-0.00021279928415836758,-7.036706406130808e-05,8.55007869260162e-06,0.06286459041371115,0.0074408618945875915,0.09573587586819171,1.416014513080099,1,1,9.005950559070557,10,1,7.660878031177749,0.07087347357886621,5,0,5,0.06621200009249151,0.16791300004115328,0.9092059999602498,0.4129100192905361,0.021399683855954754,5.795010044656031,0.8095238095238095,0.6190476190476191,0.9554491889306439,3,1,3307,0.001977752338034988,5.247970678645171e-06,0.00023478914517927052
168,8.450000000000001,-52.05982860794525,-88.09647890198286,-1.5679355591519335,-52.015528691256584,-88.0878949150002,-1.5622265123717318,0.005334426211972475,0.0036020118434997826,9.556576382562223e-05,-0.0002543387191922688,-6.821387245522417e-05,9.565189596504792e-06,0.045123912187897595,0.005709046780201454,0.09453273536438188,0.8132110148371565,1,1,8.785993833656443,10,1,7.375344444458781,0.04299118968730031,5,0,5,0.0706420000824437,0.1527049998912844,1.021683000089979,0.41170121213620436,0.021340796282591456,5.765531943887873,0.8106508875739645,0.621301775147929,0.9548033922452237,3,1,3320,0.0012244561261796608,-6.443434998461426e-06,0.000802213791757822
169,8.5,-52.05872997513275,-88.4799093829399,-1.5679355591519335,-52.014444592736936,-88.46392527529241,-1.553276800272248,0.005169335895722724,0.0035801383401208304,9.969487609650854e-05,-0.00029072369212090193,-6.573714697402541e-05,1.0677605611309351e-05,0.047081703359476416,0.014658758879685596,0.09353862429950291,2.808170244915857,1,1,11.749248485672279,10,1,7.633160317891927,0.28900715649734005,5,0,5,0.06947799965928425,0.1560020000397344,0.9052790001078392,0.41050442264127707,0.021307617975141777,5.748135698599802,0.8117647058823529,0.6235294117647059,0.9566377377145738,3,1,3392,0.0019415501667940781,1.7242998343279413e-06,0.00011041839607051074
170,8.55,-52.057642786412046,-88.85976167786177,-1.5679355591519335,-52.01073959566274,-88.77242892163856,-1.5633341480769987,0.005018764747311026,0.0034708508104094155,9.223339558290998e-05,-0.00031880779262479474,-6.609204657280295e-05,1.1380792967403521e-05,0.09913082069673083,0.004601411074935058,0.09213910981619283,3.0791620035871627,1,1,12.471029194023346,10,1,6.365205435646067,-0.15469408271077426,5,0,5,0.06216999963726266,0.1650250001148379,1.1441370002103213,0.4093725529169678,0.021248137479513447,5.732527665295634,0.8128654970760234,0.6257309941520468,0.9590382764062082,3,1,3294,0.0010105183387592225,5.165997333672396e-07,-0.0005758365616204131
171,8.6,-52.05656704178314,-89.23611971008833,-1.5679355591519335,-52.01943711477037,-89.1640614100054,-1.5617541164860094,0.0048668833540854205,0.0034626152378316893,9.365691520475951e-05,-0.0003410390125719385,-6.196550670652473e-05,1.1917139210672854e-05,0.08106189049618309,0.006181442665924131,0.09126608675689514,2.357850112560839,1,1,10.346542004551402,10,1,7.517093621160494,0.010070255132274298,5,0,5,0.061469999764085514,0.1622930003577494,0.9696799997982453,0.4082275764720867,0.021191521788012643,5.712907446965781,0.813953488372093,0.627906976744186,0.9596580790623469,3,1,3345,0.0015829357187649282,-9.311852158811912e-07,-0.0011582182720304424
172,8.65,-52.0554951118515,-89.60983797180708,-1.5679355591519335,-52.029896760651724,-89.6014236978333,-1.5661223497771515,0.004720429118826393,0.0034691517228524166,9.704983740229735e-05,-0.0003586645746071881,-5.833655947799474e-05,1.2366393834120392e-05,0.02694578985023357,0.001813209374781799,0.09049630291718447,0.21603331381692534,1,1,18.4392050751106,10,1,7.642565997353711,-0.1594592363581949,5,0,5,0.060477999795693904,0.15253300034601125,1.095435000024736,0.4070511734219317,0.021130635539606504,5.681133608045846,0.815028901734104,0.630057803468208,0.9668472044968893,3,1,3337,0.0006148914896285613,2.805892877944208e-06,0.00014348410768416642
173,8.700000000000001,-52.05444386179457,-89.98103865865353,-1.5679041338510706,-52.05474345744516,-89.95291805306698,-1.5814652932706883,0.004518024261807854,0.0034277026929729233,9.099644089863635e-05,-0.00031832158798453486,-5.526683732286992e-05,8.091113016502543e-06,0.028122201480471294,-0.013561159419617663,0.08913880723220823,2.2796655039555476,1,1,20.827822573579326,12,1,7.741490583092059,0.11971182727981357,6,0,6,0.061747000017930986,0.16477999997732695,1.1799469998550194,0.4058853998195228,0.021094894413081124,5.661584940780959,0.8160919540229885,0.632183908045977,0.9730472422116855,3,1,3293,0.00122699758223519,-1.6504280312959022e-05,-0.0014552215487992903
174,8.75,-52.05337796539145,-90.35041586772587,-1.567886024355658,-52.06345503512411,-90.31596229243361,-1.5897730765077407,0.0043296914845843085,0.003377416571091258,8.680374101028597e-05,-0.0002787681905478751,-5.249060338932854e-05,5.191589808480491e-06,0.03589702194913084,-0.021887052152082642,0.08779013643727618,5.994681627791611,1,1,3.9044089182559176,12,0,7.519485812960267,0.030929678668582934,6,0,6,0.06044000019755913,0.16192599969144794,1.1401189999560302,0.4047331625444286,0.02109950551674357,5.663488350421019,0.8171428571428572,0.6342857142857142,0.9678658035528294,3,1,3274,0.0003643905260726826,-5.761354559096232e-06,5.494362976143918e-06
175,8.8,-52.05232487272768,-90.71780955092964,-1.5678394190365816,-52.06118545116431,-90.70687005384644,-1.5905507483053685,0.004153695444549208,0.003329078351825,8.542716207766266e-05,-0.00024211666683225414,-5.003528621389826e-05,3.0809324599897636e-06,0.014077728746678307,-0.022711329268786606,0.08650302767171915,6.190089263752498,1,1,7.047769943556244,12,1,7.386307460933464,-0.08891827549177127,6,0,6,0.06096600009186659,0.16832099981911597,1.173383000150352,0.40358310956574633,0.021109011265266278,5.666480401064948,0.8181818181818182,0.6363636363636364,0.9648455524291008,3,1,3403,0.0011077684658131143,-2.4698304099123107e-05,0.0009649744073985111
176,8.85,-52.05125534798348,-91.0835552044796,-1.5678129205837352,-52.05685442711212,-91.06139295267369,-1.5818923374529787,0.003988701638998157,0.0032772351107592536,8.332894059135365e-05,-0.0002118037340575697,-4.761336082305107e-05,1.7200087311765607e-06,0.022858589024638793,-0.014079416869243744,0.08524046427464724,2.570412932629305,1,1,7.938277880513437,12,1,7.203404290159653,-0.03842958930721718,6,0,6,0.060646999827440595,0.1634820000617765,1.184570000077656,0.40244509713349463,0.021075882907761252,5.648988494463618,0.8192090395480226,0.6384180790960452,0.9624571871084735,3,1,3340,0.00035315459486644896,-1.680038368407306e-05,-0.002257272138174393
177,8.9,-52.05017062131767,-91.44720268415746,-1.5678083932098823,-52.05001290373904,-91.42398950402746,-1.5746821718978334,0.0038338169466449056,0.00322452724468672,8.231477628997768e-05,-0.00018989723811273636,-4.549650941003611e-05,1.0599942428423822e-06,0.02321371591500236,-0.0068737786879511376,0.08401395236109074,0.7437507853576316,1,1,10.810501276567965,12,1,7.026333829596042,0.09028793664551014,6,0,6,0.06418600014512776,0.17426899967176723,1.032148999911442,0.4013168130184445,0.021022911735319658,5.621430979243921,0.8202247191011236,0.6404494382022472,0.9619760771027875,3,1,3287,0.0012242460104497513,-1.0078894510354094e-06,-0.0010447798011279374
178,8.950000000000001,-52.049081272389664,-91.80885111259623,-1.5678402179849087,-52.04610649079043,-91.82805759756896,-1.573351579665716,0.003685636819255375,0.0032156029716541848,8.430476135888034e-05,-0.0001733861671184618,-4.2037606747631065e-05,6.71110363101625e-07,0.019435493062198092,-0.005511361680807347,0.08307370095830305,0.47467349959023974,1,1,12.239786841948952,12,1,7.469433877439829,0.0959845904415784,6,0,6,0.06115099995440687,0.1722239999253361,1.1250319998907798,0.40019688285647226,0.02096815311724081,5.592678144162057,0.8212290502793296,0.6424581005586593,0.9624257372557046,3,1,3367,0.0005309954609087374,1.4518903894848478e-05,0.0006966397240897315
179,9.0,-52.04800650767817,-92.16790559102378,-1.5678615232736293,-52.05284583010455,-92.15628354372562,-1.5762380534870515,0.003547472868733628,0.0031714417465967372,8.208762161999773e-05,-0.00015874665921676,-3.995599628029867e-05,2.543270059941177e-07,0.012589321862086174,-0.008376530213422217,0.08196898569172589,0.9172843930207396,1,1,12.247526118191008,12,1,6.954603577332104,-0.08073503543142523,6,0,6,0.060167999890836654,0.16305100007230067,1.0105559999828984,0.3990847797330479,0.02091914632578362,5.566703734433494,0.8222222222222222,0.6444444444444445,0.9628734406346292,3,1,3288,0.0014247179687091876,1.7182351253246106e-05,-0.00030762609520174067
180,9.05,-52.0469522968393,-92.52448821746466,-1.5678652516991554,-52.0622684030914,-92.50617465192234,-1.5622173438698193,0.0034154660578723786,0.0031634473576399166,8.320496316569337e-05,-0.00014649468054905168,-3.6828619856697295e-05,-9.425632783931514e-08,0.02387404016078561,0.005647907829335885,0.08111050126532504,0.5316894940726219,1,1,13.108029381802634,12,1,7.325362024886096,0.0826855307623822,6,0,6,0.06200699999681092,0.16225599983954453,1.1074549997829308,0.3979847648630262,0.020865502180171868,5.538885976199456,0.8232044198895028,0.6464088397790055,0.9638617027810586,3,1,3415,0.0006949160678504471,8.372602221995066e-06,0.0011557616606121535
181,9.1,-52.04591955942177,-92.87808775769065,-1.567867249069973,-52.06885066775367,-92.84859502560153,-1.5609005715576163,0.0032927220349433742,0.003111258907155171,8.015600673445157e-05,-0.00013881788645126104,-3.5383084499606066e-05,-1.4765551938187497e-07,0.03735849268118791,0.006966677512356689,0.08002487702020257,0.9903904182641646,1,1,11.80777472627995,12,1,6.675643604981402,-0.07734117186805958,6,0,6,0.06320800002868054,0.16199499987124,1.0343720000491885,0.3968995546623453,0.02081450735603249,5.513894242364646,0.8241758241758241,0.6483516483516484,0.9640141234205204,3,1,3344,0.0015435374490882904,-3.3392046809152896e-06,-0.0004396514134339391
182,9.15,-52.0448919289742,-93.22901701361943,-1.567868314334409,-52.06750717072714,-93.19512365831956,-1.5593234798205455,0.0031765844310394312,0.003059360661678925,7.767959374452059e-05,-0.000133277463192294,-3.387035025006465e-05,-1.442108587233544e-07,0.040745658578882085,0.008544834513863453,0.07896800043510255,1.4118410654730906,1,1,6.514861883853591,12,1,6.536599800468579,0.029527290467663767,6,0,6,0.06280700017669005,0.16092399982881034,1.051662000008946,0.3958251041313285,0.02076716757658792,5.491478651234091,0.825136612021858,0.6502732240437158,0.9608478905901991,3,1,3299,0.0007458677983611279,-8.464043541967374e-08,0.0002955859117408366
183,9.200000000000001,-52.043869590107015,-93.57691740424443,-1.567868314334409,-52.053673505998184,-93.5361342257975,-1.5672918787203949,0.0030654342792002863,0.003034408314779738,7.835143836270557e-05,-0.00012871588858442374,-3.166483390133358e-05,-2.0596552484645347e-07,0.041945016522051896,0.0005764356140138815,0.07810148906378178,0.5725877784290455,1,1,19.13892913524988,12,1,6.774580548353109,-0.062150153263470176,6,0,6,0.06082199979573488,0.16248000019913889,0.9939780002241605,0.3947601381968813,0.020710701769597516,5.4647455486644985,0.8260869565217391,0.6521739130434783,0.9655797030579649,3,1,3335,0.0015231303859317283,3.6792615803607086e-06,0.0014776357449592936
184,9.25,-52.04286251002889,-93.92226957709599,-1.567868314334409,-52.05417404503375,-93.89992242576993,-1.574411994432918,0.0029595693061187736,0.00302132828476472,7.929255240107944e-05,-0.0001239273764867259,-2.9253745780865146e-05,-3.730957314319685e-07,0.02504687598396056,-0.006543680098508808,0.07733626310395075,0.7605966878617468,1,1,19.332260950955245,12,1,6.8635120227251285,0.08187487717247595,6,0,6,0.06153699996502837,0.1690610001787718,1.0502410000299278,0.3936960799322458,0.020660253343786444,5.439317716984484,0.827027027027027,0.654054054054054,0.9703607552272611,2,0,3288,0.0006467009363788416,-4.118259344915894e-06,0.0010446028783919203
185,9.3,-52.041848224886834,-94.26486741752183,-1.5678982748966723,-52.04928361064139,-94.2322515063962,-1.5653916112949922,0.0028601809825318765,0.002978337036750404,7.80542787525361e-05,-0.00011667248778482463,-2.8220942778945187e-05,-7.886520537627399e-07,0.03345269226645498,0.0025066636016801702,0.07641019578094457,0.4479109088005326,1,1,14.016898583014349,12,1,6.364714302577886,-0.1599542573238134,6,0,6,0.06226599998626625,0.16483999979755026,0.9682039999461267,0.39264399251159643,0.02060545991753681,5.412482196510377,0.8279569892473119,0.6559139784946236,0.9718145355705744,2,0,3321,0.0014085585806547485,1.6283716293886435e-05,0.00032315686459405413
186,9.35,-52.040852216172496,-94.60524515792262,-1.5679150528115398,-52.048082872973005,-94.5822846579853,-1.5689387378953046,0.0027634482231857107,0.003000647598310169,8.111066860637453e-05,-0.00011475173479769037,-2.4827658964687383e-05,-7.62047553775592e-07,0.024072119872140824,-0.0010236850837648248,0.07592164264223925,0.20460604397265605,0,1,11.58207899224443,12,1,7.185823282350372,0.10321306024932067,6,0,6,0.06210199990164256,0.16264100031548878,1.2920499998472224,0.39159669153849364,0.02055042759694211,5.384632591416592,0.8235294117647058,0.6577540106951871,0.9717660590288455,2,1,3394,0.0005249601101910253,1.2428982457949532e-05,-0.0007113055781577948
187,9.4,-52.039868700598184,-94.94315866206723,-1.5679173164984663,-52.061274412719136,-94.92491701415562,-1.5699336867869913,0.002673232817935109,0.0029713786863555087,8.127387766411506e-05,-0.00011328403234745494,-2.402013629190653e-05,-7.271559311156313e-07,0.02812405073840125,-0.0020163702885249712,0.07513062960131918,0.3323254659831987,1,1,14.264259789417078,12,1,6.457289234872282,0.3243995033928447,6,0,6,0.06154999982754816,0.15996899992387625,1.1115239999526239,0.39055920855174386,0.020496226905648163,5.357758617345137,0.824468085106383,0.6595744680851063,0.9733379594401202,2,1,3264,0.0012727313890674406,1.0273917690068794e-05,-0.0004903465186520961
188,9.450000000000001,-52.03889429130171,-95.27912667486288,-1.567918514920957,-52.0465763291691,-95.27162733332318,-1.559901911625766,0.002585073051790882,0.0030158484858657155,8.29688456476152e-05,-0.00011054764175029186,-1.9887745412536188e-05,-9.546398457795138e-07,0.010735633624759575,0.00801660329519116,0.07483930476465289,0.8053523340242615,1,1,9.735958325287752,12,1,7.446628510692105,0.05920120804493166,6,0,6,0.06099600022935192,0.16154799959622324,1.1821299999610346,0.38952539556367083,0.020450247484762915,5.333671811613281,0.8253968253968254,0.6613756613756614,0.9721724335480377,2,1,3350,0.00042855224425212293,7.352542949588375e-06,0.00015855698487632353
189,9.5,-52.037944247072154,-95.61282876173395,-1.5679186480790115,-52.036765140530804,-95.62067539448708,-1.5585390092271967,0.0025273523851158893,0.003063409526240581,8.820568565016443e-05,-0.00013273383040055502,-1.3600615258020184e-05,6.210275860048125e-06,0.007934729850368511,0.009379638851815031,0.07477139768224525,1.0230676837385073,1,1,5.225657139176057,10,1,7.047594658088431,0.1260942906868231,5,0,5,0.06368200001816149,0.15623000035702717,0.9217479996550537,0.3884994028720281,0.020407707937331744,5.310984421466572,0.8263157894736842,0.6631578947368421,0.9689609569792489,2,1,3325,0.0012537942519493857,-1.026798924100022e-05,-0.001835296095695771
190,9.55,-52.03699057275575,-95.94463112989801,-1.5679186480790115,-52.01826130394337,-95.9182778513504,-1.5544422571683985,0.0024733717680536574,0.003047321453472166,8.612435553664264e-05,-0.00015141966864750747,-1.1456878270622143e-05,1.0608804649871524e-05,0.032330802657135775,0.013476390910613034,0.07430136756161237,2.5006563777320676,1,1,13.093363964505828,10,1,6.216894339948682,0.16589170063288386,5,0,5,0.06806700002925936,0.1589840003362042,0.8717099999557831,0.38748811585806614,0.020377558790345036,5.296270662075292,0.8272251308900523,0.6649214659685864,0.9713749671882654,2,1,3387,0.0004305581137877161,-1.1489272221964754e-06,0.00029336723964679123
191,9.600000000000001,-52.03604071313661,-96.27412179151911,-1.5679186480790115,-52.01304672638107,-96.27024949160008,-1.562626037660098,0.002420783829969051,0.0030892538999183453,8.874931622493781e-05,-0.00016915328583751537,-7.645919131586058e-06,1.3798171850055229e-05,0.023317764334873536,0.00529261041891349,0.07422962838306141,0.5499597036985834,1,1,12.66391378306976,10,1,6.999433144309469,0.10200365504244976,5,0,5,0.0609520002399222,0.15644199993403163,1.0475319995748578,0.3864813785469334,0.02032801177659403,5.271550292500414,0.828125,0.6666666666666666,0.9734525475482563,2,1,3329,0.0012945749389275982,1.6887308365357916e-06,0.0018630178645251405
192,9.65,-52.03509085351747,-96.60160592237848,-1.5679186480790115,-52.01553160064408,-96.6102570118926,-1.5766494277886427,0.0023703204559054536,0.003105356335035336,9.049700551822136e-05,-0.00017984479473858985,-6.077622787767103e-06,1.5576845760290444e-05,0.021387045675976595,-0.008730779709630987,0.0739978161227802,1.004781759236912,1,1,13.273442911514172,10,1,6.682582627450865,-0.27881167605873286,5,0,5,0.061314000049605966,0.15838099989196053,1.3077550001980853,0.38548190518692194,0.02028501764299565,5.249442683519773,0.8290155440414507,0.6683937823834197,0.9759273149860406,2,1,3398,0.00048458491381634376,7.4628737336380865e-06,3.0051803332931115e-05
193,9.700000000000001,-52.03416388208192,-96.92662575880426,-1.5679186480790115,-52.0172199087317,-96.93291585724961,-1.5680573811879885,0.0023213441033630927,0.003125165018288211,8.90548104903235e-05,-0.0001877741278596368,-4.04421558598717e-06,1.674606407346253e-05,0.01807383665261016,-0.00013873310897682956,0.0738004683023848,0.13153734865275454,0,1,12.457624635575694,10,1,6.793005382966032,0.08759363287296193,5,0,5,0.0667760000396811,0.16178599980776198,0.924189000215847,0.38448930122188,0.020232671574844114,5.2230617281854075,0.8247422680412371,0.6701030927835051,0.977801170184454,3,1,3307,0.0013567020695904762,-8.333777236732863e-06,-9.108451777128934e-05
194,9.75,-52.03323691064637,-97.24949410597223,-1.5679186480790115,-52.006386953735436,-97.23109544553442,-1.5606929948474622,0.00229455403472295,0.003163524793444573,9.310530602652462e-05,-0.00022062264822342932,-7.490692604007533e-07,2.343549781645242e-05,0.03254890001251976,0.007225653231549334,0.07387881176743115,0.9934189474245027,1,1,12.403519053818608,8,1,6.536345373719666,0.045926037208419535,4,0,4,0.06192900036694482,0.1473170000281243,1.4010139998390514,0.3835092473406901,0.020187358811939782,5.201371252386633,0.8256410256410256,0.6717948717948717,0.9817504026778532,3,1,3316,0.0005152895476117241,-2.142490934558978e-06,-0.0004241192247720349
195,9.8,-52.032309939210826,-97.56980660597223,-1.5679186480790115,-52.00687051203124,-97.59317287475501,-1.5701688965691276,0.00226932374170974,0.003237224926354576,0.00010033626805284641,-0.0002506794900940322,2.8493502707993556e-06,2.8998977559771896e-05,0.03454195958619774,-0.0022502484901161246,0.07420612284754079,0.46067379834473093,1,1,4.591373991500377,8,1,7.022070144043799,-0.1816082157767483,4,0,4,0.06385000006048358,0.15017799978522817,0.8187090002138575,0.3825376131443693,0.020136436096581826,5.177184020478257,0.826530612244898,0.673469387755102,0.9789570557344265,3,1,3260,0.0013840400819083538,5.212405907372349e-06,0.0004081995692102325
196,9.850000000000001,-52.031394411867076,-97.88794472853083,-1.5679186480790115,-52.00408518964359,-97.86257008337375,-1.569994126978346,0.0022445346464439707,0.0032297361940534486,9.574727781094068e-05,-0.0002777579416853648,2.47987756962571e-06,3.265531445864938e-05,0.03727822736261862,-0.0020754788993344597,0.07398831556737469,0.6515093364193921,1,1,12.3378008127963,8,1,6.0013042693062575,0.08330497308038604,4,0,4,0.05936599973210832,0.14230800024961354,0.7746149999547924,0.3815747138180725,0.020085807691524647,5.154211052538871,0.8274111675126904,0.6751269035532995,0.9827888111484748,3,1,3302,0.0005208271177664926,2.551254618107806e-08,0.0005907648243010932
197,9.9,-52.03049414331239,-98.20354989210504,-1.5679186480790115,-52.01327608317029,-98.20352197914048,-1.5753888865722965,0.0022205417237327533,0.0032567053820605077,9.616415901292886e-05,-0.00030170132590876127,3.5072658196583014e-06,3.556433560121024e-05,0.01721808276755953,-0.007470238493285208,0.07400842591079249,0.7264503045831033,1,1,7.307462667596607,8,1,6.468609565806664,0.0673663590909552,4,0,4,0.06597999981750036,0.15762900011395686,0.7594769999741402,0.3806118885437542,0.020042054217315853,5.131848624518892,0.8282828282828283,0.6767676767676768,0.9823201896775363,3,2,3328,0.001368695700852623,-7.944181242114645e-06,0.0013928667642177928
198,9.950000000000001,-52.029590060060436,-98.51704171339411,-1.5679186480790115,-52.020879700537805,-98.54287950097083,-1.579468157607372,0.002196896956447567,0.003270448056028733,9.470572609577435e-05,-0.0003217927590755112,3.776928856531147e-06,3.769160135925436e-05,0.027266492804780912,-0.011549509528360424,0.07394149722906819,1.5701121138459377,1,1,9.03411010634762,8,1,6.31502936909113,-0.01988294941345435,4,0,4,0.06282999993345584,0.15730700033600442,0.7733329998700356,0.37965929305894014,0.02000839154932283,5.113950451098426,0.8291457286432161,0.678391959798995,0.9833063881581802,3,2,3247,0.00045555339090029334,1.9520119515487744e-06,0.0005482510197909463
199,10.0,-52.02868597680848,-98.82811501661676,-1.5679186480790115,-52.02544035101415,-98.84377355708911,-1.5859705259604349,0.002173457546105455,0.0032717263653462858,9.37187989793894e-05,-0.00033908017584175583,3.1389976687612805e-06,3.937974921156805e-05,0.01599137193992126,-0.018051877881423373,0.07379148942426722,3.501356923641281,1,1,5.149999815713917,8,1,6.122902878197958,-0.0755813167869537,4,0,4,0.06360300039887079,0.1502129998698365,0.7848609998291067,0.3787106435418296,0.019999085109181556,5.1058874834611405,0.83,0.68,0.9810426787502206,3,2,3283,0.001290494908459268,8.91172030324067e-06,-0.00015297902282318532
200,10.05,-52.02780096704286,-99.13725045362848,-1.5679186480790115,-52.03619327865762,-99.16201657971175,-1.5889424629888684,0.0021502974964807495,0.003280323267749709,9.36274088714345e-05,-0.00035372940136679695,2.9402507903994447e-06,4.086339292690475e-05,0.026149414819674897,-0.02102381490985694,0.07369274566896296,4.8374497140611785,1,1,6.577173331272212,8,1,6.215524518050765,0.06269019117331243,4,0,4,0.06537399985973025,0.15413199980685022,0.7602000000588305,0.3777719052936544,0.020004313195881345,5.104551972170594,0.8308457711442786,0.681592039800995,0.9799903872777623,3,2,3432,0.00040806524879202956,-4.585138394979915e-06,-0.001362294051796109
201,10.100000000000001,-52.026923586671764,-99.44409707228083,-1.5679186480790115,-52.033796539475084,-99.46823574160862,-1.577068668819209,0.002127421214525679,0.0032992164739846703,9.532988440461117e-05,-0.00036616804417831026,3.0174631903223706e-06,4.235966546946341e-05,0.02509806441049617,-0.00915002074019755,0.07366571582839841,1.0384631152789812,1,1,5.77023818916517,8,1,6.350792195811817,0.12116437083504573,4,0,4,0.06591900000785245,0.14656900020781904,0.9076809997168311,0.3768398037346137,0.019965118680577428,5.084422819413704,0.8316831683168316,0.6831683168316832,0.9782883437670248,3,2,3322,0.0012569312821837843,-5.6280265487467336e-06,-6.784853176222683e-05
202,10.15,-52.026042391603404,-99.74909737745661,-1.5679186480790115,-52.03734800272465,-99.75435987914081,-1.5712454288293876,0.002104332292119801,0.0032643951993067185,9.155630102715398e-05,-0.0003817114802989682,6.010572060073667e-07,4.382530529224158e-05,0.012470395615256697,-0.003326780750375846,0.07327160085207993,0.1916894098484459,0,1,9.687651551475554,8,1,5.523630023799193,0.14195818157496193,4,0,4,0.06423000013455749,0.14933200009181746,0.8353339999302989,0.3759114999208883,0.01991725149989307,5.060320684391216,0.8275862068965517,0.6847290640394089,0.9798090503040666,3,2,3297,0.00037215868485035295,3.499744581386161e-06,-0.0004029554780573541
203,10.200000000000001,-52.02516501123231,-100.05186989942926,-1.5679186480790115,-52.03216261063922,-100.0514330124598,-1.5622124603366032,0.002081411181839479,0.003259279314552916,9.04075269430856e-05,-0.0003953785074769865,2.4245234731359854e-07,4.522796893719341e-05,0.007011224406881656,0.005706187742408275,0.07308002802676251,0.38823073289585147,1,1,18.391469312179314,8,0,5.922646120379537,0.02931173777507412,4,0,4,0.0628990001132479,0.14689599993289448,0.806035000096017,0.3749893376205777,0.019872391031435427,5.0374182826682,0.8284313725490197,0.6862745098039216,0.9883747945489911,3,2,3344,0.001243899619560374,6.095898573673889e-06,0.0005095195490865123
204,10.25,-52.024299074953014,-100.35281899610895,-1.5679186480790115,-52.02647133052551,-100.34282299536179,-1.564839582518774,0.002058686457387189,0.0032578590658312707,9.148366864708414e-05,-0.0004086199126810898,-3.160217884176108e-07,4.675996313372985e-05,0.010229307171532531,0.003079065560237737,0.07291464546453243,0.12616657305404078,0,1,0.6741258422777471,8,0,5.920575907267032,-0.13748675849047579,4,0,4,0.060460999975475715,0.14405499996428262,1.0012909997385577,0.37407429363740036,0.019825028946210143,5.013460957255447,0.824390243902439,0.6878048780487804,0.9825418328440604,3,2,3320,0.0003681905582867726,-1.0092092640289954e-07,0.00023103458806872368
205,10.3,-52.023444582765514,-100.65154030958551,-1.5679186480790115,-52.02947869044433,-100.61770834868442,-1.5728272208471719,0.0020360023177826694,0.0032267941657609786,8.82046689568848e-05,-0.0004210547720617714,-1.967269889561373e-06,4.794136423053154e-05,0.03436585564034255,-0.004908572768160369,0.07254513411348584,0.690316713550889,1,1,1.572878269644952,8,0,5.428145390453208,-0.07258003166970027,4,0,4,0.06484999994427199,0.15350200010288972,0.7679549999011215,0.37317292335814967,0.01977980821638114,4.992474820150085,0.8252427184466019,0.6893203883495146,0.9775038068880446,3,2,3298,0.0012741466154162955,-5.134129881995437e-06,0.0008993333205582488
206,10.350000000000001,-52.022590090578014,-100.94839242140192,-1.5679186480790115,-52.02256548310378,-100.88666616306494,-1.5616768708581004,0.0020053827288653158,0.0029697884207467726,6.781323478369132e-05,-0.00040735082064447903,-1.1825137674018978e-05,3.772398725293686e-05,0.061726263241919765,0.006241777220910905,0.07053489313532763,1.7671755499060005,1,1,11.808916584600809,16,1,5.558513269892409,0.06141683022169868,8,0,8,0.05851299965797807,0.6308209999588144,1.218373000028805,0.372295169254982,0.019736741685273396,4.9768936642551855,0.8260869565217391,0.6908212560386473,0.9759786698157485,3,2,3315,0.00038359348392362,2.448245302392214e-07,-0.0004663060419263232
207,10.4,-52.021739899534126,-101.24295560699528,-1.5679458123221304,-52.01858408776659,-101.15368651990872,-1.5661524503968558,0.0019758735860185873,0.0027721929608579294,6.243146444935876e-05,-0.0003961241548869971,-1.7516543940644276e-05,3.270331294853689e-05,0.08932485128552176,0.0017933619252747945,0.06890621558957158,3.0180952159868326,1,1,5.8737612173324765,16,0,5.457411708574351,-0.22466138504364286,8,0,8,0.062262000028567854,0.18282799965163576,1.6202540000449517,0.37145078998105585,0.019689633086359373,4.967476364023127,0.8269230769230769,0.6923076923076923,0.9721250711212394,3,2,3284,0.0012779662754836877,6.531293568761313e-06,0.001096205800814598
208,10.450000000000001,-52.02089407350389,-101.53564952906366,-1.567989088689844,-52.02061509153738,-101.43581323170774,-1.5681187568273025,0.0019452707130493152,0.00260421665573007,5.812086273217607e-05,-0.0003851446982184566,-2.0807726981006524e-05,2.9005631825441166e-05,0.09983668714794938,-0.00012966813745851624,0.067449887833705,3.96859180734329,1,1,14.654729844470157,18,1,5.928213129992942,0.07513054921780088,9,0,9,0.06177200020829332,0.22480600000562845,1.6638490001241735,0.37062542998599307,0.019642474268656625,4.96269701207729,0.8277511961722488,0.69377990430622,0.9711315276426538,3,2,3281,0.0004024402726581987,1.7828854154437358e-05,0.0006096054371402815
209,10.5,-52.020076991603396,-101.82603194441724,-1.5679813655226829,-52.02106687235398,-101.76464985545714,-1.576851179560412,0.0019134471793534505,0.002429986381634887,5.455737963786211e-05,-0.00037256297888914336,-2.418133275120794e-05,2.5519963630059524e-05,0.061390070117293326,-0.008869814037729462,0.06590473094542104,3.2308016810537743,1,1,20.11961252512913,22,1,6.290592232400396,-0.22128360898016589,11,0,11,0.0619630000073812,0.24811299999782932,1.4791609996791522,0.36976620345281097,0.01960520750046066,4.954449891453368,0.8285714285714286,0.6952380952380952,0.9707777546077079,3,2,3261,0.0012838985560166317,7.858297984465994e-07,0.001296940993140261
210,10.55,-52.01927012364342,-102.11454516549114,-1.5679717781427585,-52.02199126427326,-102.07345571048093,-1.5760774457906563,0.0018817163990254603,0.0022983981612998113,5.23222256947247e-05,-0.0003618361097273163,-2.5647335482517868e-05,2.374717256148378e-05,0.04117945992073362,-0.008105667647897885,0.06465380545896175,2.1318380265492505,1,1,20.904312671451542,22,1,6.223359307147376,0.10418817477165987,11,0,11,0.06260999998630723,0.22274100001595798,1.6649520002829377,0.3688998325574921,0.01956665309159055,4.941072584036761,0.8293838862559242,0.6966824644549763,0.9706499178121353,3,2,3276,0.00037376320083509106,-6.670756438480516e-06,-0.00020228850580039648
211,10.600000000000001,-52.018465222520376,-102.4007924189091,-1.5679717781427585,-52.02449317865135,-102.42066172257715,-1.5797732775859563,0.0018496387004599793,0.0022143446865593025,5.2821824968365174e-05,-0.00035093196032760804,-2.603759610004831e-05,2.275447870505354e-05,0.020763561432709767,-0.011801499443198082,0.06374937950301385,2.847652393737419,1,1,26.68123825163731,22,1,6.441040813208389,-0.13664381784882565,11,0,11,0.06034199986970634,0.2098160002788063,1.580511000156548,0.3680315201889111,0.019537270994289275,4.931197960497613,0.8301886792452831,0.6981132075471698,0.9721445699052247,3,2,3299,0.0012577006695959874,-3.6203064777375937e-06,0.0006689686328171796
212,10.65,-52.017666788028336,-102.68524688045134,-1.5679423502127132,-52.02513155958459,-102.7113016559545,-1.5726488802312428,0.0018199692532847903,0.002100051065207864,4.98774165420079e-05,-0.00034344688376901984,-2.7301090669783383e-05,2.208503086927527e-05,0.02710302826082037,-0.004706530018529609,0.06261006563239377,0.8283220442853678,1,1,19.95206763299673,22,1,5.518059458763251,0.17015696515404616,11,0,11,0.05935100034548668,0.2074149997497443,1.6023329999370617,0.3671712763966187,0.01949402249788408,4.911935632252486,0.8309859154929577,0.6995305164319249,0.9717443711029609,3,2,3225,0.0003493259056211505,-9.20856003502774e-06,-0.001408739947450055
213,10.700000000000001,-52.01686459218505,-102.96751155415332,-1.5679514049604195,-52.02054376805153,-102.97446086187054,-1.5698596842401962,0.00179073252086138,0.0020085495833507203,4.9244907185594716e-05,-0.0003362396352600799,-2.81110770815835e-05,2.1572472833206294e-05,0.007863155397492888,-0.001908279279776437,0.06163831685090127,0.11190087742483919,0,1,35.288820039782536,22,1,5.415666103923301,-0.23891872892911103,11,0,11,0.05917099997532205,0.20933999985572882,1.5867520000938384,0.3663127894063958,0.01944885985538656,4.889505563304693,0.8271028037383178,0.7009345794392523,0.9755998156360864,3,2,3256,0.001242030112811814,-2.1051759952082126e-06,0.0011729106667281997
214,10.75,-52.0160567355398,-103.24802909138721,-1.5679617912886707,-52.022429408769504,-103.24973171709593,-1.5653531912717455,0.0017616368869929862,0.0019362837760061784,4.7074909495168634e-05,-0.0003311989445621468,-2.8075852743352532e-05,2.124613463397759e-05,0.006596203331962203,0.002608600016925422,0.06081053085608746,0.1654129182043882,0,1,28.582121704125363,22,1,5.417535893440152,0.028123607687306137,11,0,11,0.06190200019773329,0.2078039997286396,1.572283999848878,0.36546018319052387,0.019404392792568868,4.867533039373994,0.8232558139534883,0.7023255813953488,0.9775609522091253,3,2,3283,0.00030273812365491166,1.1260765561604494e-05,-0.00016402972167472996
215,10.8,-52.015274722600346,-103.52644858601612,-1.5679617912886707,-52.021080623236884,-103.54904054682738,-1.5626808279965896,0.0017329901260229312,0.0018774067133700198,4.6515458746494816e-05,-0.0003273671875366758,-2.8077357088779006e-05,2.106780643320052e-05,0.02332606215157781,0.0052809632920811644,0.060086577863886964,0.9617533666678066,1,1,30.145704808471848,22,1,5.352572452878202,0.07254882462862904,11,0,11,0.06143400014479994,0.20986999970773468,1.5912180001578236,0.3646166834725616,0.019362757469975577,4.849450726074428,0.8240740740740741,0.7037037037037037,0.979926604963745,3,2,3239,0.0012364464415366367,-7.1790884728033905e-06,0.0006730982102451932
216,10.850000000000001,-52.01449652435816,-103.80315909627002,-1.5679617912886707,-52.019422083495165,-103.82015975410485,-1.5574189729996035,0.001704253644855676,0.0018378306578457797,4.670290918672058e-05,-0.0003239816851359843,-2.776341151659254e-05,2.1027036528430868e-05,0.017699816372749366,0.010542818289067224,0.059515412312286436,2.6420475843405735,1,1,19.341274233123553,22,1,5.472077505471594,0.06440198247609827,11,0,11,0.06087700012358255,0.211458999729075,1.5912349999780417,0.36377756706264763,0.01933134419207815,4.839278361365977,0.8248847926267281,0.7050691244239631,0.9793231452261077,3,2,3157,0.00028854120640247683,-6.149600005587774e-06,-0.000915514677763074
217,10.9,-52.013714511418705,-104.07777915242237,-1.5679617912886707,-52.016666578206745,-104.09114611579263,-1.5648382097014053,0.0016755202546404637,0.001814148467336264,4.7769318390715095e-05,-0.00032066467971407356,-2.7300826346941452e-05,2.109456982563338e-05,0.013689061620977255,0.003123581587265445,0.05907341806579951,0.3331963229715692,1,1,17.31778278148846,22,1,5.59357533715076,-0.11985674644190604,11,0,11,0.06126400012362865,0.20622600004571723,1.5841829999772017,0.36294344001117823,0.019288115509164858,4.818608260272425,0.8256880733944955,0.7064220183486238,0.9781793880796018,3,2,3294,0.0012167838229519485,3.5905403753383653e-06,0.0008178018964826173
218,10.950000000000001,-52.012931508037354,-104.35031627348341,-1.5679900207962256,-52.00895197890355,-104.35722659617429,-1.5621282127424136,0.0016475218628309717,0.0017853922338212187,4.6723606519545924e-05,-0.0003164357246412256,-2.692707294994593e-05,2.105407925183405e-05,0.00797428440794129,0.005861808053811757,0.05859107523038121,0.807496423032418,1,1,20.726549136110616,22,1,5.423014054591456,-0.04185088215048234,11,0,11,0.06177499972181977,0.20585500033121207,1.5723699998488883,0.3621142548464064,0.019248104451622505,4.800292681106946,0.8264840182648402,0.7077625570776256,0.9779659944804515,3,3,3258,0.000847026320162225,1.4331934087274714e-05,0.0009609958129632723
219,11.0,-52.01217995231003,-104.61826826007717,-1.5679845613159908,-52.00688645088565,-104.64860540983734,-1.5739276947978849,0.0016201945086650655,0.0017550574138360231,4.57404407603023e-05,-0.00031289266881767946,-2.6728683632451103e-05,2.1042428437663025e-05,0.030795516116814012,-0.005943133481894236,0.058096918356321525,1.2142841649654852,1,1,34.13543847748193,22,1,5.279191790220679,-0.03331822354341281,11,0,11,0.0615730000390613,0.2094430001307046,1.5289359998860164,0.36129629627283455,0.019208488512578406,4.7839926423972114,0.8272727272727273,0.7090909090909091,0.9813403759240109,3,3,3250,0.0027767694234825772,-1.1329545677176826e-06,-0.0005367614121496445
220,11.05,-52.01146894875756,-104.87344111485717,-1.56795260338291,-52.01343557112887,-104.88709636930997,-1.579494076114784,0.0015941778463533201,0.0017103176700276092,4.456141568904296e-05,-0.0003077140643074594,-2.710433481995375e-05,2.085393011784807e-05,0.01379614358152549,-0.011541472731873892,0.05748474159619168,3.100430866535871,1,1,23.195567800378655,22,1,4.85910269920681,-0.1118361256762156,11,0,11,0.06152500009193318,0.21198699960223166,1.5825410000616102,0.36047915164095934,0.019180699716775423,4.776374715809604,0.8280542986425339,0.7104072398190046,0.9817672976491705,3,3,3305,0.018897556846442735,-1.056195128164615e-05,0.0009074915846412068
221,11.100000000000001,-52.01092418899994,-105.0687536822563,-1.5679355591519335,-52.01253032699067,-105.05772974353384,-1.5788617262144238,0.0015717187869455792,0.0016203769464939678,3.929497964389881e-05,-0.00030396609554124616,-2.8641433641199913e-05,2.0423820638719452e-05,0.011140327831882804,-0.0109261670624905,0.0564986347927058,3.240186837760593,1,1,17.566090386139123,22,1,3.6117091773978767,-0.05884000741411452,11,0,11,0.06130800011305837,0.21616799995172187,1.732594999793946,0.3596671224682852,0.019151495781188375,4.7694549505931665,0.8288288288288288,0.7117117117117117,0.9807015497204858,3,3,3303,0.02662498696145139,-1.2321099756400656e-05,-0.000593657136282566
222,11.15,-52.010557917695266,-105.1967444265865,-1.5679300996716987,-52.00962397695642,-105.1694747597038,-1.5732057934152854,0.0015539503665439182,0.001502791507747369,3.255624108998107e-05,-0.000302280101510587,-3.116533152341744e-05,1.984368347560333e-05,0.02728565515426068,-0.005275693743586718,0.05528780945462831,1.4802675932562492,1,1,24.346504512135887,22,1,2.115235289352311,-0.033773746176820774,11,0,11,0.06166000002849614,0.21368099987739697,1.9178499996996834,0.35886443948416963,0.019111772540573325,4.75470523150197,0.8295964125560538,0.7130044843049327,0.9814296291787846,3,3,3284,0.02639672641848039,-2.3085755875961594e-07,0.00011707513804104508
223,11.200000000000001,-52.010385824975856,-105.25803134069238,-1.5679331623069523,-52.01056097883647,-105.22499612871934,-1.5715479860995303,0.0015413808254740272,0.0013840799077942162,2.64964098068394e-05,-0.00030209140964171036,-3.418704417700154e-05,1.9226345278872102e-05,0.033035676305757766,-0.003614823792577937,0.05408752844481104,1.4251010726375126,1,1,24.434668283643248,22,1,0.6804182705842451,-0.007431157415581865,11,0,11,0.0610319998486375,0.21615900004690047,1.54388500004643,0.3580693101643411,0.019070594115463704,4.739840927221325,0.8303571428571429,0.7142857142857143,0.9821723711959502,3,3,3236,0.026141874863772844,-3.4761123675166233e-06,0.0006293055326085373
224,11.25,-52.01037499683694,-105.26421116295549,-1.5679299665136444,-52.01023313833147,-105.23906095369549,-1.5714494633866247,0.001531934172508951,0.001281374397845577,2.24567675629297e-05,-0.00030231989554447815,-3.677695676402233e-05,1.8636203259033535e-05,0.02515060932974802,-0.0035194968729803655,0.05304063131557286,1.1741628382671596,1,1,29.064973388533282,22,1,-9.067346793949626e-05,-0.037854539605936544,11,0,11,0.061669999922742136,0.21108700002514524,1.5713110001343011,0.3572766489282854,0.01902961438035089,4.723993469048195,0.8311111111111111,0.7155555555555555,0.9841093013835405,4,3,3252,0.006181497951072255,-6.87560366427771e-06,0.0019192532235159376
225,11.3,-52.01037518144736,-105.26439426895342,-1.5679298333555898,-52.00591617300676,-105.24216312018001,-1.5664217550134254,0.0015230827275968944,0.0011934740249152163,1.9750870155377138e-05,-0.0003023235227202772,-3.8522807650693796e-05,1.809271474520552e-05,0.02267392184998041,0.0015080783421641542,0.05212059815957709,0.5905927390358063,1,1,31.012793685211808,22,1,-0.00027753135027826784,0.016047686617112807,11,0,11,0.06190200019773329,0.20900399977108464,1.868200999979308,0.35648852814116067,0.01898773178444568,4.705704085287079,0.831858407079646,0.7168141592920354,0.9865272737633891,4,3,3290,0.00020585274845323506,-7.094688915302709e-07,-0.0007714226587003381
226,11.350000000000001,-52.01037518144736,-105.26462315078936,-1.5679298333555898,-52.00420946905042,-105.2502315812584,-1.566372265120673,0.001514623575461735,0.001117387867214032,1.78460498581295e-05,-0.0003021494142177739,-3.9759547936687976e-05,1.7598274628055834e-05,0.015656732830514237,0.0015575682349169284,0.0513031328738876,0.4046605201028726,1,1,21.5894545975551,22,1,-0.0005400600037733314,-0.024508857642362,11,0,11,0.06114000007073628,0.21793399992020568,1.9735529999707069,0.3557039623864568,0.01894614447064571,4.6867567568060915,0.8325991189427313,0.7180616740088106,0.986497960608474,4,4,3294,0.00025377781695837883,-6.560873834299506e-07,0.0013234766200183046
227,11.4,-52.01037518144736,-105.26486729141436,-1.5679298333555898,-52.006687217775536,-105.25567496426014,-1.5668486018557461,0.0015064369368866703,0.0010508748701346566,1.6453236909957292e-05,-0.0003018239559542359,-4.066663286980772e-05,1.7150348081196147e-05,0.009904542117380859,0.0010812314998434047,0.0505698705458233,0.186475324013249,0,1,23.764055806356527,22,1,-0.00035068730115516854,0.019912346773819048,11,0,11,0.06105800002842443,0.2057970000350906,1.5282160002243472,0.35492365877075643,0.018904685864426285,4.667018680346473,0.8289473684210527,0.7192982456140351,0.9870242886659228,4,4,3299,0.00026567147580624633,-6.998265417717122e-07,-0.000974998157471596
228,11.450000000000001,-52.01037518144736,-105.2650732850667,-1.5679298333555898,-52.009087777198914,-105.26741066814593,-1.5669239256648793,0.0014984603683806006,0.000992220614599232,1.540674520584562e-05,-0.00030136287186091095,-4.134700825009574e-05,1.6743064789822056e-05,0.00266847697347138,0.0010059076907102948,0.049906722823481735,0.0849627255503542,0,1,21.901520441020416,22,1,-0.00014760302368976546,-0.011038091241367225,11,0,11,0.060616000155278016,0.20705999986603274,1.5993960000741936,0.3541479123262817,0.018863481217069718,4.6470097023779315,0.8253275109170306,0.7205240174672489,0.9870717711672866,4,4,3225,0.00022313688247053507,-5.9047864267723e-07,0.0005646573845297098
229,11.5,-52.01037518144736,-105.26522587295733,-1.5679298333555898,-52.00805328583677,-105.25920052112951,-1.5665443916664135,0.0014906479436180078,0.0009401070258595631,1.4606139313496518e-05,-0.0003007921507516862,-4.186563203379132e-05,1.637240015894489e-05,0.006457248940177154,0.0013854416891763144,0.049302687243978606,0.19664464253022101,0,1,28.498441264373433,22,1,-0.00021623154563407137,0.014535480980539663,11,0,11,0.06280300021899166,0.2096979997077142,1.952591999724973,0.35337744340936195,0.018822650665713096,4.627660289074245,0.8217391304347826,0.7217391304347827,0.9887846151821081,4,4,3296,0.0001657506518465029,-4.3739159121221985e-07,-0.0006985645275561225
230,11.55,-52.01037518144736,-105.26534794326983,-1.5679298333555898,-52.009549704746895,-105.25159240731321,-1.5623499719199745,0.0014829906870714878,0.0008934915987144802,1.3997088802794857e-05,-0.0003001327538504871,-4.2261817068228974e-05,1.6032120082095504e-05,0.013780282335164718,0.005579861435615285,0.048749177283170304,2.5916539248124226,1,1,11.671166542499094,22,1,-0.0008216093934352843,0.05388496415880672,11,0,11,0.061222000113048125,0.21034200017311377,1.6498659997523646,0.35261289324574796,0.018785452579775853,4.618846408709476,0.8225108225108225,0.7229437229437229,0.9862526978060391,4,4,3325,0.00013200048042252756,-3.499132695370015e-07,-0.0025095585733652115
231,11.600000000000001,-52.01037518144736,-105.26543186660967,-1.5679298333555898,-52.015001509129384,-105.25274382726238,-1.5628553758604957,0.0014754613618661394,0.0008515390574283519,1.3508318232756648e-05,-0.0002993931631456888,-4.256262627071322e-05,1.5718205500753724e-05,0.013505156433747988,0.0050744574950938315,0.048238992726781636,2.103179356677978,1,1,23.95088909254573,22,1,0.00038465700163543934,0.030884215024697945,11,0,11,0.058988000091630965,0.2154379999410594,1.7452540000704175,0.35185324816614194,0.01874788332095076,4.608003016243822,0.8232758620689655,0.7241379310344828,0.9868154674715768,4,4,3243,9.134631791136507e-05,-2.4056537164552787e-07,-0.0014662312343718398
232,11.65,-52.01037499683694,-105.26549290123674,-1.5679299665136444,-52.01672990812658,-105.25456612583979,-1.5613269892030466,0.0014680471954383603,0.0008135766124274038,1.311548240329356e-05,-0.0002985821771512826,-4.279071565196043e-05,1.542778374632725e-05,0.012640384411665309,0.00660297731059778,0.04776634597565282,3.545935329676778,1,1,20.816058781590502,22,1,-0.0001140993891419804,-0.0010017648349740188,11,0,11,0.060539000060089165,0.20738599960168358,1.570611000261124,0.3510983629717312,0.01871260909739929,4.603444785829372,0.8240343347639485,0.7253218884120172,0.9865934402726735,4,4,3176,6.655749577405773e-05,9.658610603158062e-09,5.4046224223114336e-05
233,11.700000000000001,-52.01037518144736,-105.26553867813311,-1.5679298333555898,-52.01770815895972,-105.26310650876401,-1.5609487569737006,0.0014607334329226694,0.000779062286430902,1.2805204856055124e-05,-0.00029771787871327794,-4.2960154962282706e-05,1.5158482416300823e-05,0.00772580138476301,0.00698107638188894,0.04732648010737299,4.0135758813733124,1,1,22.874721561336145,22,1,2.969160539986156e-05,0.028295115743360036,11,0,11,0.06102400038798805,0.21481799967659754,1.734775999921112,0.3503477136048131,0.018678158169383896,4.600923978545372,0.8247863247863247,0.7264957264957265,0.9868823893525495,4,3,3238,4.987505285519531e-05,-3.1582560568188506e-07,-0.001467046628359281
234,11.75,-52.01037518144736,-105.26557682510577,-1.5679298333555898,-52.016884938643116,-105.26282218632282,-1.5637657909505545,0.0014535065577104534,0.0007475461015395201,1.2554613815706391e-05,-0.00029681146740024016,-4.308241775482275e-05,1.4908357994888298e-05,0.007068590635496795,0.0041640424050353175,0.04691537764155771,1.428230800721152,1,1,21.120778232686096,22,1,0.00025371462239613007,-0.0250074807285073,11,0,11,0.06100100017647492,0.21999499995217775,1.5549479999208415,0.34960180232965526,0.018640354292778646,4.587423156512076,0.825531914893617,0.7276595744680852,0.986737270351795,4,3,3245,4.1183636434676426e-05,-1.0934789584658289e-07,0.0012376559898257256
235,11.8,-52.01036755205283,-105.2656073426839,-1.5679298333555898,-52.014690678301015,-105.26014558913934,-1.5600413743952581,0.0014463656201792242,0.0007186512658601206,1.2360836067043551e-05,-0.0002958706048090051,-4.3164584204390486e-05,1.4674617001373283e-05,0.006965642277578974,0.007888458960331413,0.046529741951136426,5.450900033208595,1,1,21.308758736691463,22,1,0.0007690693647189886,0.04879147973316894,11,0,11,0.058629000250221,0.21412699970824178,1.6182320000552863,0.34886062892278114,0.018607906523299148,4.591081956837062,0.826271186440678,0.7288135593220338,0.9866396503099945,4,3,3313,3.278674561890618e-05,7.541884867617576e-06,-0.0024568878114221704
236,11.850000000000001,-52.01036755205283,-105.26563023086749,-1.5679298333555898,-52.01321696726124,-105.26215917265782,-1.5618570654233976,0.0014393132279576486,0.0006920612986565561,1.219251771261741e-05,-0.00029490352134831034,-4.321330616497608e-05,1.445527165804248e-05,0.004490814193981697,0.006072767932192136,0.046166811960695366,3.2958735805550057,1,1,29.014153237224484,22,1,-0.00014893283736035472,0.01695637786133728,11,0,11,0.06904099973326083,0.2065210001092055,1.6251560000455356,0.34812398024750857,0.01857279738180695,4.585616942591146,0.8270042194092827,0.729957805907173,0.988416043341206,4,3,3250,2.4552538451006257e-05,-6.560873961160309e-08,-0.0008562438189985144
237,11.9,-52.01036755205283,-105.26563023086749,-1.5679298333555898,-52.011466912866084,-105.27527373885066,-1.5617228918869195,0.0014323389839125125,0.0006675100708619395,1.2062134118812628e-05,-0.0002939138533085151,-4.3234074598721345e-05,1.4249051044808319e-05,0.009705969318888315,0.006206941468670291,0.04582410997252922,3.8217442270878936,1,1,27.86066529933013,22,1,-0.0003501416366250332,0.04055141748200566,11,0,11,0.05941200015513459,0.20897100012007286,1.624183999865636,0.3473924272079381,0.01853810433493013,4.582407393366343,0.8277310924369747,0.7310924369747899,0.9898946488406799,4,3,3246,0.0,0.0,-0.0021199192851781845
238,11.950000000000001,-52.01036755205283,-105.26563023086749,-1.5679298333555898,-52.00689117193984,-105.2672463723736,-1.56123606562266,0.001425428422107538,0.0006447720832696846,1.1954271299879929e-05,-0.0002929070967386687,-4.3231703551388995e-05,1.4055321514901388e-05,0.0038336838755643993,0.006693767732929956,0.045499456099795554,4.382446058226631,1,1,32.057265084852716,22,1,0.00018274842519299495,0.03770639436731303,11,0,11,0.06315200016615563,0.21147100005691755,1.5766389997224906,0.34666499169574144,0.01850434743237792,4.581570735060319,0.8284518828451883,0.7322175732217573,0.992366890978813,4,4,3309,0.0,0.0,-0.00198830235749492
239,12.0,-52.01036755205283,-105.26563023086749,-1.5679298333555898,-52.009495518466245,-105.27027854684924,-1.5604310618466797,0.0014185960552256494,0.0006236500700679022,1.185834875212914e-05,-0.00029188716497314865,-4.320724596206503e-05,1.387150038813087e-05,0.004729406309713407,0.007498771508910096,0.045191217346886685,5.486996948888472,1,1,23.68393220049206,22,1,5.584168246582095e-05,-0.00473249773931466,11,0,11,0.06186500013427576,0.22059200000512647,1.5759699999762233,0.3459421537807698,0.018472099505718643,4.585343344284603,0.8291666666666667,0.7333333333333333,0.9928099198302384,4,4,3300,0.0,0.0,0.00023783906362950802
240,12.05,-52.01036755205283,-105.26563023086749,-1.5679298333555898,-52.01205617449481,-105.26896543291423,-1.5626811338114552,0.0014118341523882392,0.0006039724653771038,1.178054351010011e-05,-0.00029084856986953905,-4.316539619619123e-05,1.3696826562103614e-05,0.00373831759541063,0.0052486995441345385,0.04489773510730071,2.651994117704087,1,1,15.168734281241166,22,1,-0.00014085671488441473,-0.0163372261816103,11,0,11,0.06973099971219199,0.210324000363471,1.7299579999416892,0.3452237693817048,0.018436836129994093,4.577321148323688,0.8298755186721992,0.7344398340248963,0.9912218465425124,4,4,3224,0.0,0.0,0.0008293318562211383
241,12.100000000000001,-52.01036755205283,-105.26563023086749,-1.5679298333555898,-52.011860078164936,-105.2682660094636,-1.5622761573424266,0.001405142275020747,0.0005855935427448185,1.1715132220575086e-05,-0.0002897935750325902,-4.310783125099086e-05,1.353016412956815e-05,0.0030290201390990343,0.005653676013163356,0.0446176626210469,3.084262520466209,1,1,15.110907515006378,22,1,-2.3292284881197632e-05,0.008390809214308029,11,0,11,0.060927000049559865,0.2096240000355465,1.7440189999433642,0.3445098137777174,0.01840229317087881,4.571151484572211,0.8305785123966942,0.7355371900826446,0.9896366256360425,4,4,3265,0.0,0.0,-0.00042277583852401435
242,12.15,-52.01036755205283,-105.26563023086749,-1.5679298333555898,-52.014612833206805,-105.26828247840538,-1.5623241185000658,0.0013985176235051778,0.0005683895866603459,1.166056300831578e-05,-0.0002887284847209043,-4.303653602149614e-05,1.3371024279131864e-05,0.00500567968198012,0.005605714855524191,0.04434982762272616,2.9818243107883777,1,1,24.086894849994753,22,1,4.525704859474876e-06,0.005024024605209368,11,0,11,0.06275599980654079,0.21032900031059398,1.5242640001815744,0.3438003650184983,0.018367909860707216,4.564611043527833,0.831275720164609,0.7366255144032922,0.9901818185437208,4,4,3221,0.0,0.0,-0.00023258677683779538
243,12.200000000000001,-52.01036755205283,-105.26563023086749,-1.5679298333555898,-52.01173647909738,-105.2690502352598,-1.5613695702293435,0.0013919592520623264,0.0005522480555425348,1.1614993609147143e-05,-0.0002876518525339117,-4.295355074335367e-05,1.3218599944318789e-05,0.0036838012021187857,0.006560263126246468,0.04409316622340543,4.215091813959874,1,1,22.509156223067478,22,1,-3.216389054966854e-05,0.003408201046915558,11,0,11,0.059841999700438464,0.20990700022593956,1.6661820000081207,0.34309521380880587,0.018335042640615102,4.563178587668948,0.8319672131147541,0.7377049180327869,0.9903517239362011,4,4,3290,0.0,0.0,-0.00016522441292199375
244,12.25,-52.01036755205283,-105.26563023086749,-1.5679298333555898,-52.012485041955024,-105.26587534888915,-1.5620557377855833,0.0013854634217215906,0.0005370763164869596,1.1577216400903952e-05,-0.0002865723803072173,-4.286008830804235e-05,1.3072729320322874e-05,0.0021316299703402603,0.00587409557000651,0.043846775687712204,3.314253556039983,1,1,24.617258962391045,22,1,-6.743881639548156e-05,-0.00939162653785078,11,0,11,0.061237999943841714,0.20566600005622604,1.5775470001244685,0.3423943306323199,0.018301434027147734,4.5580809344786255,0.8326530612244898,0.7387755102040816,0.9910112859492068,4,4,3298,0.0,0.0,0.000492811808362692
245,12.3,-52.01036755205283,-105.26563023086749,-1.5679298333555898,-52.01355232974796,-105.26898220798552,-1.5641709991445183,0.0013790321254660098,0.0005227856630168479,1.1549388332221596e-05,-0.0002854866512853469,-4.275726999174887e-05,1.2932430412266206e-05,0.0046236954449018226,0.0037588342110712603,0.04360983591442254,1.3824792304567775,1,1,18.267193704125493,22,1,-2.0107510096979673e-05,-0.029405129517615123,11,0,11,0.0625080001555034,0.2077359999930195,1.5940970001793175,0.34169782568172635,0.018265770361802623,4.545171984462277,0.8333333333333334,0.7398373983739838,0.9901914680951351,4,4,3238,0.0,0.0,0.0014765936881304675
246,12.350000000000001,-52.01036755205283,-105.26563023086749,-1.5679298333555898,-52.01459094838321,-105.26657109420391,-1.5652393562210032,0.001372660744233482,0.0005093007660251711,1.1522148834128877e-05,-0.0002843965361949318,-4.264694101447657e-05,1.2797603624845996e-05,0.00432692736029942,0.0026904771345863665,0.04338158031075693,0.6729072846897683,1,1,18.77861353200042,22,1,-0.00011763435825774806,-0.012781893537209354,11,0,11,0.06048300019756425,0.20925599983456777,1.5414300000884396,0.3410055393004848,0.018229561449360887,4.529494799442954,0.8340080971659919,0.7408906882591093,0.9894979750711176,4,4,3227,0.0,0.0,0.0006967794615775347
247,12.4,-52.01036755205283,-105.26563023086749,-1.5679298333555898,-52.013875378765896,-105.27052549471622,-1.5648831575504645,0.001366351148037329,0.0004965538586889019,1.1499424852584094e-05,-0.0002833026718404945,-4.2529434402661777e-05,1.2667531123645003e-05,0.006022329814754191,0.0030466758051250764,0.043161383280963445,0.9609118255273161,1,1,14.623855722307251,22,1,-9.54888373692016e-05,0.01611052868408825,11,0,11,0.06169600010252907,0.21551800000452204,1.5191359998425469,0.34031754853987506,0.01819379980800793,4.515105351967488,0.8346774193548387,0.7419354838709677,0.9878576858770732,4,4,3255,0.0,0.0,-0.0007632946129887408
248,12.450000000000001,-52.01036755205283,-105.26563023086749,-1.5679298333555898,-52.011103173804536,-105.27573253529513,-1.5624092372802938,0.0013600978816002396,0.00048448695577580286,1.1481510062314509e-05,-0.00028220860902298064,-4.240620132102429e-05,1.2542314423291998e-05,0.010129051984783683,0.00552059607529598,0.04294863021536359,3.3306539603552094,1,1,22.074737031881636,22,1,-0.00011290697115986916,0.023731807251328445,11,0,11,0.06190000021888409,0.21927499983576126,1.5517679998993117,0.3396340990672314,0.018160599496233464,4.510348519069447,0.8353413654618473,0.7429718875502008,0.9879357735752428,4,4,3243,0.0,0.0,-0.0011048713698982304
249,12.5,-52.01036755205283,-105.26563023086749,-1.5679298333555898,-52.01104024329691,-105.2756732003807,-1.5604288408180635,0.0013538995492868827,0.0004730475598256783,1.1465982413597005e-05,-0.0002811173559459057,-4.2278080145656155e-05,1.2421765364045482e-05,0.010065473170849397,0.00750099253752623,0.04274280183975497,5.915586520626052,1,1,13.82466326000718,22,1,-0.00034295577089380315,0.02368134836189516,11,0,11,0.0607990000389691,0.20767999967574724,1.5757450000819517,0.33895474804052195,0.01813044963928189,4.515969471075673,0.836,0.744,0.9861380636300955,4,4,3285,0.0,0.0,-0.0012175189331173897
250,12.55,-52.01036755205283,-105.26563023086749,-1.5679298333555898,-52.004862104268256,-105.27772599272612,-1.5610923896950575,0.0013477572758373317,0.0004621850266057219,1.1449645448280062e-05,-0.0002800260846274657,-4.2145073932279946e-05,1.2305136006005942e-05,0.013289748313996503,0.006837443660532294,0.04254341667570969,5.318335198720786,1,1,21.018421039878326,22,1,-9.205944082545339e-05,0.006348560220803652,11,0,11,0.061550000282295514,0.21020899976065266,1.7474669998591708,0.338279905567581,0.018099443286374143,4.519166147281431,0.8366533864541833,0.7450199203187251,0.9859850522415871,4,4,3230,0.0,0.0,-0.0003027990693227345
251,12.600000000000001,-52.01036755205283,-105.26563023086749,-1.5679298333555898,-52.00370555542714,-105.27659478085555,-1.561988618338568,0.0013416680230822515,0.00045185976609338636,1.1435614861393606e-05,-0.0002789414235385327,-4.2007772471747856e-05,1.2192573580537739e-05,0.012829791716210516,0.005941215017021939,0.04235006244594732,4.117602713947085,1,1,33.415263416216035,22,1,-5.5337021162647713e-05,0.009728014092451737,11,0,11,0.060617000144702615,0.20915999994031154,1.5441660002579738,0.33760901546682787,0.018067372779023656,4.5175726415935955,0.8373015873015873,0.746031746031746,0.9886231243088466,4,4,3268,0.0,0.0,-0.00047277575358739554
252,12.65,-52.01036755205283,-105.26563023086749,-1.5679298333555898,-52.001034480481366,-105.27317397928591,-1.5642774194667883,0.0013356360357588439,0.00044202947623609725,1.1424762916417567e-05,-0.0002778590071693666,-4.1866963811093024e-05,1.2083409005722587e-05,0.012000598533346297,0.0036524138888012203,0.04216237080614586,1.7291308553604754,1,1,17.34280296515013,22,1,-0.0004214733180438869,-0.01984334533625874,11,0,11,0.06735299984939047,0.20726000002468936,1.5741390002403932,0.33694198806424974,0.01803309318777912,4.506551132557101,0.8379446640316206,0.7470355731225297,0.987636356335348,4,4,3296,0.0,0.0,0.0010020447894931728
253,12.700000000000001,-52.01036755205283,-105.26563023086749,-1.5679298333555898,-52.00044278154613,-105.27273833673333,-1.5645123356294257,0.0013296581152467976,0.00043265916122700224,1.1413038876487034e-05,-0.00027678004750615734,-4.1722399582179104e-05,1.1977400316207216e-05,0.01220763034379082,0.003417497726164065,0.041979962797432296,1.554968650467028,1,1,26.308260044670206,22,1,-1.2168959732240888e-05,0.005956360078865691,11,0,11,0.06124899982751231,0.22723300025973003,1.765906999935396,0.3362789346879374,0.017998837355304515,4.494930729084306,0.8385826771653543,0.7480314960629921,0.9886569134220888,4,4,3259,0.0,0.0,-0.0002995459595696026
254,12.75,-52.01036755205283,-105.26563023086749,-1.5679298333555898,-52.00228534751941,-105.27411225702821,-1.5641272146950207,0.0013237342893294957,0.0004237161134802237,1.1402801613516595e-05,-0.00027570364986232267,-4.1575263476714914e-05,1.1874421441107002e-05,0.011716091409301861,0.0038026186605693013,0.04180251670425741,1.8582180998246256,1,1,23.36501210237812,22,1,-8.541043043954784e-05,0.009733492934547464,11,0,11,0.06012399990140693,0.2051890000984713,1.5317730003516772,0.3356197184674932,0.01796508913321643,4.484590679557797,0.8392156862745098,0.7490196078431373,0.9890149089890715,4,4,3282,0.0,0.0,-0.0005123355425893372
255,12.8,-52.01036755205283,-105.26563023086749,-1.5679298333555898,-51.99946243908643,-105.27299175868231,-1.564003459931051,0.0013178627505334108,0.0004151702015279296,1.1393001737371207e-05,-0.00027462829068859674,-4.1426175241504806e-05,1.177428752525536e-05,0.013157263415251308,0.0039263734245387205,0.04162971237062947,2.01181546580594,1,1,15.676022038869302,22,1,-1.6499056444879918e-06,0.0003797862171942415,11,0,11,0.06271500024013221,0.20932100005666143,1.8212619997939328,0.3349645792068883,0.017931645978242993,4.474931401379079,0.83984375,0.75,0.9876728291217084,4,4,3290,0.0,0.0,-1.8934858962982304e-05
256,12.850000000000001,-52.01036755205283,-105.26563023086749,-1.5679298333555898,-52.001265736340876,-105.272811430017,-1.5640610247368356,0.001312043209345534,0.0004069969665783432,1.1384318996995942e-05,-0.00027355811232896603,-4.127498713320197e-05,1.1676920164658944e-05,0.011593647850408903,0.0038688086187539383,0.04146130938506257,1.897832855251112,1,1,20.164006347333295,22,1,6.998374178019504e-06,-0.0076392105276678855,11,0,11,0.06286300003921497,0.21164999998291023,1.6887329998098721,0.3343130441895146,0.017898352544377105,4.464903780577025,0.8404669260700389,0.7509727626459144,0.987329220010302,4,4,3268,0.0,0.0,0.00038506793789583327
257,12.9,-52.01036755205283,-105.26563023086749,-1.5679298333555898,-52.0002794337683,-105.27138547218047,-1.5643233868790485,0.0013062756404083776,0.00039917011727218883,1.1376120825207315e-05,-0.00027248979850589097,-4.112239656873933e-05,1.1582031920959872e-05,0.011614341698662928,0.003606446476541514,0.041297042965333076,1.6732951916931968,1,1,22.846676403432916,22,1,2.2001566946386832e-05,-0.005389930427165934,11,0,11,0.06135200010248809,0.2093559996865224,1.5928220000205329,0.3336653051514962,0.01786504312306019,4.4540835922480175,0.8410852713178295,0.751937984496124,0.9875751626596041,4,4,3243,0.0,0.0,0.00026161703281113446
258,12.950000000000001,-52.01036755205283,-105.26563023086749,-1.5679298333555898,-51.997013589855406,-105.27428470273581,-1.563055768998863,0.0013005596815988212,0.0003916687235374085,1.1368460794202478e-05,-0.0002714258969929959,-4.0968446429512015e-05,1.1489553538978785e-05,0.01591314518534235,0.004874064356727104,0.041136703868154406,3.083243527435668,1,1,20.808446662458678,22,1,-6.61755115558538e-05,0.005497363921233038,11,0,11,0.059947999943688046,0.21863700021640398,1.7935679998117848,0.3330220086211139,0.01783309318800259,4.448790773464958,0.8416988416988417,0.752895752895753,0.9873754656356692,4,4,3262,0.0,0.0,-0.0002684205304830378
259,13.0,-52.01036755205283,-105.26563023086749,-1.5679298333555898,-51.995388570325424,-105.27593326647172,-1.5637041115697796,0.0012948907794878574,0.00038447378518979543,1.1361260710351308e-05,-0.00027036842380256205,-4.081356131422637e-05,1.1399645983853645e-05,0.01818027602243876,0.004225721785810155,0.04098005081350745,2.5855673401682813,1,1,26.126389184215757,22,1,4.773510839530173e-05,-0.005573771017482943,11,0,11,0.06361299983836943,0.2207820002695371,1.5699710002081702,0.3323828770176678,0.01780069497362771,4.44162452949074,0.8423076923076923,0.7538461538461538,0.9883287402980568,4,4,3219,0.0,0.0,0.0002856252947820437
260,13.05,-52.01036755205283,-105.26563023086749,-1.5679298333555898,-51.99558060785323,-105.27493814915105,-1.5626949617274026,0.0012892702201603178,0.0003775660382368002,1.13598965043096e-05,-0.00026931632004765084,-4.065804527537748e-05,1.1312055405371019e-05,0.017472580276983854,0.005234871628187143,0.04082690605957202,3.585374009152864,1,1,20.082788848045727,22,1,-2.54062549383412e-05,0.032984365968593006,11,0,11,0.06268700008149608,0.20724599971799762,1.5804490003574756,0.33174728006658977,0.01776951592197428,4.438343876156113,0.842911877394636,0.7547892720306514,0.9879710402897605,4,4,3293,0.0,0.0,-0.001645106449723155
261,13.100000000000001,-52.01036755205283,-105.26563023086749,-1.5679298333555898,-51.9948276729847,-105.27279945801234,-1.5609451963854932,0.0012836992433694478,0.0003709271189591116,1.1357686204051675e-05,-0.0002682683513018125,-4.0501934024374334e-05,1.1226486985581134e-05,0.017113902515400296,0.006984636970096325,0.04067709874522222,5.844817262886419,1,1,10.479009578806007,22,0,-8.643518290897876e-05,0.03238549513652291,11,0,11,0.06371600011334522,0.20979700002499158,1.9035159998566087,0.3311152573696716,0.017740820853755567,4.443712095189435,0.8435114503816794,0.7557251908396947,0.9855575854639524,4,4,3335,0.0,0.0,-0.0016021154820919925
262,13.15,-52.01036755205283,-105.26563023086749,-1.5679298333555898,-51.99572364614333,-105.27274668270869,-1.5606970544877665,0.0012781769398825008,0.00036454150686192376,1.1353818479607814e-05,-0.0002672252732611274,-4.034516511387382e-05,1.1142837525129147e-05,0.01628151918876837,0.007232778867823253,0.04053046319429898,6.1636050952428025,1,1,22.443479746118335,22,1,3.4028799709896115e-06,0.028814180439702908,11,0,11,0.061688000187132275,0.20351299963294878,1.7340680001325381,0.33048668609578463,0.017712676705376205,4.450251612299903,0.844106463878327,0.7566539923954373,0.9857200295241129,4,4,3321,0.0,0.0,-0.0013811280019582206
263,13.200000000000001,-52.01036755205283,-105.26563023086749,-1.5679298333555898,-51.995263726087195,-105.27672963129764,-1.5624432457352768,0.0012727025912119922,0.00035839403315363516,1.1345588635040956e-05,-0.0002661863344082974,-4.0188292731849125e-05,1.1061059689827813e-05,0.018743592203977533,0.005486587620312733,0.040386837266188934,4.008167998958787,1,1,36.070021217485746,22,1,-6.216292373819838e-05,-0.005176383451252421,11,0,11,0.06332099974315497,0.22149799997350783,1.9120669999210804,0.32986218764844527,0.017682322705166727,4.448577053158459,0.8446969696969697,0.7575757575757576,0.9887752930262274,4,4,3248,0.0,0.0,0.00024874091614046634
264,13.25,-52.01036755205283,-105.26563023086749,-1.5679298333555898,-51.99600980993596,-105.27798509110694,-1.5613267807471862,0.0012672732460876194,0.0003524722842777031,1.1338935061238132e-05,-0.00026515279250212105,-4.0031765178535385e-05,1.0981287375793787e-05,0.018941682349539236,0.006603052608403548,0.04024606229639519,5.526955989867248,1,1,23.771247092378058,22,1,-0.0001687375140706819,0.014833639832629366,11,0,11,0.06787799975427333,0.20890300038445275,1.8665490001694707,0.32924127401882486,0.017653588856752004,4.452646407636606,0.8452830188679246,0.7584905660377359,0.9892019718096948,4,4,3256,0.0,0.0,-0.0008102071471514094
265,13.3,-52.01036755205283,-105.26563023086749,-1.5679298333555898,-52.00068167422771,-105.2779252026907,-1.560374638138261,0.0012618892793280134,0.0003467632891387941,1.1336380267542442e-05,-0.0002641238017917977,-3.987538003358077e-05,1.0903274405609913e-05,0.01565191877619697,0.007555195217328503,0.04010801127538995,6.7245204285291855,1,1,18.933830027773656,22,1,-7.331481089400193e-05,0.03095721903321305,11,0,11,0.07276199994521448,0.21075699987704866,1.718940000046132,0.3286232179828488,0.017626462382506532,4.461187287414397,0.8458646616541353,0.7593984962406015,0.988606724892178,4,4,3242,0.0,0.0,-0.0015032684430478227
266,13.350000000000001,-52.01036755205283,-105.26563023086749,-1.5679298333555898,-52.00237795344582,-105.27839141335197,-1.560314844508362,0.001256552189739192,0.00034125370531092,1.1329521881549848e-05,-0.0002630971259209768,-3.9719395951706796e-05,1.0826772387280617e-05,0.0150559444839337,0.007614988847227444,0.03997256427914166,6.791462155698796,1,1,17.43877614609322,22,1,-8.13355643806885e-05,-0.01440600674910129,11,0,11,0.06177000022944412,0.21283299975038972,1.60612299987406,0.32800853556751264,0.01759959427770924,4.4699149086439265,0.846441947565543,0.7602996254681648,0.9877037982475331,4,4,3189,0.0,0.0,0.0006892557721585035
267,13.4,-52.01036755205283,-105.26563023086749,-1.5679298333555898,-51.99998982059194,-105.28021612187187,-1.5627180424176548,0.0012512598459111747,0.00033593411214269327,1.1322006751073566e-05,-0.00026207482214349553,-3.956369989090516e-05,1.0751840737698968e-05,0.017900992337468242,0.005211790937934779,0.03983960288524307,3.8094704585376915,1,1,11.997507755299875,22,1,3.700497628343506e-05,-0.004309515315141185,11,0,11,0.062183999943954404,0.22096300017437898,1.5776340001139033,0.32739783348135365,0.01756961310708535,4.467450563680843,0.8470149253731343,0.7611940298507462,0.9856746122996295,4,4,3278,0.0,0.0,0.00022242749109846471
268,13.450000000000001,-52.01036755205283,-105.26563023086749,-1.5679298333555898,-52.00176279794715,-105.27617782884066,-1.5642179684603619,0.001246010940241893,0.00033079609251406315,1.1315903267356944e-05,-0.00026105961602130966,-3.9408400618624144e-05,1.0678590041965113e-05,0.013612259776495937,0.003711864895227901,0.03970902961236847,1.9774158331478222,1,1,17.522325798483045,22,1,-8.759339516686429e-05,-0.01435660570412483,11,0,11,0.06180600030347705,0.20784099979209714,1.928079999743204,0.3267897746321787,0.017538385687556373,4.458193928994847,0.8475836431226765,0.7620817843866171,0.9848106613506654,4,4,3300,0.0,0.0,0.0007384697441010779
269,13.5,-52.01036755205283,-105.26563023086749,-1.5679298333555898,-52.00439375132831,-105.27540386579287,-1.5627426045264767,0.0012408078180069465,0.0003258285573742963,1.1309466936403366e-05,-0.0002600488134669988,-3.925313126589353e-05,1.0606599822066805e-05,0.011454703608163872,0.005187228829113266,0.03958075764031359,3.2538507566964743,1,1,31.980810780851407,22,1,6.793486612227784e-05,-0.010441655375288957,11,0,11,0.0625110001237772,0.20956699972884962,1.6603540002506634,0.3261847919255628,0.017508723217646377,4.453733398727075,0.8481481481481481,0.762962962962963,0.9869418547868507,4,4,3276,0.0,0.0,0.0005605737213043582
270,13.55,-52.01036755205283,-105.26563023086749,-1.5679298333555898,-52.00322531449473,-105.27216108845339,-1.5665297578950028,0.0012356509422358664,0.00032102293196856993,1.1304842812115976e-05,-0.0002590425011558471,-3.909869682068393e-05,1.0535940813636886e-05,0.00967799866416822,0.001400075460586958,0.039454706616631134,0.4139314363823569,1,1,29.50329830985815,22,1,-0.0004162353652407896,-0.020100277741991336,11,0,11,0.059129999954166124,0.20652800003517768,1.7763149999154848,0.32558294953299155,0.01747659638681991,4.438826380415841,0.8487084870848709,0.7638376383763837,0.9885441948741702,4,4,3244,0.0,0.0,0.0010112798772752285
271,13.600000000000001,-52.01036755205283,-105.26563023086749,-1.5679298333555898,-52.0059442882278,-105.27207987691682,-1.566765077168332,0.0012305363745182707,0.0003163720295343085,1.1298042992298992e-05,-0.00025804239250767284,-3.89441921486733e-05,1.0466580118533107e-05,0.007820690316554703,0.001164756187257865,0.03933075646428097,0.3144522765304167,1,1,32.882399955378396,22,1,3.748541681646687e-05,0.002347169051217801,11,0,11,0.06088500003897934,0.21794199983560247,1.6468730000269716,0.324984246322974,0.017444583667725135,4.423663240328026,0.8492647058823529,0.7647058823529411,0.9908239712189996,4,4,3285,0.0,0.0,-0.00011431662132954656
272,13.65,-52.01036755205283,-105.26563023086749,-1.5679298333555898,-52.00573156258716,-105.27357471596666,-1.565643308466596,0.0012254640004731006,0.00031186749809798215,1.1293399897799533e-05,-0.00025704662434473735,-3.879038616309369e-05,1.0398494823138259e-05,0.009198219491661523,0.002286524888993835,0.0392088191427781,0.8253612091193597,1,1,22.93499343599469,22,1,0.0002166156623904649,0.018867770460807422,11,0,11,0.06217899999683141,0.209127999823977,1.5862919999563019,0.3243889687099256,0.017413154475247317,4.410482646807115,0.8498168498168498,0.7655677655677655,0.9910557009518118,4,4,3314,0.0,0.0,-0.0009648649021984923
273,13.700000000000001,-52.01036755205283,-105.26563023086749,-1.5679298333555898,-52.00677879711565,-105.2733773440562,-1.5646537104546356,0.0012204333418974142,0.00030750307216305454,1.1286986386026093e-05,-0.00025605709787022957,-3.863750386830102e-05,1.0331774178903035e-05,0.008537969592230346,0.003276122900953915,0.039088827228000445,1.3890510362619672,1,1,30.163652171602426,22,1,6.959464588027218e-06,0.004889953089943142,11,0,11,0.0601710003138578,0.21839499959241948,1.575325999965571,0.3237968877727022,0.017382476388412792,4.399455524140892,0.8503649635036497,0.7664233576642335,0.9927522161203717,4,4,3202,0.0,0.0,-0.0002558017382399136
274,13.75,-52.01036755205283,-105.26563023086749,-1.5679298333555898,-52.009769965554334,-105.27677815061742,-1.5665928261346698,0.001215444073768594,0.00030327177768489806,1.1280845564224688e-05,-0.0002550730310093088,-3.8485356383906884e-05,1.0266270281128394e-05,0.011163925132948355,0.0013370072209202277,0.03897070504178096,0.696870978178973,1,1,37.028233181701225,22,0,3.775852259197877e-05,-0.004979567212708488,11,0,11,0.06416700034606038,0.21867399982511415,1.6186899997592263,0.32320833109648,0.017351030421189854,4.385991580337394,0.850909090909091,0.7672727272727272,0.995820435196544,4,4,3313,0.0,0.0,0.00024546028580507695
275,13.8,-52.01036755205283,-105.26563023086749,-1.5679298333555898,-52.00935484344448,-105.27471479268507,-1.566819509932044,0.0012104944819344233,0.0002991670557274869,1.1275002049181594e-05,-0.00025409356199182747,-3.833441768627714e-05,1.0202027629076901e-05,0.009140833777232673,0.0011103234235454451,0.03885436317406206,0.46929489054263845,1,1,18.200311552795313,22,1,4.6928279329755664e-05,0.005756388995696069,11,0,11,0.06240299990167841,0.2114459998665552,2.2943059998397075,0.3226227466083696,0.0173196978213899,4.371800650301906,0.8514492753623188,0.7681159420289855,0.9950747115397602,4,4,3212,0.0,0.0,-0.0002580532338471997
276,13.850000000000001,-52.01036755205283,-105.26563023086749,-1.5679298333555898,-52.00914389475176,-105.27493549507813,-1.5663547024856246,0.0012055860763552043,0.00029518380011288965,1.1269202633035922e-05,-0.00025312041906893235,-3.818402497362503e-05,1.0138876401807141e-05,0.009385375816676129,0.0015751308699654132,0.03873977124955817,0.6250232411294269,1,1,28.422811990598966,22,1,1.6160374497766736e-05,-0.0031469884723434273,11,0,11,0.061051000102452235,0.20680900024672155,1.7889890000333253,0.3220403622645833,0.017288665601276273,4.358274378066627,0.851985559566787,0.7689530685920578,0.9963825145707422,4,4,3298,0.0,0.0,0.00015769310994073749
277,13.9,-52.01036755205283,-105.26563023086749,-1.5679298333555898,-52.00765487559991,-105.2741917678249,-1.5683853376352128,0.001200718372724629,0.00029131666486461336,1.1264945856651206e-05,-0.00025215367177230843,-3.803459665347735e-05,1.0076862725821348e-05,0.008981009331439204,-0.0004555042796230424,0.03862686937339399,0.28301390847066693,1,1,17.170157186013302,22,1,-0.0002931474210051543,-0.016440017826585124,11,0,11,0.06088599957365659,0.20654100035244483,1.7716930001370201,0.32146108245071553,0.01725756448943013,4.343615167744338,0.8525179856115108,0.7697841726618705,0.9954354934115431,4,4,3292,0.0,0.0,0.0008389630354939115
278,13.950000000000001,-52.01036755205283,-105.26563023086749,-1.5679298333555898,-52.00636957096638,-105.2738857180904,-1.5691588923042976,0.0011958886073072236,0.00028756065148681764,1.1259387245284237e-05,-0.0002511935925298566,-3.7885646461753846e-05,1.0015942421843307e-05,0.009172618058943406,-0.0012290589487076176,0.038515571640494205,0.3547583536800861,1,1,20.654704207636495,22,1,3.909451005123877e-05,0.00636213786994506,11,0,11,0.06220699970072019,0.21839600003659143,1.5393880003102822,0.3208849400772007,0.01722676634009424,4.329318189916151,0.8530465949820788,0.7706093189964157,0.9951883960222184,4,4,3304,0.0,0.0,-0.00030721323564630865
279,14.0,-52.01036755205283,-105.26563023086749,-1.5679298333555898,-52.0065580132579,-105.27485643437598,-1.569628230142464,0.0011910975805247363,0.0002839109177173436,1.1253760022345118e-05,-0.00025024023628777135,-3.773747927471818e-05,9.956088864934487e-06,0.009981754205054141,-0.0016983967868742234,0.03840583937687184,0.544319206032424,1,1,9.819396769386815,22,0,-1.972811971371296e-06,-0.000825906053112589,11,0,11,0.05966099979559658,0.2058609998130123,1.5963650002959184,0.32031197418513657,0.017196276285377118,4.315800336402281,0.8535714285714285,0.7714285714285715,0.992802082199471,4,4,3317,0.0,0.0,4.342438478488475e-05
280,14.05,-52.01036755205283,-105.26563023086749,-1.5679298333555898,-52.00080493995837,-105.27329796015312,-1.569617541189778,0.001186344017741067,0.00028036258119390164,1.1248414783336646e-05,-0.00024929283067331553,-3.759023612898049e-05,9.897279848658451e-06,0.012257145771619264,-0.0016877078341881457,0.038297605655379666,0.39506181126382917,1,1,36.64879950744227,22,1,0.00010159434966722125,-0.004748364542249204,11,0,11,0.06028099960531108,0.21228200012046727,1.7586700000720157,0.31974235214607255,0.017165945910640832,4.301847530262998,0.8540925266903915,0.7722419928825622,0.9957157291296271,4,4,3346,0.0,0.0,0.0002583103720099622
281,14.100000000000001,-52.01036755205283,-105.26563023086749,-1.5679298333555898,-52.003039877950464,-105.27238753449876,-1.5688315181754036,0.0011816282018855373,0.0002769126878476215,1.1243051840376542e-05,-0.0002483541243869219,-3.744350694461792e-05,9.839514045252764e-06,0.009967745989725591,-0.0009016848198140082,0.03819084824579259,0.20532339228832952,0,1,22.2195088139104,22,1,-2.3642119577771562e-05,0.0013475962018565254,11,0,11,0.059870999848499196,0.2050100001724786,1.5589459999318933,0.3191754815331942,0.017135566932583352,4.287320848922662,0.851063829787234,0.7730496453900709,0.9957772030271701,4,4,3252,0.0,0.0,-7.132215541805209e-05
282,14.15,-52.01036755205283,-105.26563023086749,-1.5679298333555898,-52.001913512195095,-105.27325622135568,-1.5683386961002,0.0011769500599964843,0.0002735552923239393,1.1239496799804496e-05,-0.00024742032558783494,-3.7297684816639965e-05,9.782616873020998e-06,0.011385364326280359,-0.00040886274461016114,0.03808550055231549,0.21593551400307298,1,1,14.614460108460518,22,1,0.000133551309159378,0.018041312663594107,11,0,11,0.06989400026213843,0.20921399982398725,1.6928279997046047,0.31861178702856013,0.0171052825540901,4.272934328304572,0.8515901060070671,0.773851590106007,0.9943545267965541,4,4,3241,0.0,0.0,-0.0009566524066029203
283,14.200000000000001,-52.01036755205283,-105.26563023086749,-1.5679298333555898,-51.996779659838325,-105.27558318829912,-1.5700229986446443,0.0011723091123940243,0.0002702873100692625,1.123457957728215e-05,-0.00024649313208709736,-3.715296633787277e-05,9.7266933955542e-06,0.016843164087216627,-0.002093165289054788,0.03798152738454954,0.6430612150923123,1,1,31.9852411140938,22,1,-0.00011060981287097498,0.009892226092819834,11,0,11,0.06898299989188672,0.20676200028901803,1.5797450000718527,0.3180519265009053,0.0170755928037411,4.2601530849481914,0.852112676056338,0.7746478873239436,0.9963182877764627,4,4,3255,0.0,0.0,-0.0005344323348253077
284,14.25,-52.01036755205283,-105.26563023086749,-1.5679298333555898,-51.9971826237889,-105.27413820378534,-1.569468680083132,0.001167701849304282,0.0002671061411326404,1.1229753015122896e-05,-0.00024557399146679334,-3.7009023893694366e-05,9.67183731085239e-06,0.015691651809028855,-0.0015388467275423423,0.03787885941309377,0.4157112905652979,1,1,30.123816223549944,22,1,6.968484733313666e-05,-0.010221475428674982,11,0,11,0.05961900023976341,0.20578699968609726,1.9867319997501909,0.31749481093150245,0.017045853024042268,4.246663815494216,0.8526315789473684,0.775438596491228,0.9979052923978299,4,4,3266,0.0,0.0,0.0005105485208334315
285,14.3,-52.01036755205283,-105.26563023086749,-1.5679298333555898,-51.99922467016847,-105.27259854714293,-1.5698221957181553,0.0011631316724726917,0.00026400686777938286,1.122442814939947e-05,-0.00024466057872413096,-3.686598733038201e-05,9.617771992244664e-06,0.013142345620296137,-0.001892362362565514,0.03777748721463717,0.4310747320180566,1,1,29.78839810706537,22,1,-2.9485885877980353e-06,-0.000790400609557071,11,0,11,0.06084200003897422,0.215891999687301,1.5551650003544637,0.316940216767097,0.01701639440360525,4.233322594922621,0.8531468531468531,0.7762237762237763,0.9994142449545157,4,4,3298,0.0,0.0,3.8977724034161554e-05
286,14.350000000000001,-52.01036755205283,-105.26563023086749,-1.5679298333555898,-51.99914470509924,-105.27099111611264,-1.5692762293090918,0.0011585991229734148,0.0002609860280011938,1.1221349559071364e-05,-0.00024375230214124103,-3.672403628191871e-05,9.564446407077318e-06,0.012437499119812064,-0.0013463959535018333,0.03767738248571162,0.24424115577938,1,1,24.056356984160935,22,1,-0.00023948868242507746,-0.020118081118338446,11,0,11,0.06115099995440687,0.21646100003636093,1.6788500001894135,0.3163884260880806,0.01698690916679915,4.219423356458708,0.8536585365853658,0.7770034843205574,0.9998111079378609,4,4,3347,0.0,0.0,0.0009816972538829738
287,14.4,-52.01036755205283,-105.26563023086749,-1.5679298333555898,-52.00127164661735,-105.27091890430475,-1.5695730420172205,0.0011540998491642788,0.0002580414091540951,1.1227364382892696e-05,-0.00024284958939671303,-3.658253694422619e-05,9.511883077404693e-06,0.010521671084823303,-0.0016432086616307018,0.037578468014520944,0.3014579098290733,1,1,27.530552289681196,22,1,0.0004747907137838856,0.046899335543832125,11,0,11,0.06070300014471286,0.21859800017409725,1.6538919999220525,0.3158392715151847,0.01695766880019605,4.205819309769021,0.8541666666666666,0.7777777777777778,1.0008681568139206,4,4,3228,0.0,0.0,-0.002344935387372793
288,14.450000000000001,-52.01036755205283,-105.26563023086749,-1.5679298333555898,-52.00257398734533,-105.2706713873475,-1.5686980847627365,0.0011496375722735578,0.0002551685904428084,1.1220114367538629e-05,-0.00024195211103653425,-3.644241427529945e-05,9.460072573533096e-06,0.00928185916215023,-0.0007682514071465363,0.03748074389224907,0.1334907846993454,0,1,12.136952145218125,22,1,6.542150279406162e-06,0.0003462176853982858,11,0,11,0.06991700001890422,0.2059560001725913,1.6969919997791294,0.31529283602190883,0.01692836516996714,4.1917282076061495,0.8512110726643599,0.7785467128027682,0.9989887069651782,4,4,3337,0.0,0.0,-1.7939723329529755e-05
289,14.5,-52.01036755205283,-105.26563023086749,-1.5679298333555898,-52.00747604337078,-105.27045491868245,-1.5700068006370338,0.00114521090243112,0.0002523657265285427,1.121562384774486e-05,-0.0002410600948462374,-3.6303448900948526e-05,9.409005452454085e-06,0.005624805327313845,-0.00207696728144402,0.03738417618404427,0.4732041693414323,1,1,20.429901629507434,22,1,-0.00022639898062988526,-0.02085139571128474,11,0,11,0.06259200017666444,0.21283199976096512,1.6225829999712005,0.31474893155603123,0.01689959323840317,4.1789057109224785,0.8517241379310345,0.7793103448275862,0.998695553570533,4,4,3232,0.0,0.0,0.001061383727937848
290,14.55,-52.01036755205283,-105.26563023086749,-1.5679298333555898,-52.00801045141157,-105.2722323482869,-1.5690812918582182,0.0011408185519680683,0.00024962930874843916,1.121059235404839e-05,-0.00024017196933807174,-3.6165583369885985e-05,9.3586027989048e-06,0.007010269456504706,-0.001151458502628433,0.037288709560891316,0.29634212167381313,1,1,13.199371515399047,22,1,-2.4303447401529647e-05,0.01809266026637971,11,0,11,0.06281500009208685,0.21861699997316464,1.6379229996346112,0.3142079291602114,0.01687066618169139,4.1655635680040985,0.852233676975945,0.7800687285223368,0.9970410966367056,4,4,3294,0.0,0.0,-0.0008802517317234582
291,14.600000000000001,-52.01036755205283,-105.26563023086749,-1.5679298333555898,-52.0092350394851,-105.27087790990537,-1.5683508816226273,0.0011364590106689514,0.0002469577996419416,1.1204036798401365e-05,-0.00023928950393056642,-3.602882633335127e-05,9.308986289363733e-06,0.005368493270989434,-0.0004210482670377047,0.03719431153161586,0.14036725361630203,0,1,17.092608970954437,22,1,1.0319072049179335e-05,0.0027083332598069948,11,0,11,0.06710799971187953,0.20941499997206847,1.5833390002626402,0.313669597786943,0.016841771303747324,4.151778649119208,0.8493150684931506,0.7808219178082192,0.9961315746316243,4,4,3282,0.0,0.0,-0.00014350746059799135
292,14.65,-52.01036755205283,-105.26563023086749,-1.5679298333555898,-52.009641843157695,-105.27143691946472,-1.5688726974716072,0.0011321345527703576,0.00024434873155773515,1.1198797468277923e-05,-0.000238412581903364,-3.5893111554600576e-05,9.260018012061699e-06,0.0058518617435566285,-0.0009428641160171836,0.037100987646262094,0.24051580508004664,1,1,14.285732008435785,22,1,-0.00028752840403418556,-0.013574310008635834,11,0,11,0.06256500000745291,0.2203890003329434,1.6711989997020282,0.3131340545586203,0.016813096746010482,4.138429629173682,0.8498293515358362,0.7815699658703071,0.99470449594972,4,4,3274,0.0,0.0,0.0006971002556381833
293,14.700000000000001,-52.01036755205283,-105.26563023086749,-1.5679298333555898,-52.01231479507094,-105.27108514581887,-1.569099177469143,0.0011278420414865514,0.00024179999314481469,1.1193255405563385e-05,-0.0002375412529388892,-3.575828381730862e-05,9.211758903067964e-06,0.005792050802475239,-0.0011693441135531835,0.037008675126669506,0.32128129400562094,1,1,13.717808930895117,22,1,-9.155774887498316e-05,0.009742826205304284,11,0,11,0.06159899976410088,0.20913400021527195,1.761793000241596,0.3126012425510892,0.01678461723543047,4.125446131435015,0.8503401360544217,0.782312925170068,0.993183316743312,4,4,3298,0.0,0.0,-0.00047913989983516814
294,14.75,-52.01036755205283,-105.26563023086749,-1.5679298333555898,-52.012951126222575,-105.27064348130625,-1.567018395612476,0.001123582478618917,0.0002393092066982055,1.1192172496430253e-05,-0.00023667475865395905,-3.562446775413924e-05,9.164123904472906e-06,0.005639816969757347,0.0009114377431140852,0.0369173629247421,0.2457202831455504,1,1,20.116081503630408,22,1,-4.896899217070183e-05,0.03021108519471589,11,0,11,0.06239699996513082,0.22539800011145417,1.6790490003586456,0.31207113291582983,0.01675622861033088,4.112294518389966,0.8508474576271187,0.7830508474576271,0.9928616188834376,4,4,3276,0.0,0.0,-0.0015644723549486095
295,14.8,-52.01036755205283,-105.26563023086749,-1.5679298333555898,-52.0147440919837,-105.26821591515555,-1.5661716254068196,0.0011193550125073483,0.00023687431733561247,1.1186166463742573e-05,-0.0002358138042016525,-3.549152140368068e-05,9.117127022974019e-06,0.0050832927324792705,0.0017582079487699076,0.03682701901923316,0.3538870839718188,1,1,22.865053017476512,22,1,2.6763149787376985e-05,0.008123234818674486,11,0,11,0.06338899993352243,0.2143309998245968,1.898564999919472,0.31154367985625236,0.01672821238101888,4.099597195976392,0.8513513513513513,0.7837837837837838,0.9930504764965271,4,4,3284,0.0,0.0,-0.0003761702449991411
296,14.850000000000001,-52.01036755205283,-105.26563023086749,-1.5679298333555898,-52.0121422566756,-105.2689213733282,-1.5664123389963658,0.0011151614897937823,0.00023449342587229463,1.118237598327249e-05,-0.0002349581275743659,-3.535952257911049e-05,9.070673408687695e-06,0.003739143644578712,0.001517494359223992,0.036737649838633896,0.2973980736195833,1,1,22.903467343364138,22,1,-0.00023240681542559317,-0.020771296110197464,11,0,11,0.05989800001771073,0.22400499983632471,1.6466990000481019,0.3110188289950875,0.01670025880065344,4.086795178729399,0.8518518518518519,0.7845117845117845,0.9932448741521106,4,4,3299,0.0,0.0,0.0009897606447339946
297,14.9,-52.01036755205283,-105.26563023086749,-1.5679298333555898,-52.013099354309354,-105.26958429944729,-1.5680831130478718,0.001110997878017365,0.0002321654888561835,1.11790569004019e-05,-0.00023410898966803287,-3.522826712923039e-05,9.02491746164401e-06,0.004805975645229532,-0.00015327969228184912,0.036649193263611525,0.12293041339005811,0,1,9.15857042727272,22,0,-5.3631653263512677e-05,-0.023201122345897423,11,0,11,0.061471000208257465,0.20793900011994992,1.578948999849672,0.3104966716109264,0.016672217049930545,4.073493619114166,0.8489932885906041,0.785234899328859,0.9909184781103082,4,4,3253,0.0,0.0,0.0012015245854852807
298,14.950000000000001,-52.01036755205283,-105.26563023086749,-1.5679298333555898,-52.014679233725275,-105.27089245163391,-1.5662225981964317,0.0011068646376729454,0.00022988817260607177,1.1178203805471598e-05,-0.00023326513694613322,-3.509795941993619e-05,8.979783591310656e-06,0.006803055654566099,0.0017072351591580492,0.03656163030116432,0.4900693904550812,1,1,23.936790091168433,22,1,9.616287016305025e-05,0.03224573349148619,11,0,11,0.06055199992260896,0.20871900005658972,1.6162160000021686,0.3099772612215114,0.01664460656839363,4.0615089226972465,0.8494983277591973,0.7859531772575251,0.9913085079702464,4,4,3248,0.0,0.0,-0.0016060220077633858
299,15.0,-52.01036755205283,-105.26563023086749,-1.5679298333555898,-52.015824712129906,-105.27110227697317,-1.5680558986225377,0.0011027642260900837,0.0002276597248689707,1.1179289134622505e-05,-0.0002324267048785866,-3.4969120969341474e-05,8.935263671002922e-06,0.007728122973241996,-0.0001260652669481388,0.03647497705220737,0.27823080550664536,1,1,11.762062946747914,22,1,-0.0005913076553960249,-0.03879430937256544,11,0,11,0.06282799995460664,0.21926399995209067,1.881402000435628,0.3094605228658794,0.016616843995337846,4.048897995639945,0.85,0.7866666666666666,0.9894818308377742,4,4,3268,0.0,0.0,0.0019672859460113656
300,15.05,-52.01036755205283,-105.26563023086749,-1.5679298333555898,-52.015093471533575,-105.27194975648636,-1.5694786627107509,0.0010986912434113995,0.00022547814096046827,1.1174381483810216e-05,-0.0002315931381157809,-3.484076236618221e-05,8.89131552964182e-06,0.007891179822191735,-0.0015488293551610965,0.03638913827465371,0.5889899828956252,1,1,17.19721374365617,22,1,0.0002628393776039529,-0.023029540388498058,11,0,11,0.06072099995435565,0.21771100000478327,1.6986740001811995,0.30894637599001257,0.01658945850517682,4.037403284634149,0.8504983388704319,0.7873754152823921,0.9886539810487892,4,4,3290,0.0,0.0,0.0010939327068628657
301,15.100000000000001,-52.01036755205283,-105.26563023086749,-1.5679298333555898,-52.012105866730245,-105.27110751166715,-1.5686106327509173,0.0010946493054400349,0.00022334244427838575,1.1168614181360932e-05,-0.00023076557397956577,-3.471355707000122e-05,8.847966058065441e-06,0.005746507015233483,-0.0006807993953277247,0.036304156094287894,0.2448750845082174,1,1,22.072472586320583,22,1,-0.00017692035187929285,0.018330790742861564,11,0,11,0.060909999774594326,0.21049800034234067,1.5472220002266113,0.3084346284962057,0.01656201607263103,4.024845244236381,0.8509933774834437,0.7880794701986755,0.9887120771893462,4,4,3273,0.0,0.0,-0.000835563149303109
302,15.15,-52.01036755205283,-105.26563023086749,-1.5679298333555898,-52.01339601337461,-105.26850079652262,-1.5687627646090303,0.0010906360381299429,0.00022125167914433606,1.1166126359451925e-05,-0.0002299443861716703,-3.4586876233612724e-05,8.805178630598717e-06,0.004172735931968995,-0.0008329312534405275,0.036219990575292516,0.1599144168147753,0,1,19.777602117070316,22,1,4.106342142933796e-05,0.03025675505840727,11,0,11,0.06338299999697483,0.2117760000146518,1.6845049999574258,0.3079253331364198,0.01653473266504643,4.012089696951161,0.8481848184818482,0.7887788778877888,0.988357412514338,4,4,3316,0.0,0.0,-0.0014815750531851357
303,15.200000000000001,-52.01036755205283,-105.26563023086749,-1.5679298333555898,-52.01220971120671,-105.26702450600179,-1.5685392105767133,0.0010866541246156332,0.00021920335795011834,1.115990951722831e-05,-0.00022912838769244016,-3.446106084089777e-05,8.762831895751885e-06,0.002310314588613789,-0.0006093772211235304,0.03613665012927667,0.06402645134118805,0,1,33.91171297104085,22,1,-0.00018857396276575372,0.015628465442257065,11,0,11,0.0623440000708797,0.21374600009949063,2.076905999729206,0.30741848837316743,0.016507551978372666,3.9991026468011284,0.8453947368421053,0.7894736842105263,0.9905349089165794,4,4,3280,0.0,0.0,-0.0007690607570109975
304,15.25,-52.01036755205283,-105.26563023086749,-1.5679298333555898,-52.01242523444977,-105.26708865986254,-1.568205395342668,0.0010827007566228833,0.0002171967993596676,1.1155644210387711e-05,-0.0002283180963911407,-3.433583401213431e-05,8.720987959496787e-06,0.002522116567548214,-0.00027556198707845425,0.0360540920837365,0.0355510763270165,0,1,26.605941693548093,22,1,3.9896623931407596e-05,-0.02344654109830258,11,0,11,0.06212900007085409,0.2086630001940648,1.8389289998594904,0.3069141438505881,0.016480475753049104,3.9861073957503934,0.8426229508196721,0.7901639344262295,0.9913930503956139,4,4,3325,0.0,0.0,0.0012145018205047542
305,15.3,-52.01036755205283,-105.26563023086749,-1.5679298333555898,-52.01192393392626,-105.26571177134103,-1.5714019099305951,0.0010787764679886574,0.00021523031950879758,1.1149047532665164e-05,-0.00022751317124635096,-3.4211593980700917e-05,8.679663890688862e-06,0.0015585164050413167,-0.0034720765750053673,0.03597230584070828,1.234462555077522,1,1,29.661495572959847,22,1,-7.638151687920987e-05,-0.009330122992344031,11,0,11,0.06385300002875738,0.2075140000670217,1.949045999936061,0.3064122527164149,0.0164547219949614,3.9771150923495013,0.8431372549019608,0.7908496732026143,0.9927870220689549,4,4,3253,0.0,0.0,0.0004961446393281221
306,15.350000000000001,-52.01036755205283,-105.26563023086749,-1.5679298333555898,-52.008760961687564,-105.26500567132207,-1.5710833618490108,0.0010748796124781764,0.00021330298136667636,1.1144873007198333e-05,-0.0002267135766492209,-3.408790116450081e-05,8.638814078656732e-06,0.0017237190106060788,-0.0031535284934207652,0.0358912606889874,0.9709259386716801,1,1,19.422240136826236,22,1,0.00031852782790946313,0.021498523424394515,11,0,11,0.06983599996601697,0.21310099964466644,1.602069999989908,0.3059128187282786,0.016428886807971655,3.9673229452691174,0.8436482084690554,0.7915309446254072,0.9923591702209374,4,4,3269,0.0,0.0,-0.0010174304246901578
307,15.4,-52.01036755205283,-105.26563023086749,-1.5679298333555898,-52.006360970330064,-105.26555297719571,-1.5700594547639712,0.0010710115921611933,0.00021141378259409083,1.1138471488743536e-05,-0.0002259203343664023,-3.396507580204753e-05,8.598480249641285e-06,0.004007326444274268,-0.002129621408381688,0.035810967241269594,0.42248767066350174,1,1,18.724775202680625,22,1,4.5388715291546125e-06,0.005376538443806654,11,0,11,0.06075200008126558,0.2177669998673082,1.56844999992245,0.3054158886165438,0.016402643719476636,3.9558137398320863,0.8441558441558441,0.7922077922077922,0.9918117553967337,4,4,3270,0.0,0.0,-0.0002790412167086309
308,15.450000000000001,-52.01036755205283,-105.26563023086749,-1.5679298333555898,-52.01004132873575,-105.2662585975332,-1.5703109370184478,0.0010671706943203582,0.00020956158521792274,1.1132371840799662e-05,-0.00022513299340729958,-3.3843083259117355e-05,8.558676818592789e-06,0.0007080016378345684,-0.0023811036628580418,0.03573139067456347,0.5591594721154212,1,1,22.088091221305785,22,1,5.667361466420183e-06,0.0015347947022493105,11,0,11,0.06139700008134241,0.21999499995217775,1.6031380000640638,0.3049212903227269,0.01637664092610574,3.944821331198699,0.8446601941747572,0.7928802588996764,0.991858830265561,4,4,3291,0.0,0.0,-7.506021647696315e-05
309,15.5,-52.01036755205283,-105.26563023086749,-1.5679298333555898,-52.013057598308436,-105.26708907397575,-1.5680897692452958,0.0010633585158692353,0.00020774454754930407,1.1130129137970796e-05,-0.0002243498866140712,-3.372237130960104e-05,8.519323462338968e-06,0.0030601588311478366,-0.00015993588970619754,0.03565253235632133,0.0375545597999903,0,1,27.714670487026922,22,1,-0.0002579561978481517,0.02576979469243818,11,0,11,0.0604859997110907,0.20816200003537233,1.5807869999662216,0.3044291341438276,0.01635020817648595,3.932217244839348,0.8419354838709677,0.7935483870967742,0.99288921072381,4,4,3254,0.0,0.0,-0.0012563093565405303
310,15.55,-52.01036755205283,-105.26563023086749,-1.5679298333555898,-52.01228078995361,-105.26621355243323,-1.5680411466238817,0.0010595728344173839,0.00020596138022352883,1.1124181717696812e-05,-0.0002235709769343047,-3.360259366293201e-05,8.480421247260335e-06,0.002000185819877896,-0.00011131326829172394,0.03557434770506569,0.012245829021983958,0,1,26.99055206736712,22,1,-2.5524475162629977e-06,-0.0012690378942354086,11,0,11,0.06271000029300922,0.20981999978175736,1.8226289998892753,0.30393932532813706,0.016323901723825713,3.9196128351421864,0.8392282958199357,0.7942122186495176,0.9937855864520306,4,4,3266,0.0,0.0,6.617156905130983e-05
311,15.600000000000001,-52.01036755205283,-105.26563023086749,-1.5679298333555898,-52.01257076983914,-105.26572769279143,-1.5692657264589844,0.0010558141898219316,0.00020421179451560043,1.1118615906343285e-05,-0.00022279742035237777,-3.348354415557026e-05,8.441952761804308e-06,0.002205372404046459,-0.0013358931033948807,0.03549684470960105,0.2019720948115549,0,1,14.17152814287947,22,1,1.6487759162931184e-06,0.0017762073979768046,11,0,11,0.0628950001555495,0.2075869997497648,1.5927180002108798,0.30345187784460714,0.016297896110437162,3.9076973199488187,0.8365384615384616,0.7948717948717948,0.9924511390614918,4,4,3251,0.0,0.0,-8.492500055590213e-05
312,15.65,-52.01036755205283,-105.26563023086749,-1.5679298333555898,-52.012497508245666,-105.26536840451858,-1.5687565838546698,0.0010520826754232158,0.00020249476360723653,1.1115315299708293e-05,-0.00022202891745316274,-3.336536364027619e-05,8.40390931177086e-06,0.0021459884483362186,-0.0008267504990797647,0.03542001466728172,0.08386298488899781,0,1,39.84734692917531,22,0,-9.704637904998807e-05,-0.019458331547570283,11,0,11,0.06051399986972683,0.23082100005922257,1.8750250001176028,0.30296676691979024,0.01627190740687116,3.8954805968336115,0.8338658146964856,0.7955271565495208,0.995564416259871,4,4,3268,0.0,0.0,0.0009973257780075961
313,15.700000000000001,-52.01036755205283,-105.26563023086749,-1.5679298333555898,-52.0144523209829,-105.26600120183645,-1.5681963535085766,0.0010483772571350239,0.00020080921899003063,1.1110102371442515e-05,-0.00022126544342533533,-3.324793239185368e-05,8.366290064534565e-06,0.004101579777583188,-0.0002665201529867822,0.035343832221832634,0.0405600095723554,0,1,11.510172356989035,22,1,-4.211292661958482e-06,-0.00488402231853694,11,0,11,0.06037399998604087,0.20707100020445068,1.630615000067337,0.3024840396087336,0.016245983026178443,3.8832037796767285,0.8312101910828026,0.7961783439490446,0.9937751179126383,4,4,3319,0.0,0.0,0.00024331652093678713
314,15.75,-52.01036755205283,-105.26563023086749,-1.5679298333555898,-52.014608592415335,-105.26790538992357,-1.5691581803340982,0.0010446980928303011,0.00019915408858622738,1.1105147944169866e-05,-0.00022050646897152744,-3.313149655445011e-05,8.329092276045365e-06,0.004812771767589,-0.0012283469785083767,0.03526828860912489,0.26056598356213967,1,1,18.018917736396567,22,1,-4.731780188594162e-05,-0.00452036680742194,11,0,11,0.06042699988029199,0.2032520001193916,1.6394130002481688,0.30200364628950727,0.01622032290649744,3.871703342228746,0.8317460317460318,0.7968253968253968,0.9931157465819898,4,4,3252,0.0,0.0,0.00021488708443939686
315,15.8,-52.01036755205283,-105.26563023086749,-1.5679298333555898,-52.01417412152947,-105.26734883228373,-1.5683486129277815,0.0010410433277929833,0.0001975289372447222,1.1103366371141609e-05,-0.00021975231498051203,-3.301590804446327e-05,8.29235926947007e-06,0.004176549054953759,-0.00041877957219149664,0.0351933554103286,0.08265932365607734,0,1,20.297455024319973,22,1,0.0001618647299336464,0.024196812230018825,11,0,11,0.06044000019755913,0.20341499975984334,1.7694319999463914,0.301525505306942,0.01619465463670791,3.8597126966003517,0.8291139240506329,0.7974683544303798,0.9928506933693302,4,4,3287,0.0,0.0,-0.0012566966935994017
316,15.850000000000001,-52.01036755205283,-105.26563023086749,-1.5679298333555898,-52.01266406954375,-105.26581358643992,-1.5679362458800814,0.0010374146527509594,0.00019593266690169365,1.1098240978776367e-05,-0.00021900326978956873,-3.290112081968584e-05,8.256014892747478e-06,0.0023038254821211323,-6.412524491850036e-06,0.03511904497068012,0.00860239701817758,0,1,17.777024266748896,22,1,1.5916896055274486e-05,0.0019343969979858104,11,0,11,0.06321799992292654,0.21257300022625714,1.848302999860607,0.3010495651698741,0.01616909084477128,3.8475640836679155,0.8264984227129337,0.7981072555205048,0.9921585430480199,4,4,3330,0.0,0.0,-0.00010248145554214716
317,15.9,-52.01036755205283,-105.26563023086749,-1.5679298333555898,-52.009392083642176,-105.26451630583651,-1.569581314307916,0.0010338115791147828,0.00019436475865811857,1.1093374642504736e-05,-0.000218259523056744,-3.2786940566498534e-05,8.220036828985751e-06,0.0014806645787679023,-0.0016514809523262564,0.03504534687762273,0.2779236461705674,1,1,24.54055546735102,22,1,-1.4134915746494502e-05,-0.0021918441981354495,11,0,11,0.05943299993305118,0.21027999991929391,1.5837169999031175,0.30057585554986277,0.016143913362440362,3.83633879927327,0.8270440251572327,0.7987421383647799,0.9926186969693724,4,4,3319,0.0,0.0,0.00010286489268773735
318,15.950000000000001,-52.01036755205283,-105.26563023086749,-1.5679298333555898,-52.01145327526368,-105.26365210936183,-1.5711422932294759,0.0010302343972671674,0.00019282481390342339,1.109136954766866e-05,-0.00021752156662566997,-3.2673463006729e-05,8.184443975381388e-06,0.0022564927612868067,-0.0032124598738860755,0.034972263455066654,1.0815111742855217,1,1,24.19140975735261,22,1,-0.0003266257388769643,-0.022627361418487753,11,0,11,0.06315099972198368,0.21593600013147807,1.8391180001344765,0.3001043903149424,0.016119593053818448,3.827702975997446,0.8275862068965517,0.799373040752351,0.9930164324245982,4,4,3263,0.0,0.0,0.0011017513461411
319,16.0,-52.01036755205283,-105.26563023086749,-1.5679298333555898,-52.0124418684714,-105.2615663327297,-1.5712978220571072,0.0010266817127878617,0.00019131116499655312,1.1087809398180226e-05,-0.0002167877904103136,-3.2560683729580616e-05,8.149191779964011e-06,0.004562680865309629,-0.0033679887015174437,0.03489975469518969,1.2902419034408343,1,1,19.38898410538131,22,1,-7.991058074439314e-05,-0.016357176340818763,11,0,11,0.06162099998618942,0.21841800025867997,2.0385669999996026,0.29963521885258365,0.01609548769631382,3.8197734101457064,0.828125,0.8,0.9926027325242682,4,4,3222,0.0,0.0,0.0008079055696725845
320,16.05,-52.01036755205283,-105.26563023086749,-1.5679298333555898,-52.011758242866776,-105.26174997748078,-1.5702276796518229,0.0010231537057376295,0.00018982335317127683,1.1085236253611936e-05,-0.0002160584756982109,-3.2448488170754036e-05,8.114252823297798e-06,0.0041219397478719005,-0.002297846296233086,0.034827820186008,0.6518439420717702,1,1,23.156959745862125,22,1,0.00010815536028256441,0.021407055645586204,11,0,11,0.06049700004950864,0.20444300025701523,1.5911989999040088,0.29916822173152385,0.016070909055459586,3.8099044709928283,0.8286604361370716,0.8006230529595015,0.9928240843576006,4,4,3258,0.0,0.0,-0.0009935208596290046
321,16.1,-52.01036755205283,-105.26563023086749,-1.5679298333555898,-52.01362654832847,-105.26251611697008,-1.5710733719458905,0.0010196501498655776,0.00018836077865194638,1.1080221547690736e-05,-0.00021533408960558976,-3.233715450649901e-05,8.079700239558675e-06,0.004507633757381404,-0.0031435385903009205,0.03475645160998925,1.1150161035618091,1,1,29.1115117372984,22,1,-3.214084776772561e-05,-0.0043441890818105774,11,0,11,0.06228300026123179,0.2054929996120336,1.561390000006213,0.29870341919525156,0.016046891077815116,3.801535252460434,0.8291925465838509,0.8012422360248447,0.9940388874794974,4,4,3320,0.0,0.0,0.0002078527351843107
322,16.150000000000002,-52.01036755205283,-105.26563023086749,-1.5679298333555898,-52.01343632789848,-105.26349579997496,-1.5715254699600953,0.00101616989686566,0.00018692261529601033,1.1076178860688943e-05,-0.0002146138397066275,-3.22266508343353e-05,8.045517489911879e-06,0.0037380717523666815,-0.003595636604505792,0.0346856239984474,1.3923673160929473,1,1,25.160737289032326,22,1,0.00016801646947958024,0.012339947662503296,11,0,11,0.06345099973259494,0.22230200011108536,1.8751530001281935,0.29824074408635093,0.01602328049664569,3.7940765281992346,0.8297213622291022,0.8018575851393189,0.9945869863413828,4,4,3283,0.0,0.0,-0.000589621672406615
323,16.2,-52.01036755205283,-105.26563023086749,-1.5679298333555898,-52.01549312424261,-105.26390740906692,-1.5699198929272309,0.001012713240346499,0.00018550845284849804,1.1072380988696966e-05,-0.00021389829108815967,-3.211703015360817e-05,8.011718768483061e-06,0.005407365830901136,-0.001990059571641112,0.03461533898714553,0.4926537613424084,1,1,17.717243206629792,22,1,8.261439534263425e-05,0.0134047258930763,11,0,11,0.06084200003897422,0.21538600003623287,1.6673250001986162,0.29778029187642285,0.015998916110129248,3.7838869517583182,0.8302469135802469,0.8024691358024691,0.9938962646272353,4,4,3254,0.0,0.0,-0.000714870076626628
324,16.25,-52.01036755205283,-105.26563023086749,-1.5679298333555898,-52.017131896948904,-105.26327325114228,-1.5693757899800624,0.0010092804569849494,0.00018411733777890128,1.1067726099279468e-05,-0.00021318689426150342,-3.20083311865159e-05,7.978259960114013e-06,0.007163219618168354,-0.0014459566244724442,0.034545590091411824,0.3287902137129129,1,1,33.25722096754507,22,1,2.834967980511825e-06,0.0008482769919186676,11,0,11,0.06085600034566596,0.2174329997615132,1.5940260000206763,0.2973220809116851,0.015974484790153103,3.7732558848720243,0.8307692307692308,0.803076923076923,0.9957791577091767,4,4,3246,0.0,0.0,-3.953538252954303e-05
325,16.3,-52.01036755205283,-105.26563023086749,-1.5679298333555898,-52.017750818467974,-105.26366360771436,-1.569236509723883,0.001005870589052347,0.00018274886699098618,1.1065208448266787e-05,-0.0002124796147208576,-3.190026695947953e-05,7.945110923525472e-06,0.0076406956216979564,-0.0013066763682934024,0.03447636082946303,0.2928901452875486,1,1,15.178227263813465,22,1,0.00023376573128223053,0.019194174236370078,11,0,11,0.06531200006065774,0.21312799981387798,1.7822840000008,0.29686601682614133,0.015950129411186467,3.762579916345692,0.8312883435582822,0.803680981595092,0.9946709702576306,4,4,3247,0.0,0.0,-0.0009102494455874854
326,16.35,-52.01036755205283,-105.26563023086749,-1.5679298333555898,-52.01568247657891,-105.26479874220038,-1.5695832012947009,0.001002484541708455,0.00018140242397437579,1.1061103460867873e-05,-0.0002117768396180146,-3.179313764451494e-05,7.912301499144164e-06,0.0053795721132331095,-0.0016533679391113054,0.03440765853240861,0.358417410975028,1,1,21.054674604390243,22,1,-4.634399619175239e-05,-0.009612843103408916,11,0,11,0.05929199960519327,0.20776100018338184,1.6383480001422868,0.29641189497206083,0.015925984617081914,3.7521696334546504,0.8318042813455657,0.8042813455657493,0.9945350846748806,4,4,3222,0.0,0.0,0.0005094032734631604
327,16.400000000000002,-52.01036755205283,-105.26563023086749,-1.5679298333555898,-52.01550291800815,-105.26406251824842,-1.5688988584286996,0.0009991196715363854,0.00018007795854306947,1.1059023482494043e-05,-0.00021107889480632226,-3.168655641903493e-05,7.879865903653925e-06,0.0053693301585105,-0.0009690250731098082,0.03433944714289173,0.15662948515811792,0,1,17.79523061417877,22,1,0.00022711270920418295,0.021338940505526562,11,0,11,0.0600959997427708,0.20781000011993456,1.5730979998807015,0.2959598511415236,0.015901778685533215,3.741207620807405,0.8292682926829268,0.8048780487804879,0.9938672394739864,4,4,3261,0.0,0.0,-0.0011128440499303949
328,16.45,-52.01036755205283,-105.26563023086749,-1.5679298333555898,-52.01500058551197,-105.26366027903019,-1.5695546558039741,0.0009957782108207887,0.00017877445343529347,1.1054384040013841e-05,-0.00021038553597291985,-3.158073560344265e-05,7.847730399659267e-06,0.005034452231852586,-0.0016248224483845775,0.03427174731839744,0.3445194479903094,1,1,28.497197813975205,22,1,1.0353271373959243e-05,0.002551176684967809,11,0,11,0.060152000060043065,0.21053199998277705,1.6869720002432587,0.2955098521785473,0.015877846152471887,3.7308833406468667,0.8297872340425532,0.8054711246200608,0.9949477410291424,4,4,3239,0.0,0.0,-0.00013738495763382375
329,16.5,-52.01036755205283,-105.26563023086749,-1.5679298333555898,-52.01684508515157,-105.26321354495124,-1.5690372544326712,0.0009924591937814735,0.00017749155329601857,1.1049959775720117e-05,-0.000209696715285531,-3.147558024585067e-05,7.815902564499436e-06,0.006913668046928836,-0.0011074210770813941,0.03420454278421935,0.224576829367969,1,1,18.86194812675986,22,1,-2.482691043076873e-05,0.002013322755190888,11,0,11,0.05890700003874372,0.20509900014076266,1.610988999800611,0.29506201571300406,0.01585388776224719,3.720258169400567,0.8303030303030303,0.806060606060606,0.994456360805785,4,4,3345,0.0,0.0,-9.769243188184618e-05
330,16.55,-52.01036755205283,-105.26563023086749,-1.5679298333555898,-52.01560706259148,-105.26452731640795,-1.5675318912878615,0.0009891627776033238,0.00017622852470013448,1.1046456931581761e-05,-0.00020901189687307794,-3.137119626357095e-05,7.7843584164299e-06,0.005354333851161086,0.0003979420677282519,0.034137828025570964,0.03310472107902021,0,1,19.48592208973801,22,1,-6.75522238635888e-05,0.011959003087085697,11,0,11,0.06388499969034456,0.21261800020511146,2.213627999935852,0.2946161125405523,0.015829936287295617,3.709118733000804,0.8277945619335347,0.8066465256797583,0.9940694119465179,4,4,3335,0.0,0.0,-0.0005734143778681755
331,16.6,-52.01036755205283,-105.26563023086749,-1.5679298333555898,-52.01447802615536,-105.26362860038492,-1.5654962145755105,0.0009858873088874028,0.0001749851849758002,1.1042356206461077e-05,-0.00020833162025886507,-3.1267488754369913e-05,7.753161553610872e-06,0.004571927595263377,0.0024336187800795273,0.03407157897519871,0.5507508127265077,1,1,25.69335611156616,22,1,2.3527748593960265e-05,0.00437098153700265,11,0,11,0.060676999964925926,0.20890800033157575,1.8594260000099894,0.2941721859722506,0.015806642336331736,3.6996055766144362,0.8283132530120482,0.8072289156626506,0.9946857609227822,4,4,3337,0.0,0.0,-0.00024198589380830526
332,16.650000000000002,-52.01036755205283,-105.26563023086749,-1.5679298333555898,-52.015834229899745,-105.2622750365231,-1.5663321220107873,0.0009826337714608487,0.0001737612312564632,1.1042153138474812e-05,-0.00020765591178950154,-3.11643722388249e-05,7.722246275644112e-06,0.006414194865339319,0.001597711344802466,0.034005808367355596,0.2642416324210135,1,1,27.118479982457178,22,1,-3.723394303230918e-05,-0.027295874189877598,11,0,11,0.05764699972132803,0.20794500005649752,1.661868000155664,0.29373036419858467,0.01578313364110806,3.6892891683736155,0.8288288288288288,0.8078078078078078,0.9955266528665914,4,4,3263,0.0,0.0,0.0014377309940756255
333,16.7,-52.01036755205283,-105.26563023086749,-1.5679298333555898,-52.016082703292334,-105.26372501360295,-1.5664865666422847,0.0009794020723968267,0.00017255556048898575,1.1037575773328093e-05,-0.0002069841788815591,-3.106186665554678e-05,7.691580295423457e-06,0.006024351128173046,0.0014432667133048582,0.03394050136467952,0.19418728039075506,0,1,26.27995298598175,22,1,2.2033757903630518e-05,-0.001070949650089146,11,0,11,0.06109500009188196,0.2160569997613493,1.6306930001519504,0.293290503706941,0.015759686350122978,3.678824791463487,0.8263473053892215,0.8083832335329342,0.9962274157703872,4,4,3234,0.0,0.0,5.564410239466966e-05
334,16.75,-52.01036755205283,-105.26563023086749,-1.5679298333555898,-52.01646025731578,-105.26393353009112,-1.5668037095646994,0.0009761909687758742,0.00017136809398654582,1.1033552527711185e-05,-0.00020631657137792475,-3.0960128203301784e-05,7.661239228300552e-06,0.006324543536549011,0.0011261237908906097,0.033875641141717455,0.12533815958631725,0,1,18.124420389349375,22,1,7.998356767348484e-05,-0.0077594799553364615,11,0,11,0.060228999700484565,0.20670800040534232,1.7738989999998012,0.2928526333823183,0.01573626713138117,3.668217368681764,0.8238805970149253,0.808955223880597,0.9956225381375964,4,4,3348,0.0,0.0,0.00039979666471490205
335,16.8,-52.01036755205283,-105.26563023086749,-1.5679298333555898,-52.017476885192515,-105.2631297106204,-1.5681694980617429,0.0009730012135420461,0.0001701983476779866,1.1029441038863637e-05,-0.00020565311656145835,-3.085914805483545e-05,7.631182286263185e-06,0.007536260292554629,-0.0002396647061528867,0.033811234245736024,0.08216619684297613,0,1,17.05699278182101,22,1,-3.997023596890503e-05,-0.0038294441768050025,11,0,11,0.06120100033513154,0.20859500000369735,1.908286999878328,0.29241680506756706,0.015712838057628242,3.6575445973370058,0.8214285714285714,0.8095238095238095,0.9948522420382311,4,4,3294,0.0,0.0,0.0001870063599200833
336,16.85,-52.01036755205283,-105.26563023086749,-1.5679298333555898,-52.0157139893245,-105.26291558426665,-1.5695283258453399,0.0009698322227424736,0.0001690458669863006,1.1025928580105783e-05,-0.00020499357753365815,-3.075873434919565e-05,7.601375777924901e-06,0.005996140230798293,-0.0015984924897498587,0.03374726788539739,0.36568072474255325,1,1,17.677748590349655,22,1,9.110497824018813e-05,-0.009908520525161337,11,0,11,0.06259400015551364,0.22074700018492877,1.9347689999449358,0.2919828126083086,0.0156897495502045,3.6477764552818295,0.8219584569732937,0.8100890207715133,0.9941856280479727,4,4,3323,0.0,0.0,0.000510149355977596
337,16.900000000000002,-52.01036755205283,-105.26563023086749,-1.5679298333555898,-52.01294914329265,-105.26317601484688,-1.5678980712019235,0.0009666839069216146,0.00016791052168776746,1.1022431327438981e-05,-0.00020433853951882096,-3.065892429099505e-05,7.5718500376404215e-06,0.003561992364583995,3.176215366629265e-05,0.033683741309560346,0.03654444168009651,0,1,23.470727438502486,22,1,-7.415634883587756e-08,0.009497139066403305,11,0,11,0.0615760000073351,0.21555800003625336,1.9176999999217514,0.2915506298006448,0.015666522764407147,3.6370923368983923,0.8195266272189349,0.8106508875739645,0.9944379392256002,4,4,3336,0.0,0.0,-0.0004757534246890849
338,16.95,-52.01036755205283,-105.26563023086749,-1.5679298333555898,-52.011354992494425,-105.26277923638247,-1.5683031607061653,0.0009635555562428,0.00016679201693518765,1.1018735146944334e-05,-0.00020368811012579728,-3.05596674507601e-05,7.542618479619254e-06,0.003017152329481134,-0.000373327350575714,0.03362064206968671,0.07566059764588166,0,1,17.2347287906425,22,1,-1.6995599344400806e-05,-0.006316479072517867,11,0,11,0.06181900016599684,0.210010000046168,1.9830810001622012,0.29112034265348696,0.015643411873666534,3.626586638552515,0.8171091445427728,0.8112094395280236,0.9937076929418128,4,4,3286,0.0,0.0,0.000313744740560562
339,17.0,-52.01036755205283,-105.26563023086749,-1.5679298333555898,-52.01555112955625,-105.26174524353519,-1.5668859289731578,0.0009604473077608206,0.00016568999042466321,1.1017983055143226e-05,-0.0002030420207141486,-3.0460965261183303e-05,7.51365157830897e-06,0.006477854761116525,0.0010439043824321814,0.033557969220223735,0.1641543040904372,0,1,23.838498696496178,22,1,-2.3239169484716045e-05,0.024295205097000682,11,0,11,0.06010000015521655,0.20506099963313318,1.604241000222828,0.29069212153151713,0.015620492509184727,3.6164030140393915,0.8147058823529412,0.8117647058823529,0.994017556492248,4,4,3246,0.0,0.0,-0.0011710558086632794
340,17.05,-52.01036755205283,-105.26563023086749,-1.5679298333555898,-52.01617245205057,-105.26285791761819,-1.5680060446571393,0.0009573607746022502,0.0001646033438386635,1.1016402324480794e-05,-0.00020239925026806883,-3.0363173954280326e-05,7.484892874191912e-06,0.006432929716388777,-7.62113015495558e-05,0.03349573283928736,0.06226096859600793,0,1,13.888381195560278,22,1,-0.00029975779871924,-0.022399158020035306,11,0,11,0.0600160001340555,0.21895999998378102,1.577618999817787,0.29026578284525834,0.015597572290812744,3.60598031009381,0.8123167155425219,0.8123167155425219,0.9927710702305689,3,3,3274,0.0,0.0,0.0011095277965069705
341,17.1,-52.01036755205283,-105.26563023086749,-1.5679298333555898,-52.01676008852613,-105.26156838143079,-1.5694342400920118,0.0009542920631636686,0.00016353246970643808,1.1021665923146973e-05,-0.00020176010464345047,-3.026581702005521e-05,7.456417088431668e-06,0.007573846011693564,-0.0015044067364220481,0.03343388300616766,0.40161611627220284,1,1,22.103433173832244,22,1,0.0002650765183314694,-0.04325053470940711,11,0,11,0.06095299977459945,0.20731900031023542,1.5458279999620572,0.28984139634828465,0.01557496457580192,3.596610824146963,0.8128654970760234,0.8128654970760234,0.9928119278938254,3,3,3307,0.0,0.0,0.0022303352132437837
342,17.150000000000002,-52.01036755205283,-105.26563023086749,-1.5679298333555898,-52.01676111353052,-105.2612080071769,-1.5709113579699068,0.0009512440050487112,0.00016247617902701215,1.1016118244125302e-05,-0.00020112488348156336,-3.0169126704479023e-05,7.428158455031732e-06,0.007773910903695652,-0.0029815246143169993,0.033372446480228614,1.1475802001695503,1,1,18.350594111930356,22,1,7.118366749049574e-05,-0.008136410154162964,11,0,11,0.0617250002505898,0.21497599982467364,1.6360599997824465,0.2894188830116199,0.01555307717107279,3.5894707931732683,0.8134110787172012,0.8134110787172012,0.9922703100995757,3,3,3271,0.0,0.0,0.0004134756047280419
343,17.2,-52.01036755205283,-105.26563023086749,-1.5679298333555898,-52.015668013784286,-105.26040807459577,-1.5708043052709286,0.0009482155968909988,0.00016143467362217514,1.1010758796518247e-05,-0.00020049359104883725,-3.0073057721820374e-05,7.400142149444029e-06,0.007440820565828332,-0.002874471915339072,0.03331141351718918,1.1141131521702818,1,1,16.508625361541938,22,1,2.652254136776951e-05,-0.0042979656468908655,11,0,11,0.06130900010248297,0.20808699991903268,1.6597009998804424,0.28899818832516183,0.01553122777417694,3.5822749860773295,0.813953488372093,0.813953488372093,0.9914475949696052,3,3,3264,0.0,0.0,0.00020224535837787272
344,17.25,-52.01036755205283,-105.26563023086749,-1.5679298333555898,-52.016791563021066,-105.25959316858687,-1.5719085448968846,0.0009452065666159459,0.00016040774321183422,1.1005792896525237e-05,-0.0001998663895443898,-2.9977513618133784e-05,7.37236108260036e-06,0.008815556584812898,-0.00397871154129481,0.033250779086027145,2.0044669683891376,1,1,25.843258673751972,22,1,3.6133938263040593e-06,-0.004100092371313007,11,0,11,0.062447999880532734,0.2087319999191095,2.0323230000940384,0.2885794367127297,0.01551018165725541,3.57770162950432,0.8144927536231884,0.8144927536231884,0.9920687677869273,3,3,3246,0.0,0.0,0.00022583084646621288
345,17.3,-52.01036755205283,-105.26563023086749,-1.5679298333555898,-52.01554315794615,-105.25854004722216,-1.5728758937877552,0.000942217015257813,0.00015939489889979765,1.1001900090408177e-05,-0.00019924284444097334,-2.9882591388407205e-05,7.3447994493355525e-06,0.008778245866202721,-0.004946060432165389,0.03319053952796806,2.988305614104577,1,1,18.7695534466916,22,1,-1.5383700710939753e-05,-0.012569693816824365,11,0,11,0.06149499995444785,0.20529899984467193,1.6650590000608645,0.2881624990836573,0.015490034284897434,3.5759981728124135,0.815028901734104,0.815028901734104,0.9915994865454315,3,3,3261,0.0,0.0,0.000628927256911993
346,17.35,-52.01036755205283,-105.26563023086749,-1.5679298333555898,-52.01775126390436,-105.25770437811664,-1.5715023552625906,0.0009392464723590308,0.00015839600142165359,1.0997708081770712e-05,-0.00019862334480201884,-2.9788157545547517e-05,7.317463369197226e-06,0.010832282424979156,-0.0035725219070008585,0.033130687795164836,1.8912971067760127,1,1,18.434492995588375,22,1,-2.143666900379505e-05,0.008394732673036203,11,0,11,0.06336599972200929,0.21118499989825068,1.8278649999956542,0.28774756734589935,0.015468887154090866,3.5711431265125966,0.8155619596541787,0.8155619596541787,0.9910820859166573,3,3,3226,0.0,0.0,-0.0004262644797563553
347,17.400000000000002,-52.01036755205283,-105.26563023086749,-1.5679298333555898,-52.0195660437966,-105.25710203081373,-1.5714404899070855,0.0009362953255877626,0.0001574105666129421,1.0995914880181125e-05,-0.00019800726897867846,-2.969441489793557e-05,7.290336417357872e-06,0.012543621746419145,-0.003510656551495739,0.03307122453433959,1.9486541864279898,1,1,15.748785173258831,22,1,-8.762900038838423e-05,-0.022161842893902026,11,0,11,0.06127999995442224,0.20625000024665496,1.7573559998709243,0.28733462627365186,0.015447792101767676,3.5664808019721237,0.8160919540229885,0.8160919540229885,0.9901585013045603,3,3,3303,0.0,0.0,0.001125695928931414
348,17.45,-52.01036755205283,-105.26563023086749,-1.5679298333555898,-52.019178089356146,-105.25960091153192,-1.5700259749485508,0.0009333632758861382,0.0001564381652055933,1.0992285853634807e-05,-0.00019739466081167517,-2.9601350383195077e-05,7.263424323303722e-06,0.010676060098342457,-0.0020961415929612315,0.033012140813520885,0.8136766872355913,1,1,23.09621672480718,22,1,-0.00015600308639652854,0.0131663947121251,11,0,11,0.0619620000179566,0.21600900026896852,1.8629799997142982,0.2869232458934836,0.015426052790136327,3.558593111098953,0.8166189111747851,0.8166189111747851,0.9903580649555341,3,3,3346,0.0,0.0,-0.00071684829890728
349,17.5,-52.01036755205283,-105.26563023086749,-1.5679298333555898,-52.01746305903935,-105.26021847285162,-1.5675066469349663,0.0009304483004402452,0.00015547887402098408,1.0989839116969893e-05,-0.0001967857301263537,-2.9508951805567057e-05,7.236807619320117e-06,0.008923751689626376,0.0004231864206234448,0.03295340914778362,0.19113182698054804,0,1,22.113455771672342,22,1,7.182333630945537e-06,0.01942300388686071,11,0,11,0.062214000081439735,0.21045500034233555,1.573654999901919,0.28651345940076844,0.015404016417015401,3.548971793144329,0.8142857142857143,0.8171428571428572,0.9904073950074509,3,3,3342,0.0,0.0,-0.0009678183123469353
350,17.55,-52.01036755205283,-105.26563023086749,-1.5679298333555898,-52.017998851009786,-105.25890231140957,-1.5698912852134879,0.0009275492069109786,0.00015453274319025974,1.0991792024018478e-05,-0.00019618053174245536,-2.941676374673646e-05,7.21044059926309e-06,0.010173574789752119,-0.001961451857898311,0.032895014061423325,0.79705086871444,1,1,21.672986268010845,22,1,0.0006445120854086758,-0.03501105944469757,11,0,11,0.061809999806428095,0.20646400025725598,1.6099419999591191,0.28610554478621103,0.015382414008410727,3.541131562590398,0.8148148148148148,0.8176638176638177,0.990389881201629,3,3,3257,0.0,0.0,0.0017417171970008916
351,17.6,-52.01036755205283,-105.26563023086749,-1.5679298333555898,-52.01822729202943,-105.25876412860418,-1.569654797799139,0.000924670440436282,0.000153598656978065,1.0986483891418001e-05,-0.00019557914413152004,-2.9325443461768542e-05,7.184259522276239e-06,0.010436420496986912,-0.001724964443549304,0.03283700804601946,0.7140726874350147,1,1,22.121764073917824,22,1,1.6024659811213375e-06,-0.001090477494157599,11,0,11,0.059947999943688046,0.20678900000348222,1.541111000278761,0.28569939734641725,0.015360823602705635,3.5331001453314332,0.8153409090909091,0.8181818181818182,0.9904400297096786,3,3,3286,0.0,0.0,5.7839998043984764e-05
352,17.650000000000002,-52.01036755205283,-105.26563023086749,-1.5679298333555898,-52.01683575756075,-105.25789815580379,-1.5668195139955392,0.0009218119715205559,0.0001526773146756934,1.0991377846019137e-05,-0.0001949816320054797,-2.9235128677153372e-05,7.158293769691443e-06,0.01008080687660467,0.0011103193600505712,0.03277940338377514,0.480593450539925,1,1,22.689878194240777,22,1,-0.00082336680760818,0.04317611777601332,11,0,11,0.0610269999015145,0.20992300005673314,1.6013619997465867,0.28529494151258666,0.015339164470293635,3.524452817584149,0.8158640226628895,0.8186968838526912,0.9905750728450863,3,3,3238,0.0,0.0,-0.0021784087643026417
353,17.7,-52.01036755205283,-105.26563023086749,-1.5679298333555898,-52.01508457968233,-105.25762531569912,-1.5671202071876154,0.0009189678987917294,0.00015176759369481594,1.0986933553841041e-05,-0.00019438754513168358,-2.914463399975261e-05,7.1325347496534584e-06,0.009291340942528944,0.0008096261679746419,0.03272209486702441,0.503613292464573,1,1,28.614472163428168,22,1,0.00030483339287275306,-0.01848091442248142,11,0,11,0.06317499992292142,0.21128700018380187,1.52958899980149,0.28489212557711197,0.015317544104831438,3.5159193725979354,0.8163841807909604,0.8192090395480226,0.9915950819002353,3,3,3295,0.0,0.0,0.0009479256346822673
354,17.75,-52.01036755205283,-105.26563023086749,-1.5679298333555898,-52.01546094297253,-105.25664266450661,-1.566803541043799,0.0009161424210092482,0.0001508696617321436,1.0981362846768231e-05,-0.00019379744495418824,-2.905485868337659e-05,7.106992009699664e-06,0.010330487895158096,0.0011262923117909551,0.03266515089114685,0.6775831047254638,1,1,14.114589443252674,22,1,-0.0001230709318453126,0.008581609471845688,11,0,11,0.06431400015571853,0.2119450000463985,1.595409999936237,0.28449111443036124,0.015296071690782696,3.5079240591673084,0.8169014084507042,0.819718309859155,0.9904474660494823,3,3,3291,0.0,0.0,-0.0004745751619337213
355,17.8,-52.01036755205283,-105.26563023086749,-1.5679298333555898,-52.01381410032585,-105.2574865343784,-1.5662233636962128,0.0009133335944467559,0.0001499832447639313,1.0977579779099159e-05,-0.0001932106980990862,-2.8965424044824575e-05,7.0816381451669585e-06,0.008842990868741124,0.0017064696593767081,0.03260853936027628,0.7504836344997778,1,1,25.557038440953797,22,1,0.00021644797208787833,0.018035378875479447,11,0,11,0.06113099971116753,0.2167350003219326,1.8952960003844055,0.28409165386791396,0.015274841095358895,3.500178439996894,0.8174157303370787,0.8202247191011236,0.991007061145719,3,3,3303,0.0,0.0,-0.0008605285547673702
356,17.85,-52.01036755205283,-105.26563023086749,-1.5679298333555898,-52.0121832618473,-105.256776836354,-1.567099574690153,0.0009105425917163426,0.00014910829761253147,1.0975480978140243e-05,-0.00019262780982848174,-2.8876758064931997e-05,7.056520399472995e-06,0.009037665432458384,0.0008302586654367339,0.032552279326168145,0.7141409418648126,1,1,19.693740692411694,22,1,-0.00015847353297706947,-0.02485217588041945,11,0,11,0.061112999901524745,0.2096700000038254,1.6158479998011899,0.2836938906148561,0.015253496051793733,3.492374413391482,0.8179271708683473,0.8207282913165266,0.9906948884106295,3,3,3307,0.0,0.0,0.0012104380875825882
357,17.900000000000002,-52.01036755205283,-105.26563023086749,-1.5679298333555898,-52.01409641460729,-105.25487200485195,-1.5689310027461172,0.0009077693878329022,0.0001482451218790325,1.0985174722060458e-05,-0.00019204873599058966,-2.8788679412987007e-05,7.031600018974504e-06,0.011386125019140266,-0.0010011693905274122,0.03249637687053642,1.0835299026744467,1,1,24.996404677171792,22,1,-0.0004362596537549058,-0.05392597901924205,11,0,11,0.061840999933338026,0.20809699981327867,1.7486270003246318,0.2832980321595337,0.01523226929354217,3.485645797439758,0.8184357541899442,0.8212290502793296,0.9911673082943572,3,3,3277,0.0,0.0,0.0025966579094527376
358,17.95,-52.01036755205283,-105.26563023086749,-1.5679298333555898,-52.01223627829971,-105.25411893849174,-1.568766087605225,0.000905012813634418,0.00014739184474577298,1.0978423720846722e-05,-0.00019147269971364161,-2.8700928796937706e-05,7.006832687953016e-06,0.011661989107594119,-0.0008362542496351821,0.03244078695685712,1.257894998478493,1,1,31.32712231312763,22,1,-0.00010366903472912532,0.012696578176066066,11,0,11,0.06152800006020698,0.20901399966533063,1.6635609999866574,0.28290386105385945,0.015211103670925472,3.479440363459365,0.8189415041782729,0.8217270194986073,0.9925679322323759,3,3,3260,0.0,0.0,-0.0007077398709953719
359,18.0,-52.01036755205283,-105.26563023086749,-1.5679298333555898,-52.01003191138748,-105.25568093801623,-1.569033594195896,0.0009022723689626946,0.00014654935512521146,1.097316240744972e-05,-0.0001909002876151405,-2.8613516856494173e-05,6.982261563471873e-06,0.009954952681774805,-0.0011037608403059451,0.032385517196547996,1.0845512298711752,1,1,14.074588966274735,22,1,8.36073132068761e-05,-0.017784192369706762,11,0,11,0.06245499980650493,0.2198360002694244,1.8580290002319089,0.28251115298627805,0.015190073839760568,3.472787893643842,0.8194444444444444,0.8222222222222222,0.9914298229152443,3,3,3243,0.0,0.0,0.0009560089558364737
360,18.05,-52.01036755205283,-105.26563023086749,-1.5679298333555898,-52.01152678858665,-105.2557048021637,-1.5689483484988538,0.0008995479944819369,0.00014571736681178932,1.0966712202433862e-05,-0.0001903315597342465,-2.8526734308435554e-05,6.957936044283755e-06,0.009992895691199204,-0.0010185151432642314,0.03233056388765476,1.0193968318824294,1,1,26.55673104566104,22,1,1.3782296137616312e-05,-0.0013339233065495124,11,0,11,0.06341000016618636,0.2098400000249967,1.9244149998485227,0.2821200821920481,0.015169115085637362,3.465991796519849,0.8199445983379502,0.8227146814404432,0.9921233737690189,3,3,3273,0.0,0.0,6.778825190867366e-05
361,18.1,-52.01036755205283,-105.26563023086749,-1.5679298333555898,-52.01291268194324,-105.25482323390032,-1.568593136111273,0.0008968406016235792,0.00014489559394591844,1.09637162552119e-05,-0.00018976597987735197,-2.8440652663594196e-05,6.933799111879375e-06,0.011102651467434504,-0.0006633027556830484,0.0322759383375526,1.083048417324974,1,1,31.57060624474674,22,1,-0.00012835522267648722,-0.023270199266860924,11,0,11,0.06101700000726851,0.21518799985642545,1.5916540000944224,0.28173074842934803,0.015148188896386422,3.4594090800027364,0.8204419889502762,0.8232044198895028,0.9935429384575136,3,3,3244,0.0,0.0,0.0011901956982911521
362,18.150000000000002,-52.01036755205283,-105.26563023086749,-1.5679298333555898,-52.01062278173004,-105.2567823738124,-1.5699209966079484,0.0008941492282627684,0.00014408357478758906,1.0958148405918621e-05,-0.00018920343465500715,-2.8354995705454712e-05,6.9098289933551846e-06,0.008851537530587273,-0.0019911632523585965,0.032221620118336035,1.172161228404797,1,1,18.75329648248699,22,1,9.15127139157551e-05,-0.005955347107810748,11,0,11,0.07205699967016699,0.21030600009908085,2.043898000010813,0.28134280550851803,0.015127670235106895,3.4531081217338713,0.8209366391184573,0.8236914600550964,0.9930920746521726,3,3,3285,0.0,0.0,0.0002996760187672365
363,18.2,-52.01036755205283,-105.26563023086749,-1.5679298333555898,-52.01293586274789,-105.25587526301781,-1.5687715911378077,0.0008914734340226622,0.0001432815508959915,1.0952936694135826e-05,-0.00018864449254964405,-2.8269967758438554e-05,6.886101127825564e-06,0.01008739894990402,-0.0008417577822177336,0.0321676076965424,0.9285769406855245,1,1,19.750430588239794,22,1,3.1089911736104806e-06,-0.0026246028114175965,11,0,11,0.05936900015512947,0.20832400014114683,1.5615679999427812,0.2809565773142641,0.015106940603755142,3.4461725965112113,0.8214285714285714,0.8241758241758241,0.9927884274237262,4,3,3342,0.0,0.0,0.00012382641434660613
364,18.25,-52.01036755205283,-105.26563023086749,-1.5679298333555898,-52.014094289154585,-105.25604505870663,-1.5713691538089551,0.0008888150584830605,0.00014248948100184427,1.095819843724123e-05,-0.00018808858923997937,-2.818567742680641e-05,6.862527509208589e-06,0.010284167189365786,-0.0034393204533653687,0.032113930614063806,2.082647184166167,1,1,17.22212115042072,22,1,-0.0003319688853622547,-0.043998030994524887,11,0,11,0.06781399997635162,0.21533500012083095,1.7811230000006617,0.2805719577003617,0.015087306025014608,3.4424369104499926,0.821917808219178,0.8246575342465754,0.9921218726974778,4,4,3313,0.0,0.0,0.002063973620534121
365,18.3,-52.01036755205283,-105.26563023086749,-1.5679298333555898,-52.012511495999334,-105.25689398452043,-1.569761426850878,0.0008861715308490885,0.0001417062739630355,1.0952469345563224e-05,-0.00018753560780631538,-2.8101755235506736e-05,6.8391358807936165e-06,0.008995470853835523,-0.001831593495288164,0.03206053344553275,1.064424988932039,1,1,14.910874061713294,22,1,4.289635625016715e-05,0.00917325344471488,11,0,11,0.06188199995449395,0.2103850001731189,2.066325999749097,0.2801887950400188,0.015066985029472301,3.435939610117976,0.8224043715846995,0.825136612021858,0.9911270788054133,4,4,3215,0.0,0.0,-0.000463282084092409
366,18.35,-52.01036755205283,-105.26563023086749,-1.5679298333555898,-52.016807543871316,-105.25717623648855,-1.5680320427802514,0.0008835423988789989,0.00014093252568836396,1.094825375041391e-05,-0.0001869859248185455,-2.8018170561510714e-05,6.815948410916308e-06,0.010627488677074413,-0.00010220942466165894,0.032007419836146786,0.5565313175876895,1,1,21.57461708944506,22,1,0.0003579937210219422,0.016382153994938094,11,0,11,0.06590800012418185,0.20897000013064826,1.7662959999142913,0.2798073559773373,0.015046444745618226,3.4280938109557684,0.8228882833787466,0.8256130790190735,0.9910940735510007,4,4,3313,0.0,0.0,-0.0008300887420773506
367,18.400000000000002,-52.01036755205283,-105.26563023086749,-1.5679298333555898,-52.017482066199996,-105.2572983885073,-1.5670634405196502,0.000880930239763595,0.00014016747841339564,1.0942918914560984e-05,-0.0001864389199091799,-2.793548421993101e-05,6.792924417401287e-06,0.010956090026344352,0.0008663928359395889,0.03195461966878953,0.5537356297022423,1,1,28.556196192447807,22,1,1.7207715184034815e-06,-0.00030077830078935195,11,0,11,0.059638000038830796,0.21386599973993725,1.756379000198649,0.2794275079844545,0.015026055174081027,3.420283055028449,0.8233695652173914,0.8260869565217391,0.9920592145707728,4,4,3254,0.0,0.0,1.572497276347562e-05
368,18.45,-52.01036755205283,-105.26563023086749,-1.5679298333555898,-52.02076695123793,-105.25634379573498,-1.5682243792227664,0.0008783334902515157,0.00013941148739446245,1.0941488093299167e-05,-0.000185894965930588,-2.7853304482691267e-05,6.770072933958672e-06,0.013942215780909527,-0.0002945458671765877,0.03190211556693346,0.6716867380233061,1,1,17.76345745527002,22,1,1.5173040371979511e-05,-0.025738492392160216,11,0,11,0.06205100044098799,0.20987899961255607,1.5981990000000224,0.2790495669549743,0.01500568868679194,3.4128342845216597,0.8238482384823849,0.8265582655826558,0.9914804392408659,4,4,3217,0.0,0.0,0.0012238472700119019
369,18.5,-52.01036755205283,-105.26563023086749,-1.5679298333555898,-52.01912894797929,-105.25654832091121,-1.5696098154057427,0.0008757525527522701,0.00013866397113444377,1.09386554001149e-05,-0.00018535369610369603,-2.7771654480048314e-05,6.747358864923595e-06,0.012619157936812089,-0.0016799820501529616,0.031849906183326726,1.0194084828816878,1,1,23.217714616534295,22,1,3.773607055322764e-05,-0.020692170374835946,11,0,11,0.05991700027152547,0.20717000006698072,1.615561999642523,0.2786729900162457,0.014985651519689589,3.406365566138849,0.8243243243243243,0.827027027027027,0.9916800336944505,4,4,3332,0.0,0.0,0.000990222021937548
370,18.55,-52.01036755205283,-105.26563023086749,-1.5679298333555898,-52.01987798355132,-105.25609526977841,-1.5703953130768957,0.0008731865289077152,0.0001379250971698486,1.0933795538514356e-05,-0.00018481575807418915,-2.7690420636951954e-05,6.724825075863439e-06,0.013467137418829373,-0.002465479721306174,0.03179798147803668,1.4748770848672945,1,1,34.557864629032075,22,1,2.865616991143633e-05,-0.005227072925850334,11,0,11,0.0612569997429091,0.2078410002468445,1.5629620002073352,0.2782980448161489,0.014965988991935531,3.4011593977257184,0.8247978436657682,0.8274932614555256,0.9934841832112663,4,4,3364,0.0,0.0,0.00026848211418828427
371,18.6,-52.01036755205283,-105.26563023086749,-1.5679298333555898,-52.01877373624899,-105.25629748191113,-1.5685372721738908,0.0008706349952522884,0.00013719475394428573,1.0931549852748235e-05,-0.00018428072181358063,-2.760952048772992e-05,6.702446333358739e-06,0.012560419412667322,-0.0006074388183012758,0.03174633442141902,0.7501792316981616,1,1,16.224104079261796,22,1,0.0002813815901966078,0.021230386399188783,11,0,11,0.06109200012360816,0.20456899983400945,1.6165199999704782,0.27792449955668447,0.014945893061226751,3.3940331069568273,0.8252688172043011,0.8279569892473119,0.992689074804803,3,3,3276,0.0,0.0,-0.0010817423462867737
372,18.650000000000002,-52.01036755205283,-105.26563023086749,-1.5679298333555898,-52.019122805190044,-105.25790325661754,-1.5700263130155832,0.0008680992012814091,0.0001364727225242298,1.0927752534715007e-05,-0.00018374901157839306,-2.7529260578613205e-05,6.680241191382286e-06,0.011677353662371751,-0.0020964796599933777,0.03169498262825898,1.0274017755141487,1,1,22.18880385320448,22,1,-9.789102631922003e-05,-0.012792463081095847,11,0,11,0.06124399988038931,0.20592500004568137,1.5521919999628153,0.2775523551481712,0.01492623963379862,3.387688250840359,0.8257372654155496,0.8284182305630027,0.9927382788869166,3,3,3289,0.0,0.0,0.0005974655039606702
373,18.7,-52.01036755205283,-105.26563023086749,-1.5679298333555898,-52.01973156615502,-105.25800951586724,-1.5693028462030825,0.0008655768821544837,0.00013575895522866422,1.0926303081783305e-05,-0.00018322014215124276,-2.7449404517247076e-05,6.658231737813189e-06,0.012073112988002125,-0.001373012847492916,0.031643890996259416,0.7233182370357563,1,1,25.317877124946634,22,1,0.0002306672297265788,0.02387026123840643,11,0,11,0.060770999880332965,0.21800700005769613,1.5896019999672717,0.2771817505117709,0.014906440485024772,3.380564266846229,0.8262032085561497,0.8288770053475936,0.9932261625835263,3,3,3260,0.0,0.0,-0.0011255812831221235
374,18.75,-52.01036755205283,-105.26563023086749,-1.5679298333555898,-52.01904376113542,-105.25822840180994,-1.5704663756999824,0.0008630698533795952,0.0001350530141161681,1.0921708848292817e-05,-0.00018269427022683864,-2.7370154577168066e-05,6.636379659707864e-06,0.011404546349678704,-0.0025365423443926005,0.03159308258932267,1.2229536158753131,1,1,20.90712786881544,22,1,-1.0893717996587193e-06,0.00017213471277672897,11,0,11,0.059993999911966966,0.2102299999933166,1.7438860004403978,0.2768125546148478,0.014887128225795231,3.37481063844364,0.8266666666666667,0.8293333333333334,0.9930941559110757,3,3,3274,0.0,0.0,-8.675546996350647e-06
375,18.8,-52.01036755205283,-105.26563023086749,-1.5679298333555898,-52.01888016354031,-105.2580591367236,-1.5696967120246377,0.0008605769644287239,0.0001343550475653729,1.0918297890677928e-05,-0.00018217143687641668,-2.7291288917490518e-05,6.614690226669168e-06,0.011392366780980028,-0.0017668786690476779,0.031542542890421764,0.8653498616993268,1,1,17.820650866431773,22,1,7.698058025646272e-05,0.01253982595279296,11,0,11,0.06184699986988562,0.20568199988701963,1.5143050000006042,0.27644483205154285,0.014867597560443334,3.3681365406331496,0.8271276595744681,0.8297872340425532,0.9925326081470474,3,3,3253,0.0,0.0,-0.0006517752073706973
376,18.85,-52.01036755205283,-105.26563023086749,-1.5679298333555898,-52.01731427397255,-105.25910103200378,-1.5690498068619751,0.0008580988420935072,0.0001336648083756991,1.0914471540591707e-05,-0.00018165162718139613,-2.721291963125564e-05,6.5931512928743055e-06,0.009533487464289572,-0.0011199735063853744,0.03149227921998035,0.5158489597703044,1,1,12.826290861624239,22,1,-6.415930620367948e-05,0.006749028683927452,11,0,11,0.060974999996687984,0.21745999993072473,1.600922999841714,0.2760783875083546,0.014847978209510932,3.360570791081789,0.8275862068965517,0.830238726790451,0.9912802552811021,3,3,3310,0.0,0.0,-0.0003504210617393255
377,18.900000000000002,-52.01036755205283,-105.26563023086749,-1.5679298333555898,-52.01576002764583,-105.2601698686552,-1.5705765587212468,0.0008556343763709782,0.00013298228177787617,1.0910675864434255e-05,-0.00018113490610966286,-2.7134959426086742e-05,6.571791065707082e-06,0.007674265340119635,-0.002646725365656799,0.031442275015476445,1.0429788923302303,1,1,23.702901902753922,22,1,-5.917083369101605e-06,0.0023070154359388,11,0,11,0.061487000039051054,0.2142000003004796,1.5783459998601757,0.27571324516232715,0.01482894989719882,3.354439595582446,0.828042328042328,0.8306878306878307,0.9915428296001942,3,3,3205,0.0,0.0,-0.00011798447230848552
378,18.95,-52.01036755205283,-105.26563023086749,-1.5679298333555898,-52.01458416746744,-105.26055628700948,-1.5702745310683925,0.0008531834974701516,0.00013230735676653685,1.090737069481785e-05,-0.00018062124796152127,-2.7057418550665347e-05,6.55060592300535e-06,0.006597329143598207,-0.00234469771280299,0.03139252863718831,0.83655309145279,1,1,11.976952072997651,22,1,3.430455410472788e-05,0.007355422940277825,11,0,11,0.06321399996522814,0.2168099999835249,1.5768930002195702,0.2753494756591851,0.014809863451615899,3.3477960955715496,0.8284960422163589,0.8311345646437994,0.9901837538640508,3,3,3285,0.0,0.0,-0.0003575029084457171
379,19.0,-52.01036755205283,-105.26563023086749,-1.5679298333555898,-52.01666559255456,-105.25980183478477,-1.5698510380399802,0.0008507466451543861,0.00013163986846283929,1.0904362874915977e-05,-0.00018011063168546127,-2.6980333006992565e-05,6.529576943941151e-06,0.00858111385884889,-0.0019212046843906094,0.031343045697845406,0.7274371221713766,1,1,32.06059173846394,22,1,-5.554242739263072e-05,0.009046576613578923,11,0,11,0.0628129996584903,0.2154329999939364,1.8160630002057587,0.27498728738639605,0.014790692311923473,3.3409004140626015,0.8289473684210527,0.8315789473684211,0.9915992565022678,3,3,3266,0.0,0.0,-0.00044328919611880124
380,19.05,-52.01036755205283,-105.26563023086749,-1.5679298333555898,-52.01664663015623,-105.2608189256953,-1.5711337363082563,0.0008483244921866497,0.00013097972591565398,1.0906644086362575e-05,-0.00017960266895973207,-2.6903786844349387e-05,6.508669230740363e-06,0.007910466439377562,-0.003203902952666482,0.03129383674307616,1.350348366819093,1,1,15.038139462430342,22,1,-0.0002112525466287133,-0.0328558731958392,11,0,11,0.061441000070772134,0.22451699987868778,1.7318690001957293,0.2746264735995075,0.014772181154484636,3.335675868006845,0.8293963254593176,0.8320209973753281,0.9906685995150912,3,3,3249,0.0,0.0,0.0015777362510562831
381,19.1,-52.01036755205283,-105.26563023086749,-1.5679298333555898,-52.015473919172855,-105.26182005417859,-1.5709451223220623,0.0008459149060586259,0.00013032646844888263,1.0903700268040327e-05,-0.00017909740187105837,-2.6827535171998625e-05,6.487925121156136e-06,0.0063712190015061225,-0.003015288966472518,0.031244861569664675,1.1314483703439289,1,1,15.423035539453195,22,1,0.00014233529250431854,0.015099328548255292,11,0,11,0.06041999995431979,0.21585500007859082,1.5859659997659037,0.27426697302987985,0.01475363980352805,3.329905638955371,0.8298429319371727,0.8324607329842932,0.9897962455104528,3,3,3262,0.0,0.0,-0.0007662248332054311
382,19.150000000000002,-52.01036755205283,-105.26563023086749,-1.5679298333555898,-52.012273019736114,-105.26272236686117,-1.571130048847169,0.0008435190298175161,0.00012968059179115202,1.0907548237101794e-05,-0.00017859511376811803,-2.6751803142486515e-05,6.467344167964623e-06,0.0034765615442973207,-0.003200215491578895,0.031196147544347012,1.144503515161561,1,1,32.88658865255336,22,1,-1.2836145341325803e-05,-0.039041516766477775,11,0,11,0.06116900021879701,0.21188399978200323,1.9707889996425365,0.2739087457366372,0.014735273959375017,3.3241996281882855,0.8302872062663186,0.8328981723237598,0.9913129082529211,3,3,3322,0.0,0.0,0.0019129725173114842
383,19.200000000000003,-52.01036755205283,-105.26563023086749,-1.5679298333555898,-52.0116622792378,-105.26333019863426,-1.570761076237214,0.0008411354940548822,0.0001290414724034976,1.0903611116144875e-05,-0.00017809589553129037,-2.6676285865144778e-05,6.446926717012047e-06,0.002639406516124609,-0.002831242881624174,0.031147663900497898,0.877947413062702,1,1,29.093965193056096,22,1,0.00023051488279628185,-0.014972178735264753,11,0,11,0.06346999998640968,0.2041089996964729,1.612366000244947,0.2735518943855885,0.014716784132889816,3.3178291797113957,0.8307291666666666,0.8333333333333334,0.9923043455435434,3,3,3318,0.0,0.0,0.0006739362142980099
384,19.25,-52.01036755205283,-105.26563023086749,-1.5679298333555898,-52.01308742059925,-105.2632243068714,-1.5717695189505805,0.000838765877781205,0.00012840908511273328,1.0898893758354618e-05,-0.00017759957321866548,-2.660134103719196e-05,6.4266563669232804e-06,0.0036312745950685616,-0.003839685594990705,0.03109943669737345,1.592130022554787,1,1,14.454669944407675,22,1,-2.886050211528716e-05,-0.004730362888207175,11,0,11,0.06283500033532619,0.22204399965630728,1.5834830001040245,0.27319646387864677,0.014698961665570354,3.3133468442382616,0.8311688311688312,0.8337662337662337,0.9913035279509315,3,3,3282,0.0,0.0,0.00024645961821079254
385,19.3,-52.01036755205283,-105.26563023086749,-1.5679298333555898,-52.012196918598825,-105.26386962010422,-1.5729102945953,0.000836409700560246,0.00012778324047001984,1.0894480942594326e-05,-0.00017710580527350081,-2.65268415113526e-05,6.406511260880126e-06,0.00253896282354801,-0.004980461239710188,0.03105145634314542,2.5638852392512637,1,1,19.68787398241383,22,1,-1.0942055875580819e-05,0.0010452254954701333,11,0,11,0.05935700028203428,0.20537699992928538,1.732212999741023,0.272842383557944,0.014682097810556294,3.3114052338626476,0.8316062176165803,0.8341968911917098,0.9910166226976161,3,3,3250,0.0,0.0,-5.413276376220466e-05
386,19.35,-52.01036755205283,-105.26563023086749,-1.5679298333555898,-52.009480790282026,-105.26480589842872,-1.571585382330215,0.0008340664299539826,0.00012716399258687496,1.0890589649907691e-05,-0.00017661483058843555,-2.6452737992064015e-05,6.386512044627061e-06,0.0012107313524305312,-0.003655548974625056,0.03100371626984187,1.328712756894943,1,1,18.36950531136368,22,1,1.0427772773273051e-05,0.005638190326854353,11,0,11,0.06269000004976988,0.2085199998873577,1.8248749997837876,0.2724896529547525,0.014664293812646358,3.3062819974880537,0.8320413436692506,0.834625322997416,0.9905535986366526,3,3,3269,0.0,0.0,-0.00028463511262089014
387,19.400000000000002,-52.01036755205283,-105.26563023086749,-1.5679298333555898,-52.01146551233864,-105.26325921326873,-1.5738865099102342,0.000831735611478092,0.00012655135504451536,1.0887273170600131e-05,-0.00017612681977991103,-2.6378957676430457e-05,6.366667121729022e-06,0.0026128990112242664,-0.005956676554644602,0.03095621046773341,3.649182846261414,1,1,15.377075632377522,22,1,6.782725034243409e-05,-0.009486289920230265,11,0,11,0.060955999742873246,0.21842500018465216,1.7945500003406778,0.27213831227768054,0.014648506093187694,3.3071657625622124,0.8324742268041238,0.8350515463917526,0.9896908897155084,3,3,3290,0.0,0.0,0.0004941991064697504
388,19.450000000000003,-52.01036755205283,-105.26563023086749,-1.5679298333555898,-52.01137218820073,-105.2623507884926,-1.5738382098121184,0.0008294196937998123,0.00012594506739693068,1.0886948783860392e-05,-0.00017564143327558314,-2.6305826670998006e-05,6.346913674806278e-06,0.00342987406181298,-0.005908376456528863,0.030908975414865227,3.6515192157313696,1,1,23.1403665800634,22,1,-0.0004488476981740228,-0.02503171051456411,11,0,11,0.05930899988015881,0.21430700007840642,1.7298749999099527,0.27178835064565987,0.014632732302009946,3.3080509899482515,0.8329048843187661,0.8354755784061697,0.9898742052164903,3,3,3317,0.0,0.0,0.0011788577772677833
389,19.5,-52.01036755205283,-105.26563023086749,-1.5679298333555898,-52.00985846080649,-105.26372157310942,-1.5716227051781373,0.0008271145775924737,0.000125345133634407,1.0889046664887271e-05,-0.00017515843809440005,-2.6232569291072503e-05,6.327270198091874e-06,0.001975385616662763,-0.0036928718225475166,0.030861946005183806,1.4043890278435027,1,1,26.114238572219023,22,1,0.0004099357425128507,0.034057872412362925,11,0,11,0.05989900000713533,0.21186799995120964,1.7202760000145645,0.2714396988226829,0.014615156669982018,3.3031698054300342,0.8333333333333334,0.8358974358974359,0.9904540188605353,3,3,3274,0.0,0.0,-0.0017806589603424072
390,19.55,-52.01036755205283,-105.26563023086749,-1.5679298333555898,-52.01229110865108,-105.26230299132762,-1.5710724686790634,0.000824822675485088,0.00012475112153390275,1.088497725134631e-05,-0.0001746783180265694,-2.6159940704345724e-05,6.3077862802213875e-06,0.0038432529115779396,-0.003142635323473364,0.030815155313887205,1.1393585262147725,1,1,21.317281862844965,22,1,6.818484695956875e-05,-0.011099951285201557,11,0,11,0.06208200011315057,0.2110039999934088,1.5922000002319692,0.2710924366865518,0.014597320455083416,3.2976357612376677,0.8337595907928389,0.8363171355498721,0.9903910081231203,3,3,3227,0.0,0.0,0.0006582906004042322
391,19.6,-52.01036755205283,-105.26563023086749,-1.5679298333555898,-52.01469067384191,-105.2618277756195,-1.568609456607673,0.000822545305072843,0.00012416327857002298,1.0886799862461443e-05,-0.00017420070536067943,-2.608797574868401e-05,6.288394092208274e-06,0.005757434143457158,-0.0006796232520831502,0.03076862986294427,0.1887421748152038,0,1,26.986619226999338,22,1,-0.00043281983201255025,0.03451744396701512,11,0,11,0.06251700006032479,0.21522199995160918,1.9273850002718973,0.2707465908751909,0.014578729945497467,3.289704910251896,0.8316326530612245,0.8367346938775511,0.991081866316673,3,3,3292,0.0,0.0,-0.0017280681058764458
392,19.650000000000002,-52.01036755205283,-105.26563023086749,-1.5679298333555898,-52.016868404353275,-105.26104942034361,-1.568821254798779,0.0008202800332205415,0.00012358104167321316,1.0884852239338582e-05,-0.0001737253183877759,-2.6016290929505343e-05,6.26911414691146e-06,0.007952666577186226,-0.0008914214431889889,0.0307223220947531,0.2958404719141381,1,1,26.586996079385045,22,1,-0.00012984143706787907,0.024639543886996074,11,0,11,0.05938200001764926,0.21075199992992566,1.5790259999448608,0.2704022077340942,0.014560239563632692,3.2820869345818253,0.8320610687022901,0.8371501272264631,0.9917157379069749,3,3,3249,0.0,0.0,-0.001226700190454899
393,19.700000000000003,-52.01036755205283,-105.26563023086749,-1.5679298333555898,-52.01596464450555,-105.26014274513386,-1.5702425440488064,0.0008180270583005942,0.00012300436591671142,1.0879972241993048e-05,-0.0001732522054998506,-2.5944915804500046e-05,6.24994071897353e-06,0.00783836357928597,-0.002312710693216591,0.03067623549618345,0.8885265416268519,1,1,21.400258078449287,22,1,7.484408989843898e-05,-0.007155927575848088,11,0,11,0.05964399997537839,0.20846500001425738,1.5929289997984597,0.27005912842549784,0.014542217122124976,3.276011908203767,0.8324873096446701,0.8375634517766497,0.9916605729815647,3,3,3292,0.0,0.0,0.000363593292422415
394,19.75,-52.01036755205283,-105.26563023086749,-1.5679298333555898,-52.01647698964885,-105.25871835161308,-1.5713494770207903,0.0008157873574644026,0.00012243375600380838,1.0880823628179822e-05,-0.0001727818554362066,-2.587400191927675e-05,6.230878709064545e-06,0.00922492832314473,-0.0034196436652003115,0.030630395254847936,1.7477054966024415,1,1,17.01174009550628,22,1,-0.00024361514083920218,-0.03265633646032511,11,0,11,0.0635110000075656,0.20877900033156038,1.7847119997895788,0.2697174641778663,0.014524816739569828,3.2721427780478143,0.8329113924050633,0.8379746835443038,0.991027530490117,3,3,3241,0.0,0.0,0.0016685744747517717
395,19.8,-52.01036755205283,-105.26563023086749,-1.5679298333555898,-52.01878955496132,-105.25800880119218,-1.5718056919210184,0.0008135596537990461,0.00012186848402476645,1.0875634351835293e-05,-0.0001723139303253968,-2.580327896192102e-05,6.2119153462956e-06,0.011358535261486108,-0.0038758585654283806,0.03058476970362557,2.2364721062857362,1,1,16.71174238060503,22,1,-1.4591681358629055e-05,-0.00273750385906281,11,0,11,0.06326399989120546,0.21159600009923452,2.014919999965059,0.26937730128350257,0.014507773195134896,3.269527448068617,0.8333333333333334,0.8383838383838383,0.9903587360484227,3,3,3240,0.0,0.0,0.0001202744897454977
396,19.85,-52.01036755205283,-105.26563023086749,-1.5679298333555898,-52.017544013253904,-105.25772722277307,-1.5721693983619538,0.000811345342777165,0.00012130882206013924,1.0874131528373877e-05,-0.0001718483833256691,-2.5733170766055287e-05,6.193061639630593e-06,0.010675164275596505,-0.004239565006364021,0.030539387106445083,2.578587646299014,1,1,22.991809048123653,22,1,-0.0003570816276443439,-0.02476388635462463,11,0,11,0.0611800001024676,0.21126499996171333,2.1354499999688414,0.2690383547238005,0.01449105215202864,3.2677870455452673,0.8337531486146096,0.8387909319899244,0.9905164406403874,3,3,3310,0.0,0.0,0.0012338146567345554
397,19.900000000000002,-52.01036755205283,-105.26563023086749,-1.5679298333555898,-52.01769392309548,-105.25967021113084,-1.5718367858978548,0.0008091423440783214,0.00012075463381693266,1.0871150105874228e-05,-0.00017138538589872536,-2.5663239417983883e-05,6.174333055552263e-06,0.009444445347178228,-0.003906952542265252,0.030494212203223976,2.0330813011849878,1,1,30.271358672794015,22,1,-0.0001038096596351863,-0.01887952547653614,11,0,11,0.060867000229336554,0.2069100000881008,1.5746019998914562,0.2687005713040283,0.014474160783153178,3.2646847698056685,0.8341708542713567,0.8391959798994975,0.9916240682499362,3,3,3308,0.0,0.0,0.0010006424039601391
398,19.950000000000003,-52.01036755205283,-105.26563023086749,-1.5679298333555898,-52.0154999809195,-105.26025714989697,-1.571546039226196,0.0008069506371602193,0.0001202057539167794,1.0866470213841377e-05,-0.00017092477611025943,-2.5593771147187712e-05,6.155767088260206e-06,0.0074304660141316994,-0.0036162058706059597,0.030449242865414547,1.7008676773814089,1,1,18.274081999290186,22,1,-8.569692865117169e-06,0.0009276140129858602,11,0,11,0.06161999999676482,0.20556199979182566,1.678974000242306,0.26836390036875574,0.014457144900831638,3.2607654287218986,0.8345864661654135,0.8395989974937343,0.9911627961084659,3,3,3324,0.0,0.0,-4.365967179165153e-05
399,20.0,-52.01036755205283,-105.26563023086749,-1.5679298333555898,-52.01539513144234,-105.25948391905033,-1.5721895317823302,0.0008047707101162099,0.00011966233973035091,1.0862615998961101e-05,-0.0001704668681524337,-2.5524686364706063e-05,6.137337750729796e-06,0.007940636213278595,-0.004259698426740677,0.030404490619751562,2.323546214326089,1,1,14.51410081392794,22,1,-0.00011479640158064809,-0.008717242092771568,11,0,11,0.06222199999683653,0.21218799975031288,2.0565070003613073,0.2680285296341367,0.014440632903846357,3.258422380685909,0.835,0.84,0.9902158505629519,3,3,3289,0.0,0.0,0.00043919440358886064
400,20.05,-52.01036755205283,-105.26563023086749,-1.5679298333555898,-52.01611042261639,-105.25891763106091,-1.5714421610245077,0.000802602383941712,0.00011912414539026463,1.085865633654792e-05,-0.00017001137633162902,-2.5455859560192256e-05,6.119012507474894e-06,0.00883400013997725,-0.0035123276689179583,0.030359949429008878,1.7989407374094972,1,1,33.713545864503715,22,1,2.1417814711944684e-06,-0.00039283986878710527,11,0,11,0.0592490000599355,0.20222500006639166,1.89325600013035,0.2676944843554824,0.014423682374645978,3.254782775590457,0.8354114713216958,0.8403990024937655,0.9917606313389321,3,3,3176,0.0,0.0,2.0896039495621466e-05
401,20.1,-52.01036755205283,-105.26563023086749,-1.5679298333555898,-52.01755782415232,-105.25930789597771,-1.570137097932482,0.0008004460785255553,0.00011859114098632502,1.0856436623690984e-05,-0.00016955825124895192,-2.5387439118520347e-05,6.100793785186249e-06,0.009574546011336137,-0.0022072645768922428,0.030315626655437626,0.9541348945022988,1,1,15.270784247406395,22,1,-6.943494360216515e-05,0.0165914630533059,11,0,11,0.06055300036678091,0.2074129997708951,1.653885999985505,0.26736175016130337,0.01440615194114338,3.249059770911133,0.835820895522388,0.8407960199004975,0.9909150799905269,3,3,3359,0.0,0.0,-0.0008332435972988605
402,20.150000000000002,-52.01036755205283,-105.26563023086749,-1.5679298333555898,-52.01450104906855,-105.25966777978768,-1.5706414291256168,0.0007983012226906374,0.00011806307367882785,1.0852845939717073e-05,-0.00016910734202957485,-2.5319434799013054e-05,6.082697615417923e-06,0.007255109954929346,-0.0027115957700267757,0.030271509648008392,1.1660097918782941,1,1,26.921092061996582,22,1,-5.532977438303749e-06,-0.0026698253772952443,11,0,11,0.06003099997542449,0.21220600001470302,1.570359999732318,0.26703007436150633,0.014388901212853826,3.2438909124023665,0.8362282878411911,0.8411910669975186,0.9915744877039191,3,3,3267,0.0,0.0,0.0001416119863280052
403,20.200000000000003,-52.01036755205283,-105.26563023086749,-1.5679298333555898,-52.014811131641274,-105.2594921802708,-1.5687337892233635,0.0007961669661554958,0.00011754049286561964,1.0855706025942329e-05,-0.00016865904988817295,-2.5251600181001157e-05,6.0647304825313395e-06,0.007577668816092509,-0.0008039558677737091,0.030227594330695846,0.4525015696352193,1,1,14.001745327889102,22,1,0.00019408795078303522,0.034667575210851335,11,0,11,0.060274000134086236,0.20466199975999189,1.768422000168357,0.26669965329950074,0.014371137795813059,3.236981532841061,0.8366336633663366,0.8415841584158416,0.9905712913246693,3,3,3316,0.0,0.0,-0.0016021173447371417
404,20.25,-52.01036755205283,-105.26563023086749,-1.5679298333555898,-52.02068940888782,-105.25820796232519,-1.5701466613885817,0.000794044584198536,0.00011702251466383292,1.0851558070660964e-05,-0.00016821313215010998,-2.518423164119351e-05,6.046873325174916e-06,0.012713410196956335,-0.0022168280329921686,0.030183888067350916,1.1386763741999018,1,1,31.95161551543621,22,1,2.3872183121848517e-05,-0.00420082272779299,11,0,11,0.0627310000709258,0.21577399957095622,1.8004110002038942,0.266370940093311,0.014353807371299576,3.2318005324493546,0.837037037037037,0.8419753086419753,0.9918720656020437,2,2,3262,0.0,0.0,0.0002412161091340792
405,20.3,-52.01036755205283,-105.26563023086749,-1.5679298333555898,-52.024384760845585,-105.25693009653418,-1.5696656891575065,0.0007919344004232947,0.0001165092126734135,1.0850453603603924e-05,-0.00016776899879823625,-2.511738802765759e-05,6.029094382182482e-06,0.01649771134907551,-0.001735855801916486,0.030140398356636035,1.1488737851288997,1,1,26.383096304221592,22,1,-1.901296964013217e-05,0.02315821037429629,11,0,11,0.07039399997665896,0.20779400028914097,1.713792999908037,0.2660439547260508,0.01433637821287175,3.2266701710027523,0.8374384236453202,0.8423645320197044,0.9924545363452736,2,2,3285,0.0,0.0,-0.0011605812236665791
406,20.35,-52.01036755205283,-105.26563023086749,-1.5679298333555898,-52.02412553701684,-105.25661472590068,-1.5686358677678585,0.0007898374419509476,0.00011600064015371072,1.0851106711684578e-05,-0.0001673270204011479,-2.5051248565256053e-05,6.011398583610823e-06,0.016448753146566845,-0.0007060344122686857,0.030097144085521773,0.8439768380717727,1,1,14.923631619307416,22,1,-0.0005938559920642766,0.029910022105071928,11,0,11,0.0627310000709258,0.20908800024699303,1.68291699992551,0.26571816929139197,0.01431879789121812,3.2208158876294575,0.8378378378378378,0.8427518427518428,0.9915746829991712,2,2,3227,0.0,0.0,-0.001458674948662697
407,20.400000000000002,-52.01036755205283,-105.26563023086749,-1.5679298333555898,-52.02212071451203,-105.25791340880185,-1.5688397655524569,0.0007877499082552716,0.00011549660117497451,1.0847825646167113e-05,-0.00016688718238792034,-2.4985047775548937e-05,5.99381337634885e-06,0.014060091414531453,-0.0009099321968673024,0.03005405978283543,0.6918595040005175,1,1,15.649913882140918,22,1,8.355986832260924e-05,-0.01543648580436656,11,0,11,0.062153000271791825,0.20714899983431678,1.6102599997793732,0.2653932473487808,0.01430131052953481,3.2146174651205635,0.8382352941176471,0.8431372549019608,0.9907919596441888,2,2,3298,0.0,0.0,0.00079593025147906
408,20.450000000000003,-52.01036755205283,-105.26563023086749,-1.5679298333555898,-52.02371286760831,-105.25756683122057,-1.568544165377583,0.000785673296637229,0.00011499728132892097,1.0843815239614506e-05,-0.00016644985283719552,-2.491927688822089e-05,5.976368967866334e-06,0.01559217307309297,-0.0006143320219931248,0.030011174218383223,0.6873546136298652,1,1,22.880191251671413,22,1,-6.0070561948495975e-05,-0.007534903640602328,11,0,11,0.06803599990234943,0.20893200007776613,1.6225770000346529,0.26506972841500687,0.014283848865578201,3.2084383383443025,0.8386308068459658,0.843520782396088,0.9909290536096863,2,2,3223,0.0,0.0,0.00037258309312182547
409,20.5,-52.01036755205283,-105.26563023086749,-1.5679298333555898,-52.0235221978449,-105.25745382547392,-1.569426961643228,0.0007836083890960708,0.00011450250316671048,1.0840678680030657e-05,-0.00016601471748112508,-2.4854001012581494e-05,5.9590251462160506e-06,0.015488651041160472,-0.0014971282876379277,0.029968498331794692,0.9699370971870945,1,1,18.097823326009816,22,1,-0.0002896493808626056,-0.012537843904329724,11,0,11,0.058722999710880686,0.20699200013041263,1.6544580003028386,0.2647473803523696,0.014266610499114632,3.2029785792195287,0.8390243902439024,0.8439024390243902,0.990461551607994,2,2,3226,0.0,0.0,0.0006824266631157982
410,20.55,-52.01036755205283,-105.26563023086749,-1.5679298333555898,-52.02361516994188,-105.25815778195599,-1.5680718281651242,0.0007815534865034876,0.00011401223159354163,1.0837285625595183e-05,-0.00016558176175265492,-2.478886332574979e-05,5.94178929001432e-06,0.015209762406732453,-0.00014199480953447363,0.029926004044927703,0.5365466171513485,1,1,16.717098266657977,22,1,4.387789914504557e-05,0.008582984937762621,11,0,11,0.06224699973245151,0.2196700002059515,1.6567030002079264,0.2644261714112489,0.014249245676644815,3.1964909102120633,0.8394160583941606,0.8442822384428224,0.9898227885925422,2,2,3238,0.0,0.0,-0.0003964052069931334
411,20.6,-52.01036755205283,-105.26563023086749,-1.5679298333555898,-52.02211751577842,-105.25897766699424,-1.5683158058591695,0.0007795092813768176,0.00011352640807337946,1.0833910089133013e-05,-0.0001651510347628913,-2.47241265339104e-05,5.924673928909057e-06,0.013502527675970055,-0.0003859725035795236,0.029883702739958398,0.4607325547563694,1,1,23.592043177361262,22,1,1.2045910713182536e-05,-0.005576543664022338,11,0,11,0.06215900020833942,0.2098529998875165,1.8704929998420994,0.2641059086738691,0.014231955100258008,3.1898507200289186,0.8398058252427184,0.8446601941747572,0.9900508074057424,2,2,3256,0.0,0.0,0.0002907619113101667
412,20.650000000000002,-52.01036755205283,-105.26563023086749,-1.5679298333555898,-52.01970960840236,-105.25934821609803,-1.5679705002968016,0.0007774755908949558,0.00011304509567992558,1.08314862540196e-05,-0.0001647226748295146,-2.465974528935935e-05,5.907681240949773e-06,0.011257785146353446,-4.0666941211853214e-05,0.029841593231174527,0.3631338040024762,1,1,17.340636321017755,22,1,-4.567689612340291e-05,0.013013032347078067,11,0,11,0.06155500022941851,0.22099999978308915,1.8751220000012836,0.2637865557479663,0.01421471482884575,3.183006369142656,0.8401937046004843,0.8450363196125908,0.9894947741673366,2,2,3244,0.0,0.0,-0.0006349470466373575
413,20.700000000000003,-52.01036755205283,-105.26563023086749,-1.5679298333555898,-52.021045946006765,-105.25820187234982,-1.569148808388353,0.0007754514592487629,0.00011256846252026994,1.0833442994927494e-05,-0.00016429665002305342,-2.4595470181896686e-05,5.890802658477921e-06,0.01300802089875973,-0.0012189750327631366,0.02979966311502586,0.7459378817633322,1,1,21.169248232481294,22,1,0.000254968279887194,-0.0315901426689574,11,0,11,0.05972400003884104,0.2075170000352955,1.5475850000257196,0.26346855598428315,0.01419766331865948,3.177119730284252,0.8405797101449275,0.8454106280193237,0.9894198944471567,2,2,3251,0.0,0.0,0.0016004106029869902
414,20.75,-52.01036755205283,-105.26563023086749,-1.5679298333555898,-52.02308361461952,-105.25735646755912,-1.5676943938908672,0.0007734390762220067,0.00011209583060663907,1.0830845834485434e-05,-0.00016387281314590664,-2.4531705923757186e-05,5.874002317481747e-06,0.01517080770700764,0.00023543946472237565,0.029757938551395757,0.616077867381725,1,1,31.449012755096277,22,1,-0.00011057571878581465,0.01595838275957596,11,0,11,0.05891600039831246,0.2082009996229317,1.7144329999609909,0.2631519862744494,0.014180552092816164,3.170948545072439,0.8409638554216867,0.8457831325301205,0.9906255949549099,3,2,3249,0.0,0.0,-0.0008583790622651577
415,20.8,-52.01036755205283,-105.26563023086749,-1.5679298333555898,-52.0222671476813,-105.25891373236949,-1.5666502034262344,0.000771437155802838,0.00011162725091707882,1.0827173382928479e-05,-0.00016345093815727565,-2.446822749566174e-05,5.857286469677193e-06,0.01366425000483644,0.0012796299293551527,0.029716399625794455,0.48671564907222226,1,1,24.408962357824386,22,1,1.0673739801161398e-05,0.005243463340578426,11,0,11,0.06305499982772744,0.20978400016247178,1.6287840003315068,0.26283636133792654,0.014163636859493374,3.1644960621493614,0.8413461538461539,0.8461538461538461,0.9909503837364321,3,2,3291,0.0,0.0,-0.00027497883420446456
416,20.85,-52.01036755205283,-105.26563023086749,-1.5679298333555898,-52.022987060084645,-105.25836932069765,-1.565577034085901,0.0007694452610575446,0.00011116286591755721,1.0823661113161561e-05,-0.00016303127272489654,-2.4405152550697603e-05,5.840702341469737e-06,0.014559285678202631,0.002352799269688788,0.0296750421562481,0.8457401247662248,1,1,14.369544533964717,22,1,-1.3446219639625697e-05,0.0009667709529575876,11,0,11,0.06258100029299385,0.20708500005639507,1.597600999957649,0.26252198882349065,0.014147113071613539,3.1589354963522798,0.841726618705036,0.8465227817745803,0.990029977010121,3,3,3204,0.0,0.0,-4.9501599278301e-05
417,20.900000000000002,-52.01036755205283,-105.26563023086749,-1.5679298333555898,-52.02017776400818,-105.2583750886423,-1.5659892104211075,0.0007674639789668772,0.00011070254991913876,1.0820512693634739e-05,-0.00016261371238442227,-2.434242767894306e-05,5.824206197916986e-06,0.012201530531729305,0.0019406229344820503,0.029633874685670383,0.726749799451741,1,1,28.433045013826472,22,1,-8.989604891135323e-05,-0.004404239186915214,11,0,11,0.06344700022964389,0.21097099988764967,2.1874009999010013,0.2622084584352823,0.014130499358146226,3.1531168702831396,0.8421052631578947,0.84688995215311,0.9908516649448545,3,3,3242,0.0,0.0,0.00021877351682642043
418,20.950000000000003,-52.01036755205283,-105.26563023086749,-1.5679298333555898,-52.01788955049455,-105.25857162892831,-1.5650020511192755,0.000765492613885396,0.000110246632142398,1.0822087123576348e-05,-0.0001621985264702833,-2.427991345368651e-05,5.807813457885964e-06,0.010315247059236032,0.0029277822363145134,0.029592891815903934,1.1619982049122457,1,1,26.212241872091433,22,1,-8.24596859243322e-05,0.029880256669741645,11,0,11,0.06197499988047639,0.20992700001443154,2.003155000238621,0.26189585842438323,0.014114351856597675,3.1483647970960966,0.8424821002386634,0.847255369928401,0.9913953339819702,3,3,3229,0.0,0.0,-0.0013900026679039001
419,21.0,-52.01036755205283,-105.26563023086749,-1.5679298333555898,-52.01499480316872,-105.25861812735462,-1.5654237024035262,0.00076353088882073,0.00010979458819514773,1.0818593794939399e-05,-0.00016178561612428645,-2.4217602400723192e-05,5.791525944672607e-06,0.008401252797329476,0.0025061309520637565,0.029552080756113906,1.0395110971220278,1,1,21.702840366811564,22,1,1.1932400770891639e-05,0.005744777689120895,11,0,11,0.06141900030343095,0.20692999987659277,1.6098930000225664,0.26158421305176843,0.014098069410501263,3.143343716858063,0.8428571428571429,0.8476190476190476,0.9913820837386297,3,3,3244,0.0,0.0,-0.0002843880560248202
420,21.05,-52.01036755205283,-105.26563023086749,-1.5679298333555898,-52.01567328188842,-105.2584707891793,-1.5661833589295793,0.0007615787191700787,0.00010934675578643091,1.0818287692577064e-05,-0.00016137502025177704,-2.4155474384084655e-05,5.7753405571936386e-06,0.008911137658842641,0.0017464744260102805,0.029511446507355574,0.7532470595373619,1,1,18.333088399962712,22,1,0.00010182465675669968,-0.024434273329370083,11,0,11,0.05880899971089093,0.20892200018352014,1.5536640003119828,0.26127371922191456,0.014081573161372178,3.137666527648275,0.8432304038004751,0.8479809976247031,0.990956046316149,3,3,3269,0.0,0.0,0.0011836158111693251
421,21.1,-52.01036755205283,-105.26563023086749,-1.5679298333555898,-52.01375406150119,-105.26020383484973,-1.566993111538942,0.0007596371050104303,0.00010890265405186,1.0815435963484779e-05,-0.00016096649258700704,-2.409380941608807e-05,5.759247288172027e-06,0.006396422436435458,0.0009367218166476121,0.029470998609858648,0.3733850305593112,1,1,28.323624175532075,22,1,-0.00011102622602996157,-0.012637003592856145,11,0,11,0.05974100031380658,0.20567199999277364,1.7522529997222591,0.2609641553536158,0.01406495285372208,3.131116097560387,0.8436018957345972,0.8483412322274881,0.9917530393704717,3,3,3311,0.0,0.0,0.000641112681478262
422,21.150000000000002,-52.01036755205283,-105.26563023086749,-1.5679298333555898,-52.01125251584754,-105.26104890859824,-1.567751070951415,0.0007577055837377918,0.00010846252777569295,1.0813694255489331e-05,-0.0001605602346142541,-2.4032652596159884e-05,5.74328207061707e-06,0.004666012714581625,0.00017876240417447065,0.02943073413140564,0.26163340312853584,1,1,22.128198807085255,22,1,-0.00040294000498743046,-0.018380303217775004,11,0,11,0.062276999869936844,0.2069689999188995,1.7766290002327878,0.2606556032904264,0.014048320465313553,3.124332450528633,0.8439716312056738,0.8486997635933806,0.9917907717542074,3,3,3254,0.0,0.0,0.0009102374315261841
423,21.200000000000003,-52.01036755205283,-105.26563023086749,-1.5679298333555898,-52.01305140164923,-105.25998747845314,-1.568044243924339,0.000755782523486064,0.00010802619027428503,1.0810243740171653e-05,-0.0001601560946991627,-2.3971551933152974e-05,5.727427501027512e-06,0.00624849609631872,-0.0001144105687491681,0.029390622888267427,0.36295515000918516,1,1,23.93604702835866,22,1,1.7391557571644416e-06,-0.004384205885278061,11,0,11,0.0636730001133401,0.20957400010956917,1.778183999704197,0.2603482217975587,0.014031745370282187,3.117819768216087,0.8443396226415094,0.8490566037735849,0.9920480213956471,3,3,3316,0.0,0.0,0.00023468907456836163
424,21.25,-52.01036755205283,-105.26563023086749,-1.5679298333555898,-52.012231539102004,-105.25983655757237,-1.5676666293777262,0.0007538693187809812,0.00010759349869860139,1.080724865330582e-05,-0.00015975380748590225,-2.391072424293517e-05,5.7116420108137626e-06,0.006086139825048561,0.000263203977863391,0.029350686831479473,0.4023097229039635,1,1,15.940388598322835,22,1,9.716414385114407e-05,0.007426663404868286,11,0,11,0.06374900021910435,0.22360000002663583,1.6463449996990676,0.2600419169676707,0.014015233527775298,3.111430332815353,0.8447058823529412,0.8494117647058823,0.991334728320207,3,3,3257,0.0,0.0,-0.0003842845093458003
425,21.3,-52.01036755205283,-105.26563023086749,-1.5679298333555898,-52.008332116274005,-105.26158161029107,-1.568183840763011,0.0007519659679784817,0.0001071644995053853,1.0804169642404735e-05,-0.00015935362235278925,-2.385023225502903e-05,5.6959453962628994e-06,0.004531481808576557,-0.00025400740742131944,0.02931092744155099,0.28416725138755106,1,1,22.023258669487113,22,1,-4.937363988033652e-07,-0.0017585888004844012,11,0,11,0.06452600018747034,0.22886699980517733,2.0298439999351103,0.25973661691506245,0.013998779467750997,3.104793565018574,0.8450704225352113,0.8497652582159625,0.9913605859902315,2,2,3241,0.0,0.0,8.727938402453006e-05
426,21.35,-52.01036755205283,-105.26563023086749,-1.5679298333555898,-52.00657081070866,-105.26178913973945,-1.565618902053164,0.0007500719416084582,0.00010673932430217403,1.0801731519213785e-05,-0.00015895576630116576,-2.3790106721609923e-05,5.680373695098788e-06,0.005400854181368426,0.002310931302425878,0.02927133864227313,0.88384631804441,1,1,25.91277860943486,22,1,-0.00016034471106202063,0.009278026955035754,11,0,11,0.06265299998631235,0.20875800009889645,1.592208000147366,0.25943242905667424,0.013982825073082574,3.099592283409735,0.8454332552693209,0.8501170960187353,0.9918552623487618,2,2,3313,0.0,0.0,-0.0004969923757016659
427,21.400000000000002,-52.01036755205283,-105.26563023086749,-1.5679298333555898,-52.00718495567534,-105.26207249635466,-1.567461152469398,0.0007481866677326991,0.00010631781347451215,1.0799705552477331e-05,-0.00015855995201610577,-2.3730115455550588e-05,5.664895174901635e-06,0.004773509669595707,0.00046868088619156367,0.029231908613828336,0.2881146517761572,1,1,24.018750281679345,22,1,8.461685648309457e-05,-0.01216500807315797,11,0,11,0.061563000144815305,0.22382299994205823,1.618134000182181,0.2591292792792247,0.013966498817949449,3.0930234104386285,0.8457943925233645,0.8504672897196262,0.9921195642378919,2,2,3266,0.0,0.0,0.0007184500340371436
428,21.450000000000003,-52.01036755205283,-105.26563023086749,-1.5679298333555898,-52.00831801985483,-105.26125143779872,-1.57026522418636,0.0007463110939163233,0.00010589980999617386,1.0797959873133344e-05,-0.0001581660614850319,-2.3670536574887246e-05,5.649506725601099e-06,0.004834708985005758,-0.0023353908307699456,0.029192651539599778,0.8582340770733852,1,1,23.79426383296063,22,1,-1.973822059344666e-05,-0.01403926689052247,11,0,11,0.07060999996610917,0.21052000010968186,1.592061999872385,0.25882719285229,0.01395066701344885,3.087814111293255,0.8461538461538461,0.8508158508158508,0.9923555480972979,2,2,3341,0.0,0.0,0.0006653218530119354
429,21.5,-52.01036755205283,-105.26563023086749,-1.5679298333555898,-52.009216794222596,-105.25957012421382,-1.5720549536027688,0.0007444446190540911,0.00010548561545202736,1.080378304875443e-05,-0.0001577739663591015,-2.3611144195340707e-05,5.634188417582866e-06,0.00616839819058518,-0.004125120247179037,0.0291535629813256,2.261993748627524,1,1,27.142919395030344,22,1,0.00020121121166271307,-0.04073601025901137,11,0,11,0.06253899982766598,0.21860800006834324,1.6670079999130394,0.25852622695475724,0.013935855783385683,3.085893598821939,0.8465116279069768,0.8511627906976744,0.9929908468218062,2,2,3243,0.0,0.0,0.001912661641836344
430,21.55,-52.01036755205283,-105.26563023086749,-1.5679298333555898,-52.00891123812243,-105.26126717373566,-1.5709456196626688,0.0007425883681856012,0.00010507438132960319,1.0799747980585377e-05,-0.00015738381635353401,-2.3552120079258596e-05,5.618926225453241e-06,0.004599686706662486,-0.0030157863070789936,0.02911464836667626,1.2091908753127114,1,1,25.078468700204763,22,1,-2.6854311140842543e-05,0.004026071840342287,11,0,11,0.06728000016664737,0.21438100020532147,1.693362999958481,0.25822623342125756,0.013920437480260981,3.0815393001595046,0.8468677494199536,0.851508120649652,0.9933765149284783,2,2,3228,0.0,0.0,-0.00020614259410667302
431,21.6,-52.01036755205283,-105.26563023086749,-1.5679298333555898,-52.01106629172542,-105.26077062057254,-1.571813750420313,0.0007407409137789519,0.00010466655375099587,1.0796075734324351e-05,-0.000156995559808795,-2.3493467860013383e-05,5.6037811990424225e-06,0.004909587492730283,-0.003883917064722908,0.02907589151737136,1.8626493045170167,1,1,17.895828096698214,22,1,2.0259358775235873e-05,0.003433014996549374,11,0,11,0.06171099994389806,0.20664900011979626,1.5867160000198055,0.25792729546963034,0.013905572144311781,3.0787177955399616,0.8472222222222222,0.8518518518518519,0.9929054945534511,2,2,3247,0.0,0.0,-0.00016099567292249262
432,21.650000000000002,-52.01036755205283,-105.26563023086749,-1.5679298333555898,-52.01239435925212,-105.26043991178169,-1.5708174553854435,0.0007389034753673795,0.00010426208359649653,1.0794659554987049e-05,-0.0001566091056428194,-2.343528790064421e-05,5.5887099416746955e-06,0.005572015760522404,-0.002887622029853709,0.029037313218751422,1.2165042379016098,1,1,17.01708689545721,22,1,-0.0002286650689526833,0.019557297618136665,11,0,11,0.06322699982774793,0.21247199993013055,1.984488000289275,0.25762942494456054,0.01389019883057363,3.0744170713883716,0.8475750577367206,0.8521939953810623,0.9923326445671327,2,2,3317,0.0,0.0,-0.0010066976770759517
433,21.700000000000003,-52.01036755205283,-105.26563023086749,-1.5679298333555898,-52.01437744421487,-105.25875856304422,-1.5680794987736615,0.0007370744846074191,0.00010386101331817187,1.0796382587993117e-05,-0.00015622434017420657,-2.3377236964412383e-05,5.57371634557405e-06,0.007956070250097503,-0.0001496654180717094,0.02899888787394425,0.5451591214194794,1,1,33.13170245077654,22,1,0.00011821819601912838,0.03168348812234469,11,0,11,0.06116999975347426,0.2096160001201497,1.6566660001444689,0.2573327290704614,0.013874188928685893,3.0685892880935124,0.847926267281106,0.8525345622119815,0.9936702847506435,2,2,3299,0.0,0.0,-0.0014910635538400996
434,21.75,-52.01036755205283,-105.26563023086749,-1.5679298333555898,-52.01316991458555,-105.25832406344146,-1.569932540316538,0.0007352557702395568,0.00010346289896955138,1.0792972811240035e-05,-0.0001558414141543452,-2.331962500204129e-05,5.558776014190298e-06,0.007825172088964553,-0.002002706960948508,0.02896063999999151,1.1105305515568036,1,1,20.459447819996857,22,1,-0.00022079312391877474,-0.011415147147185422,11,0,11,0.0602529999014223,0.20825800038437592,1.5360339998551353,0.2570370479624664,0.013858565070875148,3.0640880036417038,0.8482758620689655,0.8528735632183908,0.9935048421952106,2,2,3297,0.0,0.0,0.0005878863390536004
435,21.8,-52.01036755205283,-105.26563023086749,-1.5679298333555898,-52.01140910870499,-105.25938876130589,-1.5668441397499564,0.0007334457963949009,0.00010306884105708943,1.0805909696034839e-05,-0.00015546043197574907,-2.3262183760238094e-05,5.543916278777664e-06,0.006327778642466703,0.0010856936056331534,0.02892256277462269,0.6178274934664791,1,1,25.37842144685876,22,1,-0.00013742564699823065,0.056891390959492825,11,0,11,0.07119499969121534,0.20800700031031738,1.6584760001023824,0.2567422903435454,0.013842760748729798,3.0584773143981825,0.8486238532110092,0.8532110091743119,0.9939195048092667,2,2,3311,0.0,0.0,-0.0026762200519443446
436,21.85,-52.01036755205283,-105.26563023086749,-1.5679298333555898,-52.013787786420195,-105.25864728225577,-1.567878263133951,0.0007316440048558266,0.00010267721387206365,1.0799553912133783e-05,-0.00015508136973025092,-2.320494553707233e-05,5.529162039928724e-06,0.007775575505496051,5.157022163881919e-05,0.028884619068422733,0.578247613857258,1,1,28.31482990940441,22,1,2.7817742745583236e-05,-0.001679654408462314,11,0,11,0.061487000039051054,0.2071349999823724,2.249871999993047,0.2564486363627658,0.013826913498523047,3.052801731559416,0.8489702517162472,0.8535469107551488,0.9946769162261802,2,2,3308,0.0,0.0,8.83450964463961e-05
437,21.900000000000002,-52.01036755205283,-105.26563023086749,-1.5679298333555898,-52.012287323966895,-105.25923365963503,-1.568438726478029,0.0007298515128858113,0.00010228864676974804,1.0794329954924701e-05,-0.0001547039863908293,-2.314807062073516e-05,5.5144761959015535e-06,0.006678446506033054,-0.0005088931224390691,0.02884683968228685,0.5597724547889592,1,1,21.641952292856796,22,1,-3.8398260436917265e-05,0.008243632796112569,11,0,11,0.06867100000818027,0.20688199992946465,1.633746000152314,0.25615591825856177,0.01381114173640338,3.0471098838955566,0.8493150684931506,0.8538812785388128,0.9946486899065785,2,2,3229,0.0,0.0,-0.0004214581102131021
438,21.950000000000003,-52.01036755205283,-105.26563023086749,-1.5679298333555898,-52.012997159092464,-105.25948948803475,-1.5660914511895159,0.0007280672630491968,0.0001019036886539216,1.0798742997161193e-05,-0.00015432849692987194,-2.309139304777394e-05,5.499885266395078e-06,0.0066800865054857436,0.0018383821660741262,0.02880921643681269,0.7493716293539953,1,1,12.826801928213166,22,1,9.208553106015638e-05,0.04260066335783168,11,0,11,0.06094499985920265,0.20841700006712927,1.8357150001975242,0.2558642012244369,0.013795681560341059,3.0418758559808836,0.8496583143507973,0.8542141230068337,0.9935905607584443,2,2,3253,0.0,0.0,-0.00219000279903403
439,22.0,-52.01036755205283,-105.26563023086749,-1.5679298333555898,-52.011728714346425,-105.26079634351562,-1.5632864656418466,0.0007262917028672143,0.00010152134813953319,1.079354585977027e-05,-0.00015395475257031714,-2.3035034545109153e-05,5.485379523885298e-06,0.005021875119915818,0.004643367713743185,0.028771740493177458,2.3702957187225056,1,1,34.548863091511905,22,1,0.0001025013374188081,0.012796608792712931,11,0,11,0.06237899970074068,0.20801900018341257,1.6406820000156586,0.2555733931937873,0.013781773628132408,3.0403495374871143,0.85,0.8545454545454545,0.9950695666739253,2,2,3334,0.0,0.0,-0.0006564177107066804
440,22.05,-52.01036755205283,-105.26563023086749,-1.5679298333555898,-52.01054239328041,-105.26068309708924,-1.5633216160751668,0.000724524591578618,0.0001011421122629703,1.0789471191887687e-05,-0.00015358289373877115,-2.2979016376146944e-05,5.470976562349117e-06,0.004950222426792054,0.004608217280423155,0.028734416713091432,2.4192016592866765,1,1,16.76159163049372,22,1,4.555806577449583e-05,-0.016296992051212243,11,0,11,0.06267600019782549,0.20982899968657875,1.9487949998620024,0.25528357182142525,0.013767888036514154,3.0389410388970908,0.8503401360544217,0.854875283446712,0.9944732008477997,2,2,3258,0.0,0.0,0.0008187755011022091
441,22.1,-52.01036755205283,-105.26563023086749,-1.5679298333555898,-52.010981774026874,-105.26042362913323,-1.5615173336801913,0.0007227655922792586,0.00010076609230571952,1.078924094034046e-05,-0.00015321286407140146,-2.2923135182323598e-05,5.4566510732168375e-06,0.005242706386264913,0.006412499675398475,0.02869724175918268,4.3855405097947155,1,1,28.38641780211038,22,1,0.00021712220001362942,0.030455330725705353,11,0,11,0.06147300018710666,0.2069819997814193,1.6015199998946628,0.25499474791171123,0.013755686683122261,3.0419876440348683,0.8506787330316742,0.8552036199095022,0.995227839922876,2,2,3318,0.0,0.0,-0.001554666459560483
442,22.150000000000002,-52.01036755205283,-105.26563023086749,-1.5679298333555898,-52.009864061544,-105.26019073219629,-1.5631718135733303,0.0007210157196967097,0.00010039275797376201,1.0783942257655778e-05,-0.00015284463265114476,-2.286765424746892e-05,5.442397022245107e-06,0.005462750999853526,0.004758019782259204,0.028660224661898093,2.673898066049895,1,1,28.8463645130349,22,1,-1.4304701067328362e-05,0.0015842317129813482,11,0,11,0.060210999890841777,0.21158199979254277,1.607745999990584,0.2547069130900135,0.013742011812914005,3.041156742052961,0.8510158013544018,0.8555304740406321,0.9960318362257595,2,2,3272,0.0,0.0,-8.13260499854529e-05
443,22.200000000000003,-52.01036755205283,-105.26563023086749,-1.5679298333555898,-52.00889727534432,-105.26087838642401,-1.5657656314098167,0.0007192738616826759,0.00010002241696301378,1.0779849534665872e-05,-0.0001524781986331958,-2.281230316375488e-05,5.428217820525061e-06,0.004974106876071091,0.0021642019457730477,0.028623351981305223,0.8487302952144535,1,1,29.31633356446799,22,1,0.0001573670628925738,-0.010752491056315861,11,0,11,0.061961000028532,0.20837700003539794,1.6221699997913674,0.2544200288070765,0.013726912102749803,3.036218844650171,0.8513513513513513,0.8558558558558559,0.9968859701860159,2,2,3250,0.0,0.0,0.0005461931694297206
444,22.25,-52.01036755205283,-105.26563023086749,-1.5679298333555898,-52.01048715461301,-105.2603554114349,-1.5679065873649183,0.0007175405189723592,9.965512109933415e-05,1.0778855665804754e-05,-0.00015211360254724116,-2.2757306333798364e-05,5.414127030028792e-06,0.00527617520736252,2.3245990671494354e-05,0.028586633940911852,0.4088963143230782,1,1,21.46856528037844,22,1,2.1907806458180386e-05,-0.025233298134448322,11,0,11,0.06138799972177367,0.22297100031209993,1.8718249998528336,0.25413412590648554,0.01371147997565125,3.0303147490764024,0.851685393258427,0.8561797752808988,0.9968326990624585,2,2,3219,0.0,0.0,0.0013931766152381897
445,22.3,-52.01036755205283,-105.26563023086749,-1.5679298333555898,-52.009888952761564,-105.26065489149457,-1.5702095166584764,0.0007158157450217904,9.929064143349495e-05,1.0778472650789037e-05,-0.0001517506303710852,-2.2702607640794344e-05,5.400102064501403e-06,0.004998305628642173,-0.002279683302886859,0.028550068063934373,0.9146020247849249,1,1,16.645545962134218,22,1,9.965963796795509e-06,-0.027913374936567502,11,0,11,0.061265999647730496,0.20736300029966515,1.8004050002673466,0.25384917263212287,0.013696525118670049,3.0255709985735066,0.852017937219731,0.8565022421524664,0.9962260905434915,2,2,3276,0.0,0.0,0.0014206875115632123
446,22.35,-52.01036755205283,-105.26563023086749,-1.5679298333555898,-52.009847223778166,-105.26069326662962,-1.5723446328397708,0.0007140992737512478,9.89288541337345e-05,1.0774888690218773e-05,-0.0001513894293404297,-2.2648198173635942e-05,5.386157894707914e-06,0.00496430835055858,-0.004414799484180776,0.028513648098498066,2.344981119050754,1,1,21.501895160799478,22,1,-4.527266560074405e-05,-0.014274143921481014,11,0,11,0.06137299988040468,0.21740200008935062,1.7439950001971738,0.25356517474169876,0.013682789480376418,3.024048426136096,0.8523489932885906,0.8568232662192393,0.9961785660608767,2,2,3322,0.0,0.0,0.0007021867670120585
447,22.400000000000002,-52.01036755205283,-105.26563023086749,-1.5679298333555898,-52.00623805415156,-105.26184240241435,-1.5719134462581306,0.0007123910011219729,9.856983906527924e-05,1.07714841952072e-05,-0.00015102993560127246,-2.2594048031552735e-05,5.372288959761657e-06,0.005603605741574152,-0.003983612902541012,0.028477374179991598,1.8590774454359922,1,1,24.307817182040907,22,1,-4.3236511220451785e-05,-0.013240278580794615,11,0,11,0.06088400004955474,0.2088960000037332,1.6670989998601726,0.2532821581598976,0.013668805773597689,3.021448044482747,0.8526785714285714,0.8571428571428571,0.9964517374552008,2,2,3354,0.0,0.0,0.0006986218970270741
448,22.450000000000003,-52.01036755205283,-105.26563023086749,-1.5679298333555898,-52.005665800753555,-105.26173500586405,-1.570341065227238,0.0007106921258933097,9.821400655448313e-05,1.0773291193987798e-05,-0.00015067257764179033,-2.2540488786593758e-05,5.3585152113205146e-06,0.006105673026585814,-0.0024112318716484893,0.02844127515509445,0.9206751555356925,1,1,15.338403784238498,22,1,-0.0007971881481832168,0.03325189663682972,11,0,11,0.07155100001909886,0.21430900005725562,2.0884340001430246,0.2530001136249811,0.013654050086549742,3.0167692629928875,0.8530066815144766,0.8574610244988864,0.9957017335317815,2,2,3226,0.0,0.0,-0.0016447620466353285
449,22.5,-52.01036755205283,-105.26563023086749,-1.5679298333555898,-52.00381599787663,-105.26334825507715,-1.5705637210311394,0.0007090006848287949,9.786069519680366e-05,1.0770954975852156e-05,-0.000150316864230557,-2.2486989975951802e-05,5.3448125928632934e-06,0.006937598693449678,-0.0026338876755493956,0.028405305490798696,0.8658612264862074,1,1,29.98378339769622,22,1,-0.0005179112394009667,-0.020822641417307424,11,0,11,0.06314299980658689,0.20975200004613725,1.8516430000090622,0.2527190576518403,0.01363943563309677,3.011989467356206,0.8533333333333334,0.8577777777777778,0.9966197273113265,2,2,3312,0.0,0.0,0.0010415079072116917
450,22.55,-52.01036755205283,-105.26563023086749,-1.5679298333555898,-52.004494370996134,-105.26367755682564,-1.5691847891860822,0.0007073153893705683,9.751003453323813e-05,1.0767149842027917e-05,-0.00014996274292528486,-2.2433421344863114e-05,5.331209025941993e-06,0.00618928038130362,-0.0012549558304923991,0.028369445251957368,0.3240459439340941,1,1,16.95773348845998,22,1,0.00014548601592491472,0.011581807143399396,11,0,11,0.06042099994374439,0.20853000023635104,1.6170079998119036,0.2524388940676707,0.01362443407066193,3.0060295038896383,0.8536585365853658,0.8580931263858093,0.9960566009780245,2,2,3274,0.0,0.0,-0.0006084155756980181
451,22.6,-52.01036755205283,-105.26563023086749,-1.5679298333555898,-52.004096455844476,-105.26368437180483,-1.5704774350928035,0.0007056385077639088,9.716226005060433e-05,1.0769260727894878e-05,-0.00014961027228936342,-2.2380257077828222e-05,5.317679147880361e-06,0.0065660501936955626,-0.0025476017372136894,0.02833373903695933,0.7818008710115235,1,1,31.163644141759175,22,1,-4.3990542163336e-05,-0.03474290184894888,11,0,11,0.06133699980637175,0.21063600024717744,2.052088999789703,0.2521596820135817,0.013609881980785674,3.001108644082386,0.8539823008849557,0.8584070796460177,0.9971025529138275,2,2,3248,0.0,0.0,0.0016223160549997395
452,22.650000000000002,-52.01036755205283,-105.26563023086749,-1.5679298333555898,-52.00574326863272,-105.2640183997623,-1.5711148308913954,0.0007039699615524439,9.681685885261669e-05,1.076534490324959e-05,-0.00014925952261286366,-2.2327431851808523e-05,5.3042175428003854e-06,0.00489714168276748,-0.0031849975358055893,0.028298176980241337,1.0656055087196126,1,1,33.998966196470235,22,1,-0.00023770232134084194,-0.012881086352406422,11,0,11,0.0615670001025137,0.20971200001440593,1.8909679997705098,0.2518813113896513,0.013595675310093123,2.9968360102294875,0.8543046357615894,0.8587196467991169,0.9984631112301332,2,2,3279,0.0,0.0,0.0007200348190963268
453,22.700000000000003,-52.01036755205283,-105.26563023086749,-1.5679298333555898,-52.007267158564446,-105.26384680892937,-1.571202269292692,0.000702308726920892,9.647405209139879e-05,1.0763396211865857e-05,-0.00014891020866853247,-2.2274776226380865e-05,5.290828310782113e-06,0.003576735046399814,-0.003272435937102358,0.028262745425954125,1.12130068538901,1,1,24.851684353398227,22,1,4.437935843186189e-05,-0.021716107146169714,11,0,11,0.06069899973226711,0.21166800024730037,2.0140230003562465,0.251603812139027,0.013581562246744677,2.9927048751527465,0.8546255506607929,0.8590308370044053,0.9987877619846713,2,2,3294,0.0,0.0,0.0010394764132799494
454,22.75,-52.01036755205283,-105.26563023086749,-1.5679298333555898,-52.00793245349564,-105.26384800944726,-1.571322380552388,0.0007006551332601718,9.613379650743786e-05,1.0762414847608442e-05,-0.00014856237596731436,-2.222233376601944e-05,5.277502335057196e-06,0.003017617963548169,-0.003392547196797935,0.02822744993384294,1.1968877276305085,1,1,14.474495880606465,22,1,0.00018781549346805467,0.025399637494642646,11,0,11,0.060680999922624324,0.21057000003565918,1.567855999837775,0.25132721216497167,0.013567561474576805,2.9887580242790714,0.8549450549450549,0.8593406593406593,0.9979461419080097,2,2,3268,0.0,0.0,-0.001207001786679207
455,22.8,-52.01036755205283,-105.26563023086749,-1.5679298333555898,-52.00613512837493,-105.26446249447899,-1.5711450276735432,0.0006990096314214349,9.579593449786189e-05,1.0759268012577556e-05,-0.00014821614192180323,-2.217022458524817e-05,5.2642424175562935e-06,0.004390560153585127,-0.0032151943179536957,0.028192296215797975,1.0473934376827674,1,1,19.551615793604157,22,1,6.340973201170222e-05,0.015834885155921723,11,0,11,0.060508999922603834,0.21695299983548466,1.6278160001093056,0.251051567025289,0.013553512934053689,2.984500645799694,0.8552631578947368,0.8596491228070176,0.9976770869003548,2,2,3277,0.0,0.0,-0.000798326451331377
456,22.85,-52.01036755205283,-105.26563023086749,-1.5679298333555898,-52.00613323393257,-105.2645092593955,-1.5686163269895301,0.0006973722814929624,9.546078802860982e-05,1.0759291383082662e-05,-0.00014787169988507312,-2.211848463553199e-05,5.251059375751515e-06,0.004380185724889884,-0.0006864936339403549,0.028157291587110653,0.12159026404062796,0,1,16.898817430532475,22,1,-0.0002380539950751921,0.02843863045516876,11,0,11,0.06985099980738596,0.2117670001098304,1.5851190000830684,0.250776826819773,0.013538714109024274,2.9782360716601772,0.8533916849015317,0.8599562363238512,0.9971130843896027,2,2,3266,0.0,0.0,-0.0014932355843484402
457,22.900000000000002,-52.01036755205283,-105.26563023086749,-1.5679298333555898,-52.00667461172278,-105.2648411900878,-1.565704573054235,0.0006957429800283759,9.512799972995884e-05,1.0756712525297792e-05,-0.00014752889178492142,-2.2067067433082187e-05,5.237942056420184e-06,0.003776293637061574,0.0022252603013548367,0.028122428411471417,0.5977653175113694,1,1,18.581397200641405,22,1,-0.0004199152541339141,0.018947486015272345,11,0,11,0.06201900032465346,0.21166099986658082,1.581228999839368,0.25050296553557444,0.013524325497806366,2.9730385372624726,0.8537117903930131,0.8602620087336245,0.9967392997799848,2,2,3287,0.0,0.0,-0.0010065849870444232
458,22.950000000000003,-52.01036755205283,-105.26563023086749,-1.5679298333555898,-52.00640931411699,-105.26516289475937,-1.566403650458401,0.0006941196788158358,9.47976466290001e-05,1.075467515793331e-05,-0.00014718743404282993,-2.2015534757281996e-05,5.224896496177206e-06,0.003985730873330677,0.0015261828971890878,0.028087672125771405,0.3170995551565467,1,1,25.788673256386698,22,1,0.0002988257385240751,0.020796747594223102,11,0,11,0.06391399983840529,0.21953100031169015,1.8822309998540732,0.25023000685574176,0.013509772897079728,2.9672521778243333,0.8540305010893247,0.8605664488017429,0.9971683294155957,2,2,3278,0.0,0.0,-0.0010194920003412378
459,23.0,-52.01036755205283,-105.26563023086749,-1.5679298333555898,-52.004078091484665,-105.2663741244138,-1.5669194574031517,0.0006925044736465891,9.446959209636264e-05,1.0750479330927503e-05,-0.0001468476261429456,-2.1964398903420378e-05,5.211918992995764e-06,0.006333300233425945,0.0010103759524380251,0.028053058046190824,0.20703762197266168,0,1,23.496928717300207,22,1,2.1892399109879595e-05,0.002255345884716133,11,0,11,0.06080799994379049,0.20473499989748234,1.685170000200742,0.24995804416042425,0.013495162596435194,2.961251711398569,0.8521739130434782,0.8608695652173913,0.9973411925497595,2,2,3231,0.0,0.0,-0.00011434336192905903
460,23.05,-52.01036755205283,-105.26563023086749,-1.5679298333555898,-52.003196798293786,-105.26738167507048,-1.5666316893232293,0.0006908963953653552,9.414419426898169e-05,1.0750623508738698e-05,-0.00014650950736159164,-2.1913479967041065e-05,5.199024931433134e-06,0.007381549042647444,0.0012981440323605042,0.028018575795966807,0.3074480742964909,1,1,34.44102236336272,22,1,3.10475716409747e-05,0.027517122215743768,11,0,11,0.06264900002861395,0.21389799985627178,2.123071999903914,0.24968702949544883,0.01348065339774338,2.9554950874569155,0.8524945770065075,0.8611713665943601,0.9987235765496785,2,2,3317,0.0,0.0,-0.001335829216986717
461,23.1,-52.01036755205283,-105.26563023086749,-1.5679298333555898,-52.004339901735705,-105.26703936454565,-1.5684599206479215,0.0006892959604206659,9.38212183160664e-05,1.0751013592656808e-05,-0.00014617302176940603,-2.18629135106899e-05,5.186208413024239e-06,0.006190171731741164,-0.0005300872923319488,0.027984230894143442,0.06433060573452741,0,1,21.73583052656015,22,1,-0.00015625857686692713,-0.0293163694690447,11,0,11,0.06354599963742658,0.22073900026953197,1.9372730002942262,0.24941682532162124,0.013466078625754342,2.9492371556782957,0.8506493506493507,0.8614718614718615,0.9986975297538343,2,2,3279,0.0,0.0,0.001494263950735153
462,23.150000000000002,-52.01036755205283,-105.26563023086749,-1.5679298333555898,-52.0019664775281,-105.26709367846816,-1.5668444346519714,0.0006877027209851278,9.350030649151005e-05,1.0746605178688666e-05,-0.00014583795952750672,-2.1812504334214257e-05,5.173446700623507e-06,0.00852758653136538,0.0010853987036183455,0.02795000943607422,0.28534259599413214,1,1,27.732422279030246,22,1,-2.430544848676146e-06,0.0006264519109372924,11,0,11,0.06298300013440894,0.21878899997318513,1.6366339996238821,0.24914764630322592,0.01345162314250355,2.943483603713535,0.8509719222462203,0.8617710583153347,0.9993315905753669,2,2,3260,0.0,0.0,-3.0820749816307114e-05
463,23.200000000000003,-52.01036755205283,-105.26563023086749,-1.5679298333555898,-52.00168575933609,-105.26748644859359,-1.5675584635455824,0.0006861167142920018,9.3181823911277e-05,1.0743569323417955e-05,-0.00014550458001996703,-2.17622599258589e-05,5.160747118185263e-06,0.008878010420305827,0.00037136981000740477,0.02791591908218819,0.15150098770809317,0,1,23.61842485565279,22,1,-2.921826513836677e-05,0.013095589729185423,11,0,11,0.05950400009169243,0.21047900008852594,1.776910999979009,0.2488793646932146,0.01343713110065328,2.93746639979973,0.8491379310344828,0.8620689655172413,0.999510897762784,2,2,3292,0.0,0.0,-0.000628412421792568
464,23.25,-52.01036755205283,-105.26563023086749,-1.5679298333555898,-52.00092363771254,-105.26726727851575,-1.5677045303344297,0.0006845380236566318,9.286569086550757e-05,1.0742027805174534e-05,-0.00014517273468505585,-2.1712278262949603e-05,5.148114467120773e-06,0.009584750548103416,0.00022530302116008372,0.027881960378031877,0.1595233368521653,0,1,17.729339935374632,22,1,-7.357728365718138e-05,0.020258646280729074,11,0,11,0.06310900016615051,0.20648300005632336,1.732375999836222,0.24861200577575981,0.013422678862615597,2.9314923286966166,0.8473118279569892,0.8623655913978494,0.9990443150885884,2,2,3330,0.0,0.0,-0.0009447667747735089
465,23.3,-52.01036755205283,-105.26563023086749,-1.5679298333555898,-52.00164728836388,-105.2676860409409,-1.5656625496231915,0.0006829658115156872,9.255184084153357e-05,1.0740396778661087e-05,-0.00014484235418750442,-2.166230674458342e-05,5.135539461039116e-06,0.008959316595744084,0.002267283732398262,0.02784811757295672,0.7569480090949882,1,1,17.740821360972827,22,1,0.0002725690542056791,0.019778537372717484,11,0,11,0.06254000027183793,0.21081199975014897,1.6454279998470156,0.24834545823512427,0.013408680466652648,2.9268259245772996,0.8476394849785408,0.8626609442060086,0.9985812301267246,2,2,3281,0.0,0.0,-0.0009730867110193664
466,23.35,-52.01036755205283,-105.26563023086749,-1.5679298333555898,-52.001393551876006,-105.26719841169945,-1.5660539461740945,0.0006814012722129203,9.224008833760225e-05,1.073685450800303e-05,-0.00014451346754876243,-2.161273471290588e-05,5.1230304438406695e-06,0.009109987392709427,0.0018758871814954503,0.027814409225265284,0.5833694201000532,1,1,16.81018992551561,22,1,4.9912551213417866e-05,-0.004734863849437244,11,0,11,0.062351999986276496,0.20913100024699816,1.6160529999069695,0.2480797794227549,0.0133945978658232,2.9218078164306673,0.8479657387580299,0.8629550321199143,0.998018923920351,2,2,3201,0.0,0.0,0.00021261675283312798
467,23.400000000000002,-52.01036755205283,-105.26563023086749,-1.5679298333555898,-52.00170616707924,-105.26790507533059,-1.5668631471889005,0.0006798442254838942,9.19305486903178e-05,1.0733694122724097e-05,-0.00014418611833684036,-2.156342061275519e-05,5.110573118346111e-06,0.008955138580276592,0.001066686166689479,0.027780834655823646,0.2936302525087141,1,1,27.676289667657198,22,1,-8.208502116144363e-05,0.005447592045486142,11,0,11,0.0620329997218505,0.21685299998353003,1.708624000002601,0.24781494092297496,0.013380370596588633,2.916192052405193,0.8482905982905983,0.8632478632478633,0.9986409197165025,2,2,3191,0.0,0.0,-0.00025700442492970765
468,23.450000000000003,-52.01036755205283,-105.26563023086749,-1.5679298333555898,-52.00221966251147,-105.26774968510743,-1.5645936861961796,0.0006782941693837966,9.162320929076385e-05,1.0731441628333742e-05,-0.0001438602060864234,-2.1514368019011242e-05,5.098186855133657e-06,0.008419037370944005,0.0033361471594099967,0.027747385078139532,1.3892337203788507,1,1,24.531696646514426,22,1,-7.030532365201622e-05,0.012253109150234696,11,0,11,0.06353500020850333,0.21124300019437214,1.928505999785557,0.2475509101622402,0.013366985901866748,2.9129362777100414,0.8486140724946695,0.8635394456289979,0.99891881041001,2,2,3263,0.0,0.0,-0.0005664638243616515
469,23.5,-52.01036755205283,-105.26563023086749,-1.5679298333555898,-52.0025085366917,-105.26746865226497,-1.564385419658712,0.0006767510376492662,9.13179731717154e-05,1.0728629996223593e-05,-0.00014353570346793703,-2.146549390947864e-05,5.085857161880627e-06,0.008071178085084405,0.0035444136968778572,0.027714057999884852,1.5259148534556022,1,1,25.852157678607398,22,1,1.6487348306448265e-05,0.004289989221549379,11,0,11,0.060402000144677004,0.2143409997188428,1.6702329999134236,0.24728769814885002,0.013353758992953366,2.9099851682967337,0.8489361702127659,0.8638297872340426,0.9993382848526059,2,2,3332,0.0,0.0,-0.00023353740107268095
470,23.55,-52.01036755205283,-105.26563023086749,-1.5679298333555898,-52.00194188372352,-105.26805238131459,-1.5643217960497626,0.0006752148906224232,9.101500345213876e-05,1.0728983322409526e-05,-0.00014321263074945037,-2.1416811832122956e-05,5.073582168094138e-06,0.008766909351871037,0.0036080373058271498,0.02768085789990191,1.6111391766273229,1,1,17.198606638450833,22,1,5.475046582820609e-05,0.02422530323402997,11,0,11,0.06348299984892947,0.2235659999314521,1.8481970000721049,0.24702537547650957,0.013340611430017748,2.907227533494888,0.8492569002123143,0.8641188959660298,0.998821459585028,2,2,3262,0.0,0.0,-0.0012238419614734042
471,23.6,-52.01036755205283,-105.26563023086749,-1.5679298333555898,-52.003964344525706,-105.26775393362689,-1.5623075713373844,0.0006736858514176497,9.071414723110368e-05,1.0728724412135507e-05,-0.00014289105754818112,-2.1368427096641107e-05,5.061374739893027e-06,0.006746197450837821,0.005622262018205149,0.027647784696947304,3.456185612651602,1,1,17.375117613432153,22,1,-7.341607781074089e-05,0.023035048720649112,11,0,11,0.0639669997326564,0.2206889998888073,2.027463000104035,0.24676375267809078,0.01332898436369239,2.908390580272762,0.8495762711864406,0.864406779661017,0.9983260961105086,2,2,3281,0.0,0.0,-0.0012888689525425434
472,23.650000000000002,-52.01036755205283,-105.26563023086749,-1.5679298333555898,-52.002869781825005,-105.26756747039904,-1.5644514896450692,0.0006721638853604728,9.041519437420191e-05,1.0725890187172263e-05,-0.0001425707952368456,-2.132029587171443e-05,5.049220433410511e-06,0.007743994795442405,0.0034783437105208037,0.02761483441439899,1.4626830538628282,1,1,27.658746643309193,22,1,-6.580224808347777e-05,0.008638581807715234,11,0,11,0.061375999848678475,0.20743300001413445,1.6011669999898004,0.24650302219753276,0.013315847580639173,2.9053341161577304,0.8498942917547568,0.864693446088795,0.9989381284046067,2,2,3318,0.0,0.0,-0.00040489034727198003
473,23.700000000000003,-52.01036755205283,-105.26563023086749,-1.5679298333555898,-52.00222992386949,-105.26728713266219,-1.566302003810177,0.0006706486721994068,9.011833338127592e-05,1.072314202506726e-05,-0.00014225201926899823,-2.1272311822422767e-05,5.037121644661317e-06,0.00830459607732298,0.001627829545412851,0.027582005104427827,0.4527223341210445,1,1,21.633235611572832,22,1,-3.614617370661037e-05,0.0068905113772253805,11,0,11,0.06469700019806623,0.2218469999206718,1.9642259999272937,0.24624315606097702,0.013302004045509816,2.9001598296977376,0.8502109704641351,0.8649789029535865,0.9989013141664711,2,2,3289,0.0,0.0,-0.0003516998840495944
474,23.75,-52.01036755205283,-105.26563023086749,-1.5679298333555898,-51.99980405924751,-105.26780846017903,-1.5672054873178125,0.0006691399876877824,8.982367569642065e-05,1.0723441751831272e-05,-0.0001419346679025698,-2.1224435328949252e-05,5.025077357781481e-06,0.010785734243974736,0.0007243460377770461,0.027549295152221282,0.2784371932799658,1,1,21.74289656776633,22,1,9.843978568163173e-05,0.024375262192251026,11,0,11,0.061579999965033494,0.20917299980283133,1.5837180003472895,0.24598431398821427,0.01328803612183899,2.894640413621069,0.8505263157894737,0.8652631578947368,0.9988764016163219,2,2,3291,0.0,0.0,-0.001205122936517089
475,23.8,-52.01036755205283,-105.26563023086749,-1.5679298333555898,-51.99917930960326,-105.26778972527494,-1.5690095999342268,0.0006676378715286783,8.953096805500198e-05,1.0720480112891056e-05,-0.0001416188608701119,-2.117673785427688e-05,5.013099350720637e-06,0.011394743753423336,-0.0010797665786368427,0.027516701102851704,0.24084553397794467,1,1,28.84847642392429,22,1,8.330154000565107e-05,0.00502712629725254,11,0,11,0.06023500009177951,0.2181479999308067,1.5812769997864962,0.24572634628937326,0.013274163022889914,2.889065214294088,0.8508403361344538,0.865546218487395,0.9996097771592546,2,2,3346,0.0,0.0,-0.0002487999154254794
476,23.85,-52.01036755205283,-105.26563023086749,-1.5679298333555898,-51.99989496387025,-105.2676154484199,-1.5694489698394316,0.0006661429883339538,8.924035844158187e-05,1.07193322153043e-05,-0.0001413045485541701,-2.1129371951056185e-05,5.0011784346673535e-06,0.010659089640881006,-0.001519136483842054,0.027484238151630393,0.306334689650365,1,1,29.613034004746467,22,1,-0.00017323106809079272,-0.018023498417358376,11,0,11,0.061348000144789694,0.21213499985606177,1.6021860001274035,0.2454691215355959,0.013260423933367889,2.8836506848923187,0.8511530398322851,0.8658280922431866,1.0004211055504877,2,2,3312,0.0,0.0,0.0008943989872931546
477,23.900000000000002,-52.01036755205283,-105.26563023086749,-1.5679298333555898,-52.00266746304074,-105.26724947374447,-1.5705656358769835,0.0006646543818960046,8.895165192824122e-05,1.071720804964566e-05,-0.00014099152423353,-2.1082112864059887e-05,4.989312545397471e-06,0.007868501654620932,-0.0026358025213939484,0.027451885797231595,0.658722448028692,1,1,31.852088092948556,22,1,5.2129654425426646e-05,0.012207129184993955,11,0,11,0.06209599996509496,0.2131759997610061,2.110094000272511,0.24521248434850712,0.013247094535373387,2.878996023308922,0.8514644351464435,0.8661087866108786,1.0014664351778069,2,2,3275,0.0,0.0,-0.0005930440966039896
478,23.950000000000003,-52.01036755205283,-105.26563023086749,-1.5679298333555898,-52.00516495865434,-105.2668684279952,-1.5711543877487912,0.000663173279438882,8.866495599999193e-05,1.0717873576484856e-05,-0.00014067979314022009,-2.1035289833808982e-05,4.9774982676173785e-06,0.005347907085680127,-0.003224554393201462,0.027419668769678343,0.9721792212549687,1,1,18.12195138645161,22,1,-0.0002481856222399501,-0.02572225588350127,11,0,11,0.06287599990173476,0.21095300007800688,1.8260250003550027,0.24495650956387163,0.013234079596547441,2.8750151949121494,0.8517745302713987,0.8663883089770354,1.0010521196249926,2,2,3295,0.0,0.0,0.0012256068177523005
479,24.0,-52.01036755205283,-105.26563023086749,-1.5679298333555898,-52.00360839181412,-105.26695312389776,-1.5732006463101889,0.0006616987326180502,8.838016611244153e-05,1.0719313619442787e-05,-0.00014036926077952167,-2.098865899641091e-05,4.965735469084127e-06,0.006887401041183173,-0.00527081295459908,0.027387568324524388,2.6144823578600356,1,1,21.84146745988751,22,1,-0.00013009784329694762,-0.02973748228089821,11,0,11,0.0693209999553801,0.21275600010994822,1.6072739999799524,0.24470141542814758,0.013222475714901455,2.8744724181682906,0.8520833333333333,0.8666666666666667,1.001032914638538,2,2,3315,0.0,0.0,0.0014323505572972905
480,24.05,-52.01036755205283,-105.26563023086749,-1.5679298333555898,-52.004148256490524,-105.2667626514198,-1.5710838276044257,0.0006602306771412236,8.809723587811228e-05,1.07181108898947e-05,-0.0001400601857519363,-2.0942195935855062e-05,4.9540310356672675e-06,0.006321551518304526,-0.0031539942488358896,0.027355582849198,0.9300737243707778,1,1,14.743251414269892,22,1,-0.0001588665137841221,0.021698065898210914,11,0,11,0.06031700013409136,0.20766499983437825,1.5103939999789873,0.24444708564411385,0.01320950662633471,2.8704300092414767,0.8523908523908524,0.8669438669438669,1.0002651997357983,2,2,3299,0.0,0.0,-0.0010301003232600081
481,24.1,-52.01036755205283,-105.26563023086749,-1.5679298333555898,-52.0033736884832,-105.26734517843111,-1.5714794026336003,0.0006587685476743908,8.781612109768184e-05,1.071560959136788e-05,-0.00013975235808751443,-2.0895782064759865e-05,4.942380145411965e-06,0.007201053587950437,-0.0035495692780105337,0.027323701593526317,1.1758784400230609,1,1,15.966452563185744,22,1,0.00014522397074539869,-0.015130991183449231,11,0,11,0.06039500021870481,0.21033699977124343,1.582888000029925,0.24419359845278835,0.013196787130742987,2.8669143420854217,0.8526970954356846,0.8672199170124482,0.9996297428933106,2,2,3296,0.0,0.0,0.00080260345712313
482,24.150000000000002,-52.01036755205283,-105.26563023086749,-1.5679298333555898,-52.003248422088106,-105.26720187135186,-1.5710808215585281,0.0006573128916291557,8.753694336746575e-05,1.0714085535353629e-05,-0.00013944592619801892,-2.0849619754098477e-05,4.930794150487369e-06,0.007290546294119884,-0.003150988202938354,0.027291937179259033,0.9284077512142187,1,1,20.277436745989895,22,1,7.64359164360232e-05,0.01957608658133805,11,0,11,0.059313999827281805,0.208689999908529,1.6010399999686342,0.2439409046282935,0.01318389840643838,2.86290087088279,0.8530020703933747,0.8674948240165632,0.9994497704392206,2,2,3317,0.0,0.0,-0.0010189699009059972
483,24.200000000000003,-52.01036755205283,-105.26563023086749,-1.5679298333555898,-52.00192499639194,-105.26695001582631,-1.5724952582234346,0.0006558642995982766,8.725971091951127e-05,1.0714128504878865e-05,-0.0001391409124570659,-2.080380625173956e-05,4.919261383763908e-06,0.008545090896220913,-0.004565424867844836,0.02726030099829765,1.9538634118512779,1,1,26.707781082286093,22,1,-0.00022762473499457467,-0.026079771793938594,11,0,11,0.06290599958447274,0.21145400023669936,1.9242360003772774,0.24368907880286023,0.013171906437159726,2.861022694314543,0.8533057851239669,0.8677685950413223,0.9999441028787496,2,2,3273,0.0,0.0,0.0012865842320026744
484,24.25,-52.01036755205283,-105.26563023086749,-1.5679298333555898,-52.00325022418093,-105.26621210178699,-1.5731237812638577,0.0006544212541799737,8.698443564393284e-05,1.0715668809680736e-05,-0.00013883720898330923,-2.075793992750092e-05,4.907779959837341e-06,0.007141073434927735,-0.00519394790826766,0.027228765852015887,2.555741669942679,1,1,13.407758026027196,22,1,0.00014601698928924377,-0.03195624650543184,11,0,11,0.06412700031432905,0.20986999970773468,2.0969889997104474,0.2434379392738401,0.013160433576545264,2.8603932489034674,0.8536082474226804,0.8680412371134021,0.999046400450609,2,2,3377,0.0,0.0,0.0015559448860584801
485,24.3,-52.01036755205283,-105.26563023086749,-1.5679298333555898,-52.00473381041071,-105.26543190779658,-1.5718694848540902,0.0006529850399574716,8.671071660330499e-05,1.071232346962553e-05,-0.00013853479545009086,-2.07123637153592e-05,4.896343029348279e-06,0.005637231317814327,-0.003939651498500396,0.027197348336938595,1.4989435230339954,1,1,21.04166766809086,22,1,-3.2850748677495446e-06,0.013380038658340311,11,0,11,0.0701009998920199,0.21027899992986931,1.6468560002067534,0.24318749419243496,0.01314810158857847,2.8575919120189623,0.8539094650205762,0.8683127572016461,0.9989486780630128,2,2,3258,0.0,0.0,-0.0006343967281283724
486,24.35,-52.01036755205283,-105.26563023086749,-1.5679298333555898,-52.00626445731936,-105.26453816075869,-1.5720496988892039,0.0006515558135826288,8.643880767288977e-05,1.071021947380465e-05,-0.00013823367757922204,-2.0667118269957667e-05,4.884950513204544e-06,0.0042459396503395155,-0.004119865533613876,0.027166056417071628,1.6907784140140805,1,1,22.971667731827647,22,1,-0.0002433570900034654,0.018737909722003503,11,0,11,0.06127999995442224,0.2090689999931783,1.5506059999097488,0.242937762925728,0.013135922261182,2.8551959910785008,0.8542094455852156,0.8685831622176592,0.9990521518319374,2,2,3316,0.0,0.0,-0.0009038556367158002
487,24.400000000000002,-52.01036755205283,-105.26563023086749,-1.5679298333555898,-52.00664681447967,-105.26434059242678,-1.5701786635593438,0.0006501323453118248,8.61685476207558e-05,1.0706609254173347e-05,-0.00013793370461121955,-2.0621890079324685e-05,4.873601065599738e-06,0.003937899871255884,-0.002248830203753993,0.02713486489615492,0.5568699664662066,1,1,21.249005701100835,22,1,9.776358768159847e-05,-0.0063165208018998685,11,0,11,0.06276299973251298,0.21772200034320122,1.6095940000013798,0.2426887891044756,0.013122851281235585,2.850486306601836,0.8545081967213115,0.8688524590163934,0.9989763795572174,2,2,3364,0.0,0.0,0.00033019559923541664
488,24.450000000000003,-52.01036755205283,-105.26563023086749,-1.5679298333555898,-52.00563329355505,-105.2640439901734,-1.5701924566896261,0.0006487152413383584,8.590006131713567e-05,1.0703796425593922e-05,-0.0001376350196211671,-2.0576895485253353e-05,4.862305307212432e-06,0.00499293130969501,-0.0022626233340363733,0.027103787607186826,0.6066874148489801,1,1,23.295622408122718,22,1,4.5517049595023067e-05,-0.010983660134811554,11,0,11,0.06203700013429625,0.22392999971998506,1.5588870001010946,0.24244061920319096,0.013109825662298197,2.8458977608109306,0.8548057259713702,0.869120654396728,0.9991128614435151,2,2,3359,0.0,0.0,0.0005429773125795734
489,24.5,-52.01036755205283,-105.26563023086749,-1.5679298333555898,-52.0041473277087,-105.26442445025268,-1.5690221143712586,0.0006473043806966163,8.563339677654792e-05,1.0702183616197969e-05,-0.0001373376916707015,-2.05320821218554e-05,4.851061302050663e-06,0.006336015923458088,-0.0010922810156688278,0.027072823596240643,0.2563896489703785,1,1,20.05017258252661,22,1,-3.815464543117233e-06,-0.0175092507304371,11,0,11,0.06299000006038113,0.22264800008997554,1.908344000185025,0.24219327360802118,0.01309653441524014,2.8406130503786025,0.8551020408163266,0.8693877551020408,0.9989134492152888,2,2,3346,0.0,0.0,0.0009430923499165189
490,24.55,-52.01036755205283,-105.26563023086749,-1.5679298333555898,-52.00231360085695,-105.26401739095128,-1.569177036942041,0.0006458999496079809,8.536860881725986e-05,1.070249856017687e-05,-0.00013704176826343422,-2.0487557319338224e-05,4.839878776562447e-06,0.008213853082497953,-0.001247203586451029,0.02704197770920686,0.4001380918337431,1,1,22.242544625820585,22,1,-0.00022274780835000838,-0.02584728386428779,11,0,11,0.06321699993350194,0.21408399970823666,1.6656560001138132,0.24194679920540102,0.01308331209776039,2.8356426329477578,0.8553971486761711,0.869653767820774,0.9989409124953429,2,2,3317,0.0,0.0,0.0012536125257609498
491,24.6,-52.01036755205283,-105.26563023086749,-1.5679298333555898,-52.00236939296267,-105.26441311513396,-1.5688273554863925,0.0006445001705327642,8.510587071110733e-05,1.0707858097505765e-05,-0.00013674705520738388,-2.0442807067131457e-05,4.828746000111291e-06,0.008090236062084375,-0.0008975221308027415,0.027011220654458983,0.2952117962992851,1,1,39.02867910643977,22,0,0.000447847253830988,-0.041141691079957965,11,0,11,0.06279499984884751,0.20816899996134453,1.6247800003839075,0.24170106844562883,0.0130700719210587,2.8304791556374966,0.8556910569105691,0.8699186991869918,1.0006945096808162,2,2,3268,0.0,0.0,0.0021554183214904654
492,24.650000000000002,-52.01036755205283,-105.26563023086749,-1.5679298333555898,-52.00303344692307,-105.26489982566565,-1.5713598539914533,0.0006431072108961503,8.484440791957132e-05,1.0704296245258303e-05,-0.00013645368792882684,-2.0398509389260136e-05,4.817673837577775e-06,0.007370386001642244,-0.0034300206358635066,0.026980578548573077,1.2069045537609857,1,1,26.433043934027694,22,1,4.779881479242818e-05,-0.014365371220509794,11,0,11,0.06303300006038626,0.20631300003515207,1.7823849998421792,0.241456039256932,0.013057723368892639,2.8271859008669558,0.8559837728194726,0.8701825557809331,1.0011477997199143,2,2,3291,0.0,0.0,0.0006911951117216653
493,24.700000000000003,-52.01036755205283,-105.26563023086749,-1.5679298333555898,-52.004573541781575,-105.26471608057216,-1.568057192141735,0.0006417205196796414,8.458481247448742e-05,1.0705353884808429e-05,-0.00013616156154579038,-2.0354530229993594e-05,4.8066629636285235e-06,0.00586568203927105,-0.00012735878614522633,0.02695005254455228,0.13495440767010486,0,1,27.47629147120022,22,1,-9.200396465118564e-05,0.03201487702657138,11,0,11,0.06931300003998331,0.21056000014141318,2.069298999685998,0.24121167112104192,0.013044501613052976,2.821736039544695,0.854251012145749,0.8704453441295547,1.00170585048541,2,2,3408,0.0,0.0,-0.0016129463911056519
494,24.75,-52.01036755205283,-105.26563023086749,-1.5679298333555898,-52.00464422358499,-105.26511234716477,-1.5668050977339305,0.0006403398219214421,8.43265860202366e-05,1.0700986312958098e-05,-0.00013587058723795887,-2.0310754530302354e-05,4.795702385410129e-06,0.005746711431792551,0.0011247356216594895,0.02691962867391894,0.2710502465808305,1,1,28.16249818641366,22,1,-4.668531560300729e-05,0.007630771604178528,11,0,11,0.0631220000286703,0.21170899981370894,1.8234770000162825,0.2409680382237952,0.01303141674373406,2.8165831389528493,0.8545454545454545,0.8707070707070707,1.0023314857740449,2,2,3334,0.0,0.0,-0.000400148751213969
495,24.8,-52.01036755205283,-105.26563023086749,-1.5679298333555898,-52.00490190586794,-105.2648463018841,-1.568253659103315,0.000638964965891776,8.40699898045266e-05,1.0696881451930677e-05,-0.00013558083434944473,-2.026717874916664e-05,4.784799795326379e-06,0.005521578838463169,-0.0003238257477251594,0.0268893093198078,0.11785814905547932,0,1,24.999450379563598,22,1,-2.7530962300682782e-05,-0.002908003255427824,11,0,11,0.06106199998612283,0.2029379998020886,1.866105000317475,0.24072513200760018,0.01301828172704103,2.811142161150637,0.8528225806451613,0.8709677419354839,1.0026319502759338,2,2,3270,0.0,0.0,0.00015535530401411535
496,24.85,-52.01036755205283,-105.26563023086749,-1.5679298333555898,-52.0053625378223,-105.26465991215183,-1.5695705788319925,0.0006375959363716486,8.381503242816258e-05,1.0693603144922459e-05,-0.00013529228612394611,-2.0223753306678354e-05,4.773944780875628e-06,0.005098204179682541,-0.001640745476402472,0.02685909471296103,0.3381059037210969,1,1,19.115531572826455,22,1,2.953696635833379e-05,-0.008743182607685359,11,0,11,0.06208100012372597,0.2096849998451944,1.954056999693421,0.24048294059728548,0.013005386515345529,2.8061662330672776,0.8531187122736419,0.8712273641851107,1.0023327463575644,2,2,3345,0.0,0.0,0.0004305420443415642
497,24.900000000000002,-52.01036755205283,-105.26563023086749,-1.5679298333555898,-52.00539458307805,-105.26427862345632,-1.5700236646224401,0.0006362330017276441,8.356168437257012e-05,1.0690835530134845e-05,-0.0001350049589419955,-2.018056703540635e-05,4.763138246031826e-06,0.005153373945097365,-0.0020938312668503656,0.026828989658580403,0.5256386643912716,1,1,32.81341834377348,22,1,-6.395153437498874e-05,0.010510771144402544,11,0,11,0.06172599978526705,0.20931200015184004,1.7465119999542367,0.24024148151870625,0.012992661127517187,2.801586860439414,0.8534136546184738,0.8714859437751004,1.0034246799943245,2,2,3345,0.0,0.0,-0.0005297575611620253
498,24.950000000000003,-52.01036755205283,-105.26563023086749,-1.5679298333555898,-52.00311998551774,-105.26511325075026,-1.5687593595976417,0.0006348757920526676,8.330990371917808e-05,1.0687748747119723e-05,-0.00013471883164548472,-2.0137508537986614e-05,4.752377307186137e-06,0.007265981635133122,-0.0008295262420521254,0.026798986842264127,0.19787672113672725,0,1,22.7259926379349,22,1,6.330548532529903e-06,0.0014195806301845555,11,0,11,0.0644340002509125,0.22248899995247484,2.476067999850784,0.24000085828485457,0.012979689021064326,2.7963690044488274,0.8517034068136272,0.8717434869739479,1.0034905485586147,2,2,3270,0.0,0.0,-7.53567146603018e-05
499,25.0,-52.01036755205283,-105.26563023086749,-1.5679298333555898,-52.003441094090256,-105.2655853900722,-1.5711576558642064,0.000633523301723991,8.306036319564962e-05,1.0696411994443297e-05,-0.0001344339196571922,-2.0094403685266768e-05,4.741679368250057e-06,0.0069266031071647475,-0.00322782250861664,0.02676908038987594,1.0256966312649718,1,1,18.991907329320572,22,1,0.0004115249552237424,-0.046930763976068865,11,0,11,0.06181299977470189,0.21327300009943428,1.5675820000069507,0.2397609374130263,0.01296750631793426,2.7928276597024597,0.852,0.872,1.0031789440395271,2,2,3365,0.0,0.0,0.0023401979357005054
500,25.05,-52.01036755205283,-105.26563023086749,-1.5679298333555898,-52.00389477680731,-105.26501124391706,-1.5737416858820668,0.0006321775804663817,8.281196360526485e-05,1.069555620873199e-05,-0.00013415030591624243,-2.0051804940617302e-05,4.731037590549328e-06,0.006502304531765224,-0.005811852526476979,0.026739288398752246,3.2848456041940097,1,1,22.31678904966736,22,1,-0.0001179041564948204,-0.026612094771375428,11,0,11,0.06237899970074068,0.21065900000394322,1.6314090003106685,0.23952171168469222,0.012957160158248835,2.793809731447952,0.8522954091816367,0.872255489021956,1.0032038233260416,2,2,3345,0.0,0.0,0.0013599187135695523
501,25.1,-52.01036755205283,-105.26563023086749,-1.5679298333555898,-52.003864096443195,-105.26469773524329,-1.5742273534482258,0.0006308383369080228,8.256502423782197e-05,1.0692738824466711e-05,-0.00013386794667081105,-2.0009536582395125e-05,4.720437332719881e-06,0.006569968261384912,-0.006297520092636066,0.026709611774525004,3.88079989840551,1,1,20.4486254826522,22,1,-0.00045294780630098316,-0.01844898898404518,11,0,11,0.06304599992290605,0.20637600027839653,1.6387440000471543,0.2392832049879603,0.012947299433987959,2.795975050505636,0.852589641434263,0.8725099601593626,1.003040724107365,2,2,3312,0.0,0.0,0.0008653876371682578
502,25.150000000000002,-52.01036755205283,-105.26563023086749,-1.5679298333555898,-52.00462247904064,-105.26444253591123,-1.5727850969353039,0.0006295039798708241,8.231951918444912e-05,1.0688494636424344e-05,-0.00013358667735423826,-1.9967204735951324e-05,4.709881204992568e-06,0.005866556334380923,-0.004855263579714109,0.02668002059697993,2.3520518264766617,1,1,12.758446313377519,22,1,-4.4543376382046634e-05,0.004588397376875028,11,0,11,0.06096900006014039,0.20995400018364307,1.6681389997756924,0.23904537369903742,0.012936234501364358,2.7950924993644253,0.852882703777336,0.8727634194831014,1.0021067034755182,2,2,3328,0.0,0.0,-0.00024434432853004395
503,25.200000000000003,-52.01036755205283,-105.26563023086749,-1.5679298333555898,-52.00460651174002,-105.26369095395758,-1.5730958822926673,0.0006281752245555792,8.207550954859859e-05,1.0684659952007676e-05,-0.00013330653494715892,-1.9925035273434845e-05,4.699370657907686e-06,0.006078682457496117,-0.005166048937077505,0.026650529715264156,2.7375934678039187,1,1,25.12369121114112,22,1,9.846485633343748e-06,0.0015729893893058357,11,0,11,0.06161800001791562,0.21204600034252508,1.8806250000125146,0.23880826126125074,0.012925443108058562,2.794978413984345,0.8531746031746031,0.873015873015873,1.0024148075739043,2,2,3299,0.0,0.0,-7.490886491723359e-05
504,25.25,-52.01036755205283,-105.26563023086749,-1.5679298333555898,-52.00290391919644,-105.26397781267893,-1.5737360635706674,0.000626852094684961,8.183307548244142e-05,1.0682659034384906e-05,-0.00013302756348845243,-1.9882992239398423e-05,4.6888984596170454e-06,0.007644364020949509,-0.005806230215077868,0.02662114141368477,3.4029042477626255,1,1,24.408610278040076,22,1,4.364835036299522e-05,0.016520568200073627,11,0,11,0.06441200002882397,0.22186800015333574,1.716775999739184,0.23857194278779287,0.012915223989064983,2.796182227516579,0.8534653465346534,0.8732673267326733,1.0026501207119076,2,2,3294,0.0,0.0,-0.0008480935357511044
505,25.3,-52.01036755205283,-105.26563023086749,-1.5679298333555898,-52.00124450347791,-105.2648174259364,-1.5753054429471898,0.0006255349233524142,8.159253136386861e-05,1.068770852579881e-05,-0.00013274989540264782,-1.9841235632411598e-05,4.678480107632414e-06,0.009159184852170689,-0.007375609591599996,0.026591868206583057,5.302864786035733,1,1,19.369664248895674,22,1,-0.00022385717086820944,-0.040099642407457496,11,0,11,0.0633549998383387,0.21899400007896475,1.6209390000767598,0.23833643098302643,0.012906621153236588,2.8011361456164194,0.8537549407114624,0.8735177865612648,1.0023821144911376,2,2,3301,0.0,0.0,0.002044462226331145
506,25.35,-52.01036755205283,-105.26563023086749,-1.5679298333555898,-52.00035693505624,-105.26608311303751,-1.575012906303533,0.0006242226169367319,8.135309696814862e-05,1.0683577730931392e-05,-0.00013247339634417664,-1.9799529260267067e-05,4.6681215053648025e-06,0.01002085599698491,-0.007083072947943414,0.026562675202337592,4.786573655071778,1,1,26.18904760252513,22,1,7.222010927975448e-06,0.007187637104903036,11,0,11,0.06182200013427064,0.2210010002272611,2.069093000045541,0.2381016850981723,0.012897723140238078,2.805052195930927,0.854043392504931,0.873767258382643,1.0027935568109823,2,2,3252,0.0,0.0,-0.0003449058393014681
507,25.400000000000002,-52.01036755205283,-105.26563023086749,-1.5679298333555898,-52.00139229529298,-105.26589481242486,-1.5747330775848891,0.0006229156397708609,8.111517161964132e-05,1.0680387987812264e-05,-0.0001321980728812035,-1.975805437650688e-05,4.657827789591647e-06,0.008979155712297009,-0.006803244229299565,0.02653357894047658,4.426860559074973,1,1,21.80509603689284,22,1,-1.5567998856170934e-05,0.011762740304245952,11,0,11,0.06325100002868567,0.21050200030003907,1.8251219999001478,0.2378675512140878,0.01288855731196514,2.8082447320788484,0.8543307086614174,0.8740157480314961,1.00276811395539,2,2,3282,0.0,0.0,-0.0005817166529595852
508,25.450000000000003,-52.01036755205283,-105.26563023086749,-1.5679298333555898,-52.001638023424555,-105.26567774278566,-1.574250751630041,0.0006216141547855487,8.087863503067629e-05,1.0676847544937779e-05,-0.00013192383201543275,-1.971676291822176e-05,4.647577214425216e-06,0.008729657923091648,-0.006320918274451248,0.026504580544053608,3.839051684868362,1,1,10.598442833408225,22,0,1.1026747138291914e-05,-0.0026362527202691568,11,0,11,0.0608689997534384,0.21841299985680962,1.7569560000083584,0.23763408971456623,0.012878938204138844,2.8102698930862933,0.8546168958742633,0.8742632612966601,1.0016329925775318,2,2,3235,0.0,0.0,0.00013137263013041078
509,25.5,-52.01036755205283,-105.26563023086749,-1.5679298333555898,-52.00106152633696,-105.2660055823698,-1.5722409276474743,0.000620318240441319,8.064353328763383e-05,1.067380170909925e-05,-0.0001316507248571257,-1.967566892675291e-05,4.637369170430707e-06,0.00931359239899613,-0.004311094291884476,0.02647568268674016,1.8048130308795367,1,1,29.96261305661688,22,1,-4.088449953782299e-05,0.005211146343848547,11,0,11,0.061654999626625795,0.22026800024832482,1.9511100003910542,0.237401359022775,0.012867721709035327,2.808298409042751,0.8549019607843137,0.8745098039215686,1.0024162620656654,2,2,3341,0.0,0.0,-0.00026248288340857684
510,25.55,-52.01036755205283,-105.26563023086749,-1.5679298333555898,-52.00087968609432,-105.26600617635955,-1.572216154818963,0.0006190278635283514,8.040991027010668e-05,1.0671833090481107e-05,-0.00013137879038819825,-1.963480262696599e-05,4.6272109484892435e-06,0.009495311235528934,-0.004286321463373266,0.02644688589982681,1.7890901657417912,1,1,19.746759324690416,22,1,-0.00015206917092040843,0.013231692563587832,11,0,11,0.06250699971133145,0.20825499996135477,1.7135330003839044,0.2371693262794248,0.012856523176353963,2.806303872363101,0.8551859099804305,0.8747553816046967,1.0021888514522996,2,2,3237,0.0,0.0,-0.0006536416709423953
511,25.6,-52.01036755205283,-105.26563023086749,-1.5679298333555898,-52.00170894598179,-105.2651910040953,-1.5717323850261857,0.0006177425389377826,8.017765585969803e-05,1.0669154338471842e-05,-0.00013110794596408768,-1.959401999160154e-05,4.617097458643286e-06,0.008669739283900735,-0.003802551670595733,0.026418179248341105,1.4736491105392602,1,1,16.90179425603011,22,1,-1.473408880786468e-06,-0.004032545832513254,11,0,11,0.06300399991232553,0.20824600005653338,1.836370000091847,0.23693791220496152,0.012845061183171013,2.803701031031414,0.85546875,0.875,1.0016825192527798,2,2,3248,0.0,0.0,0.00019719679839891313
512,25.650000000000002,-52.01036755205283,-105.26563023086749,-1.5679298333555898,-52.001525582868595,-105.26542794217595,-1.572450465769567,0.0006164625769378781,7.994681443057739e-05,1.0667491826401584e-05,-0.00013083816938030005,-1.955336412542121e-05,4.607017589674146e-06,0.008844282886115225,-0.004520632413977488,0.026389569745800243,2.0152205847003453,1,1,13.264996674256443,22,1,5.54263531269801e-05,-0.012867756763822806,11,0,11,0.07029099970168318,0.2090570001200831,1.569974000176444,0.236707187998964,0.012834087596784841,2.8021640321106904,0.8557504873294347,0.8752436647173489,1.0008213353975566,2,2,3257,0.0,0.0,0.0006710299756376159
513,25.700000000000003,-52.01036755205283,-105.26563023086749,-1.5679298333555898,-52.00165353273872,-105.26598390961954,-1.5690971041286854,0.0006151868158988027,7.971791503373191e-05,1.0676124110775055e-05,-0.00013056937692577236,-1.9512614283522705e-05,4.596986461588981e-06,0.008721193798228043,-0.001167270773095641,0.026361045710148426,0.24774176548788313,1,1,17.780395836992465,22,1,0.000594362759734663,0.04608085728152707,11,0,11,0.05935000035606208,0.20633699978134246,1.7146879999927478,0.2364771288595719,0.012821700370413816,2.7971943389849656,0.8560311284046692,0.8754863813229572,1.0004062028013816,2,2,3247,0.0,0.0,-0.002439305931329905
514,25.75,-52.01036755205283,-105.26563023086749,-1.5679298333555898,-51.99975320042563,-105.2663226662166,-1.5716943521921805,0.0006139174643076072,7.948985347660051e-05,1.0673436404742156e-05,-0.00013030181043127137,-1.9472404396470415e-05,4.5870074085524705e-06,0.010636913423473731,-0.003764518836590902,0.02633262838731082,1.4087913249787674,1,1,19.315596767852345,22,1,-2.288286872397643e-05,-0.016904799079996827,11,0,11,0.061687000197707675,0.21126599995113793,1.622764999865467,0.2362478928262397,0.01281032015711781,2.794498410802429,0.8563106796116505,0.8757281553398059,1.00014292423894,2,2,3251,0.0,0.0,0.0008693547919391698
515,25.8,-52.01036755205283,-105.26563023086749,-1.5679298333555898,-51.99898676612016,-105.26646145127486,-1.5717620923709943,0.0006126531228852992,7.926312509744213e-05,1.0669520912437143e-05,-0.0001300354100708406,-1.943230109163354e-05,4.577075905192959e-06,0.011411100552129015,-0.0038322590154047376,0.02630430094077281,1.4686861670975377,1,1,18.096090025207545,22,1,1.3433390411217479e-05,0.0009639950416811487,11,0,11,0.06084699998609722,0.2106259998981841,1.5346730001510878,0.23601939402889477,0.01279901295332862,2.791929007229357,0.8565891472868217,0.875968992248062,0.9997618225701875,2,2,3267,0.0,0.0,-4.4752712710760534e-05
516,25.85,-52.01036755205283,-105.26563023086749,-1.5679298333555898,-51.998516414247185,-105.26603861427746,-1.5724494762599164,0.0006113938577400621,7.90377707859042e-05,1.0666267500175052e-05,-0.0001297701186365861,-1.9392333085757282e-05,4.567189204858614e-06,0.01185817204706833,-0.004519642904326382,0.02627606569724559,2.040190004189794,1,1,25.788770771586172,22,1,4.513633646113269e-05,0.006308725930530364,11,0,11,0.06231499992281897,0.20800400034204358,1.7278469999837398,0.23579160169334687,0.01278817372423222,2.7904749666045228,0.8568665377176016,0.8762088974854932,1.0001311052911377,2,2,3293,0.0,0.0,-0.0003063313895834696
517,25.900000000000002,-52.01036755205283,-105.26563023086749,-1.5679298333555898,-51.99703590994812,-105.26584747653241,-1.5717144908983767,0.0006101403036995186,7.88138765559416e-05,1.0665562921423114e-05,-0.00012950599160504092,-1.935263616731664e-05,4.557339739482137e-06,0.013333412049696873,-0.0037846575427868956,0.02624793668567989,1.5644347378614936,1,1,19.58028078718155,22,1,-0.00022320992008401436,0.02150665784248848,11,0,11,0.06358700011332985,0.2127650000147696,1.9342710002092645,0.23556462214441315,0.012776906110637764,2.7881080935760614,0.8571428571428571,0.8764478764478765,0.9998958096880664,2,2,3297,0.0,0.0,-0.0010722149163484573
518,25.950000000000003,-52.01036755205283,-105.26563023086749,-1.5679298333555898,-51.99677984886731,-105.26582904780001,-1.5716410583828673,0.0006088916501795888,7.859130123579947e-05,1.066412137541404e-05,-0.00012924298352059855,-1.9313001749519044e-05,4.547530563252437e-06,0.013589157664487497,-0.0037112250272777203,0.02621989609848575,1.5304845400838982,1,1,17.25031996053146,22,1,-0.0001342364329151379,0.018450332688209933,11,0,11,0.06146800023998367,0.2106199999616365,1.6302969997923356,0.2353383278081152,0.01276563048916717,2.785684926806327,0.8574181117533719,0.8766859344894027,0.9994357023171994,2,2,3291,0.0,0.0,-0.0008703350089489525
519,26.0,-52.01036755205283,-105.26563023086749,-1.5679298333555898,-51.99704872907968,-105.26526825535035,-1.5722671525925027,0.0006076476461067668,7.837012443958537e-05,1.0664495705132312e-05,-0.00012898099644124435,-1.9273409347545962e-05,4.537764678940728e-06,0.013323740903554237,-0.00433731923691294,0.026191940946526895,2.038330109111589,1,1,26.266773149126763,22,1,9.367729317511429e-05,-0.026177489064058652,11,0,11,0.06239100002858322,0.2101299996866146,1.9246560000283353,0.23511265806975998,0.012754768214360617,2.7842477060030677,0.8576923076923076,0.8769230769230769,0.999849550257059,2,2,3291,0.0,0.0,0.0012093200348317623
520,26.05,-52.01036755205283,-105.26563023086749,-1.5679298333555898,-51.99461828593211,-105.26575203271935,-1.5725336289394225,0.0006064089570238171,7.815006103256796e-05,1.0661081441110383e-05,-0.00012872007893269304,-1.923401535783029e-05,4.528034595808975e-06,0.015749737109939273,-0.004603795583832948,0.026164078773317914,2.312913054641978,1,1,27.619112069349235,22,1,1.0215469031321528e-05,-0.0028787455581524408,11,0,11,0.06014199971104972,0.21050200030003907,1.6885140003068955,0.23488792723611274,0.012744117854235005,2.7833430329678257,0.8579654510556622,0.8771593090211133,1.0003921503307605,2,2,3278,0.0,0.0,0.0001404159935192162
521,26.1,-52.01036755205283,-105.26563023086749,-1.5679298333555898,-51.99542204335871,-105.26501958317037,-1.5728534062081574,0.0006051750709711681,7.793134900952973e-05,1.0658211079059857e-05,-0.00012846030838160457,-1.9194735575139823e-05,4.518353599123353e-06,0.014957978497643775,-0.004923572852567837,0.026136304635137268,2.6519321514585896,1,1,21.876084060768775,22,1,3.4793894973294e-05,0.006381717851172801,11,0,11,0.06238799960556207,0.20853000023635104,1.7402760004188167,0.2346637442156805,0.012733728618803236,2.7830912879840914,0.8582375478927203,0.8773946360153256,1.0003793861506267,2,2,3237,0.0,0.0,-0.00033418822567909956
522,26.150000000000002,-52.01036755205283,-105.26563023086749,-1.5679298333555898,-51.99504552994896,-105.26462042401714,-1.5746164237370288,0.000603947119979766,7.771407434069973e-05,1.0658992438279864e-05,-0.00012820164659521247,-1.915582813451003e-05,4.508706810664106e-06,0.015355262004485167,-0.006686590381439039,0.026108642138580582,4.621249701062217,1,1,21.460645446855985,22,1,-0.0003790302191797359,-0.0261636736292939,11,0,11,0.060181999742781045,0.21049600036349148,1.900755999940884,0.2344402544552024,0.012724908601956051,2.7866059312213345,0.858508604206501,0.8776290630975143,1.000326752953581,2,2,3176,0.0,0.0,0.0013138354755937165
523,26.200000000000003,-52.01036755205283,-105.26563023086749,-1.5679298333555898,-51.996347583038514,-105.2641714991758,-1.573380459812817,0.0006027234496930357,7.749787174986216e-05,1.0655846949012566e-05,-0.00012794395659605496,-1.9116855424692125e-05,4.499097653491137e-06,0.014095652851522499,-0.005450626457227159,0.026081052920518717,3.2502723336776818,1,1,28.97622779251588,22,1,-2.3316650457336396e-06,0.00034385814791845835,11,0,11,0.062292000166053185,0.20938299985573394,1.7825200002334896,0.2342172545438177,0.01271499045187231,2.787490790768007,0.8587786259541985,0.8778625954198473,1.0009950536083123,2,2,3285,0.0,0.0,-1.823778438847512e-05
524,26.25,-52.01036755205283,-105.26563023086749,-1.5679298333555898,-51.997319611714516,-105.26418862621793,-1.5726736623569209,0.0006015050181009219,7.728289397969429e-05,1.0653154884522128e-05,-0.00012768726327082482,-1.9078115745948636e-05,4.489526803335672e-06,0.013127336783892479,-0.004743829001331079,0.026053558530085986,2.5350785797503748,1,1,26.345195169631193,22,1,-8.990019293467373e-05,0.004770950114219416,11,0,11,0.06074400016586878,0.21081900013086852,1.5963129999363446,0.233994785557765,0.012704562253794596,2.7870100056041642,0.8590476190476191,0.878095238095238,1.0014087669088145,2,2,3245,0.0,0.0,-0.00022050067782419802
525,26.3,-52.01036755205283,-105.26563023086749,-1.5679298333555898,-51.99698284026054,-105.26441536007023,-1.5692604800299292,0.0006002912585640768,7.706915374793743e-05,1.0651174243113692e-05,-0.0001274315148728213,-1.9039491345308344e-05,4.480000045340641e-06,0.01343973291462791,-0.001330646674339242,0.02602614862618006,0.7156700028834045,1,1,24.819226403679043,22,1,6.469469384783538e-05,0.010505866532319507,11,0,11,0.06183400000736583,0.21155399963390664,1.5033740000944817,0.23377298570313929,0.012692612533762979,2.7830720968537443,0.8593155893536122,0.8783269961977186,1.0016750229756293,2,2,3298,0.0,0.0,-0.0005120025016367435
526,26.35,-52.01036755205283,-105.26563023086749,-1.5679298333555898,-51.99548848777655,-105.26479686336948,-1.5679552590095052,0.0005990824489420706,7.68567149658791e-05,1.0650724534745922e-05,-0.00012717680916281128,-1.9001065074053042e-05,4.4705190992916425e-06,0.01490238420939322,-2.542565391561169e-05,0.025998830048830076,0.7060236173226809,1,1,15.696975385415989,22,1,9.063963875246082e-06,0.019520550179580435,11,0,11,0.06281100013438845,0.2086730000883108,1.6337439997187175,0.23355198655482967,0.012680564537144402,2.779130828391636,0.8595825426944972,0.8785578747628083,1.00107088012066,2,2,3206,0.0,0.0,-0.001028660126030534
527,26.400000000000002,-52.01036755205283,-105.26563023086749,-1.5679298333555898,-51.9965906164909,-105.26520614118743,-1.5675281450792447,0.0005978784369344121,7.664547125392351e-05,1.0648971935554353e-05,-0.00012692318304095477,-1.8962796123959714e-05,4.461084666211224e-06,0.013783461304558226,0.00040168827634534665,0.025971598106168507,0.608311423742206,1,1,34.46151857400815,22,1,-2.38331965394502e-05,0.012419823750125984,11,0,11,0.066612999944482,0.21046000028945855,1.8012440000347851,0.23333148612810206,0.01266856279684772,2.7750194280040423,0.8598484848484849,0.8787878787878788,1.002253645355669,2,2,3293,0.0,0.0,-0.0006078738253565419
528,26.450000000000003,-52.01036755205283,-105.26563023086749,-1.5679298333555898,-51.995904849676386,-105.26561361131925,-1.568063414039154,0.00059667921920522,7.643536858555452e-05,1.0646525948195263e-05,-0.0001266705028868248,-1.892472636948475e-05,4.451697783745966e-06,0.014462711925462252,-0.00013358068356428277,0.02594445196551229,0.5517417761402046,1,1,18.084501373811925,22,1,7.891849716165521e-07,0.001054070334619537,11,0,11,0.06138300022939802,0.20848499980274937,1.5674729997954273,0.23311168975421886,0.012656584398310309,2.770816634711294,0.8601134215500945,0.8790170132325141,1.0018773805213539,2,2,3250,0.0,0.0,-5.590192740800859e-05
529,26.5,-52.01036755205283,-105.26563023086749,-1.5679298333555898,-51.99623984716568,-105.26542488723942,-1.5699497320957227,0.0005954847162197088,7.622647752722963e-05,1.0644305727522276e-05,-0.00012641884651519466,-1.8886812935210957e-05,4.442356417015034e-06,0.014129197124530205,-0.002019898740132753,0.02591739172345355,0.798017002645186,1,1,13.456802070286598,22,1,2.639710955903123e-06,0.0016463637394654317,11,0,11,0.06212899961610674,0.20708300007754588,1.5832310000405414,0.23289247790921097,0.01264494298479438,2.7670943712545655,0.8603773584905661,0.879245283018868,1.001064454356469,2,2,3254,0.0,0.0,-8.314276346954586e-05
530,26.55,-52.01036755205283,-105.26563023086749,-1.5679298333555898,-51.99628491859913,-105.26552771015547,-1.568948388256533,0.0005942955293420045,7.601886159093188e-05,1.0644071995493484e-05,-0.00012616823075153286,-1.884919100960308e-05,4.433052409401548e-06,0.0140830066210157,-0.0010185549009431583,0.025890430489525208,0.5636517069175018,1,1,13.362884247031845,22,1,-0.00026431907970103955,0.01866420672986219,11,0,11,0.0616439997429552,0.21305800009940867,1.767342000221106,0.23267388108390813,0.012633107975502746,2.7629447617172076,0.8606403013182674,0.879472693032015,1.0002460330987852,2,2,3371,0.0,0.0,-0.0009097111411393577
531,26.6,-52.01036755205283,-105.26563023086749,-1.5679298333555898,-51.99670568595991,-105.26522302799232,-1.5662563995761594,0.000593110453171832,7.581255061533048e-05,1.0646571559679532e-05,-0.0001259185271213999,-1.8811550341088592e-05,4.423790119941695e-06,0.013667933249849717,0.001673433779430411,0.025863545847140963,0.9673291836413339,1,1,25.84922374693273,22,1,6.55502929574767e-05,0.03018790572405368,11,0,11,0.061717999869870255,0.20924900036334293,1.5747799998280243,0.23245585507346464,0.012621437699742477,2.7595695444651853,0.8609022556390977,0.8796992481203008,1.0006085199922934,2,2,3230,0.0,0.0,-0.0015027003362773073
532,26.650000000000002,-52.01036755205283,-105.26563023086749,-1.5679298333555898,-51.9962128209469,-105.264710677725,-1.565354142477725,0.0005919301606922573,7.560717603825949e-05,1.0644003689705156e-05,-0.0001256697923991174,-1.8774065741837047e-05,4.414563342131945e-06,0.014184568751389782,0.002575690877864467,0.02583674392663512,1.5434649577595334,1,1,21.80152020357407,22,1,6.003674790635552e-05,0.007429406384356086,11,0,11,0.06217699956323486,0.20912000036332756,1.6108820000226842,0.23223850176345995,0.012610085681373305,2.757287922351291,0.8611632270168855,0.8799249530956847,1.0005885814230993,2,2,3298,0.0,0.0,-0.00036511272192019106
533,26.700000000000003,-52.01036755205283,-105.26563023086749,-1.5679298333555898,-51.994058528900155,-105.26492755035359,-1.5678567915006825,0.000590754349504239,7.540305049707631e-05,1.0643267196839723e-05,-0.0001254220347028906,-1.873663373715772e-05,4.405369305171255e-06,0.016324153763641547,7.304185490752957e-05,0.02581002518405039,0.8364734112609841,1,1,31.398024496580653,22,1,0.00018772512209402944,-0.018995770802250143,11,0,11,0.06241199980649981,0.22005100026945001,1.5752540002722526,0.2320220234639388,0.012598273348663511,2.7536908914316465,0.8614232209737828,0.8801498127340824,1.0014699747087183,2,2,3274,0.0,0.0,0.0009520919993519783
534,26.75,-52.01036755205283,-105.26563023086749,-1.5679298333555898,-51.994831804170715,-105.26507215367384,-1.5674131602414112,0.0005895831603271366,7.520005427257757e-05,1.0641254052379216e-05,-0.00012517534649007236,-1.869934184244259e-05,4.396216361756926e-06,0.015545768312007078,0.0005166731141788006,0.025783390285214904,0.81000311829678,1,1,16.695981837564922,22,1,0.00013636417165519932,-0.011421912099386622,11,0,11,0.06070100016586366,0.21582899989880389,1.9260260000919516,0.23180605338197074,0.01258651357615253,2.750057830173451,0.8616822429906542,0.8803738317757009,1.0009698474729145,2,2,3285,0.0,0.0,0.0006006383337080479
535,26.8,-52.01036755205283,-105.26563023086749,-1.5679298333555898,-51.993449337962986,-105.26480198451644,-1.566398291391246,0.000588416161791674,7.499825269912355e-05,1.064071308581419e-05,-0.00012492953443298425,-1.866211247613985e-05,4.387105869198888e-06,0.01693847572858115,0.0015315419643435746,0.025756832384646943,1.2994943568566628,1,1,18.504087332860212,22,1,0.00038641262264496845,0.019542954013259457,11,0,11,0.06159899976410088,0.215409000247746,1.6833140002745495,0.23159087111001211,0.0125749409483657,2.7473515550366656,0.8619402985074627,0.8805970149253731,1.0006408866319545,2,2,3228,0.0,0.0,-0.0010326531715691978
536,26.85,-52.01036755205283,-105.26563023086749,-1.5679298333555898,-51.99178024744672,-105.26452402812205,-1.5657645947980325,0.0005872543741325605,7.479751661502835e-05,1.0638591788798194e-05,-0.00012468481679492834,-1.862517615285166e-05,4.37802910052109e-06,0.018620192722800466,0.0021652385575574584,0.02573036903636613,1.8480217855795211,1,1,20.63560636335483,22,1,4.2117023632042914e-05,0.010155522130399467,11,0,11,0.06081499986976269,0.21219000018390943,1.6062210002019128,0.23137653190081064,0.012563574437426122,2.745676825484604,0.8621973929236499,0.8808193668528864,1.0005122238409756,2,2,3274,0.0,0.0,-0.0005464614368975163
537,26.900000000000002,-52.01036755205283,-105.26563023086749,-1.5679298333555898,-51.99075236741632,-105.26456196551422,-1.566628324414969,0.0005860972744590058,7.459800450202474e-05,1.0638138612203432e-05,-0.00012444114388915193,-1.8588381821893007e-05,4.368986894588118e-06,0.019644252573952775,0.0013015089406209768,0.025703993443841184,1.575902891512058,1,1,21.412024493868238,22,1,-4.570952744623951e-05,-0.019844454828821936,11,0,11,0.06074700013414258,0.21656799981428776,1.5867160000198055,0.23116294939839988,0.01255201824333247,2.7435025244920896,0.862453531598513,0.8810408921933085,1.0004564074819375,2,2,3293,0.0,0.0,0.001059122662991463
538,26.950000000000003,-52.01036755205283,-105.26563023086749,-1.5679298333555898,-51.991086072005594,-105.26461145930234,-1.5670410510094135,0.0005849448290023735,7.43996089008213e-05,1.0637292179729387e-05,-0.00012419847758061184,-1.8551760262032845e-05,4.359984053445445e-06,0.01930837560008099,0.0008887823461760647,0.025677703127483867,1.390714130850019,1,1,25.25991662685177,22,1,-0.000131637210559102,0.018441957427676108,11,0,11,0.06431200017686933,0.20857099980275962,1.6463910001220938,0.23094991043600716,0.012540427469301878,2.7409927130011025,0.862708719851577,0.8812615955473099,1.0007584966864598,2,2,3212,0.0,0.0,-0.0009559948928652418
539,27.0,-52.01036755205283,-105.26563023086749,-1.5679298333555898,-51.99151418683548,-105.26539096933134,-1.5671995394913798,0.0005837956141451288,7.420253025354572e-05,1.0640333449645879e-05,-0.00012395658770426567,-1.8514943883292712e-05,4.351023281713702e-06,0.018854883348918373,0.0007302938642101964,0.025651474507300247,1.1505846082520919,1,1,42.09150397567652,22,0,0.0005723192303518111,0.0330066395859492,11,0,11,0.060552999912033556,0.21035700001448276,1.9653260001177841,0.23073739545009925,0.012528849996658724,2.738047512807123,0.8629629629629629,0.8814814814814815,1.0026207246130436,2,2,3298,0.0,0.0,-0.001679280772805214
540,27.05,-52.01036755205283,-105.26563023086749,-1.5679298333555898,-51.99053519643522,-105.2656463866167,-1.5667539226716896,0.0005826520746472303,7.400625920293224e-05,1.06380108977802e-05,-0.00012371574731061922,-1.8478692732485837e-05,4.34210958806949e-06,0.019832362197971982,0.0011759106839002165,0.025625345536210094,1.3547986540654207,1,1,13.484127931511189,22,1,-9.529511486666121e-05,0.014320734203360497,11,0,11,0.06088600002840394,0.2216849998148973,1.566193000144267,0.23052562288570594,0.012517367393347056,2.7354906757299666,0.8632162661737524,0.8817005545286506,1.0018270264080837,2,2,3278,0.0,0.0,-0.0007106432691217357
541,27.1,-52.01036755205283,-105.26563023086749,-1.5679298333555898,-51.98950337458408,-105.26554994750963,-1.567272732504379,0.0005815126292507051,7.381108526356426e-05,1.0635906133150783e-05,-0.0001234758387288814,-1.844248634982634e-05,4.333236422309976e-06,0.020864331929511593,0.0006571008512108456,0.025599291289296847,1.3389389841710186,1,1,14.778035172698786,22,1,6.735065242848168e-05,0.014420094855881416,11,0,11,0.06274900033531594,0.21042699972895207,1.953079000031721,0.23031460634218345,0.0125058465261868,2.7329140120924036,0.8634686346863468,0.8819188191881919,1.0011560951988931,2,2,3337,0.0,0.0,-0.0007268934044986075
542,27.150000000000002,-52.01036755205283,-105.26563023086749,-1.5679298333555898,-51.9880197991704,-105.26562324587681,-1.5678854609936026,0.0005803778018258962,7.361698805100521e-05,1.0633740165606223e-05,-0.00012323692174835119,-1.8406455379533083e-05,4.324398085647664e-06,0.022347753974035472,4.4372361987399245e-05,0.025573321838918413,1.3868649195345122,1,1,21.64600807548988,22,1,-4.730453125736617e-05,-0.012810768564997627,11,0,11,0.05967399965811637,0.2184600002692605,1.6233350002039515,0.2301044310956757,0.012494325852147877,2.730435100319737,0.8637200736648251,0.8821362799263351,1.0011211121619317,2,2,3168,0.0,0.0,0.0006254058331252033
543,27.200000000000003,-52.01036755205283,-105.26563023086749,-1.5679298333555898,-51.987875818880724,-105.2656049429266,-1.568811348148919,0.000579247214334608,7.342393875021888e-05,1.0630919516025923e-05,-0.00012299897041250597,-1.837050658416051e-05,4.3155969068663184e-06,0.02249174738798735,-0.0008815147933294298,0.025547429480963967,1.3650344855398027,1,1,15.44691720690533,22,1,6.479320929956263e-06,-0.001878449579253445,11,0,11,0.06346400004986208,0.2142729999832227,1.6007750000426313,0.22989486327696457,0.01248289403025853,2.7279251727190386,0.8639705882352942,0.8823529411764706,1.0005158722594052,2,2,3295,0.0,0.0,0.00010225671576336026
544,27.25,-52.01036755205283,-105.26563023086749,-1.5679298333555898,-51.98973644071286,-105.26553910572831,-1.5683360947815104,0.0005781209295485696,7.323194492962529e-05,1.0628464677581853e-05,-0.00012276192736190302,-1.8334678393895175e-05,4.3068323329868865e-06,0.02063131258337873,-0.0004062614259208175,0.025521615828120972,1.1646346723089844,1,1,15.051363188595179,22,1,5.4716103483148824e-05,-0.004169674909061078,11,0,11,0.061640999774681404,0.21801599996251753,1.6656840002724493,0.229685553901499,0.012471448717152472,2.7250567497825062,0.8642201834862385,0.8825688073394495,0.9998767550875859,2,2,3294,0.0,0.0,0.00020049999002358376
545,27.3,-52.01036755205283,-105.26563023086749,-1.5679298333555898,-51.989560840759495,-105.26669379046383,-1.5671297033157547,0.0005769992431683323,7.304096192809336e-05,1.0626476369902937e-05,-0.00012252573327914792,-1.8299082263474633e-05,4.298104640601103e-06,0.020833876112213365,0.0008001300398348121,0.02549588604258392,1.193422893652289,1,1,25.250322847765716,22,1,-1.4979207957083028e-05,0.007904837852711167,11,0,11,0.06382099991242285,0.22020500000508036,1.7288789999838627,0.22947685487889516,0.012460069794581367,2.7222515595698136,0.8644688644688645,0.8827838827838828,1.0001748703951225,2,2,3255,0.0,0.0,-0.0004132597241550684
546,27.35,-52.01036755205283,-105.26563023086749,-1.5679298333555898,-51.988592068236414,-105.2672900864529,-1.5680423334563474,0.0005758825777075493,7.285120978741073e-05,1.0628115535357252e-05,-0.00012229052927332617,-1.826390011216743e-05,4.2894272392182814e-06,0.0218386541710629,-0.00011250010075780636,0.02547025299236268,1.0411482731223745,1,1,22.494226713419444,22,1,-0.00045786085167968265,-0.026915709496450214,11,0,11,0.06549699992319802,0.21340500006772345,1.5291240001715778,0.2292689009348607,0.012448676053210277,2.7191782446037305,0.8647166361974405,0.8829981718464351,1.0002197194498808,2,2,3198,0.0,0.0,0.0014665463007985657
547,27.400000000000002,-52.01036755205283,-105.26563023086749,-1.5679298333555898,-51.98825717472923,-105.26695081360482,-1.5680784182572913,0.0005747697427144223,7.266240224102459e-05,1.062760879654639e-05,-0.0001220562098989847,-1.822873234460813e-05,4.2807921570134805e-06,0.022149779325268543,-0.00014858490170155392,0.025444687951622573,1.121424729718372,1,1,19.66003983124432,22,1,-0.0002532255506956352,-0.020171178467409435,11,0,11,0.0700900000083493,0.2045840001301258,1.7885299998852133,0.22906157270213895,0.012437314205325676,2.716262635999925,0.864963503649635,0.8832116788321168,1.0000057002826068,2,2,3272,0.0,0.0,0.0010489029809832573
548,27.450000000000003,-52.01036755205283,-105.26563023086749,-1.5679298333555898,-51.98829681898551,-105.26702416178247,-1.5690663409537757,0.0005736612428190963,7.247459342564521e-05,1.062656552114663e-05,-0.00012182280244588009,-1.8193672495896786e-05,4.2721865761153455e-06,0.022114707810063635,-0.001136507598185954,0.02541920211660353,1.1033796044175395,1,1,22.747027331508093,22,1,-0.00026505316098871467,-0.017986511838581375,11,0,11,0.06295499997577281,0.21052700003565405,1.753748999817617,0.22885480678424489,0.012426076467706989,2.7133247798403946,0.8652094717668488,0.8834244080145719,1.0000737365301282,2,2,3293,0.0,0.0,0.0008953752927483016
549,27.5,-52.01036755205283,-105.26563023086749,-1.5679298333555898,-51.98846164592279,-105.26684115571352,-1.5716085684592878,0.0005725566331796338,7.228799787908917e-05,1.0629991214048712e-05,-0.00012159023624034405,-1.8158641000071244e-05,4.263616819478992e-06,0.021939349633950864,-0.003678735103697761,0.025393791191130225,1.9968945064460528,1,1,15.489550122060802,22,1,-6.016127098314049e-05,-0.03453038303909492,11,0,11,0.061082000229362166,0.21153299985599006,1.9753879996642354,0.22864857606861885,0.012415765836980133,2.712022179343314,0.8654545454545455,0.8836363636363637,0.9994817299772554,2,2,3236,0.0,0.0,0.0015997454524039334
550,27.55,-52.01036755205283,-105.26563023086749,-1.5679298333555898,-51.98813744347649,-105.26660532342923,-1.571410313357979,0.0005714569156096503,7.210220812383645e-05,1.062846271750729e-05,-0.00012135862079089421,-1.8123914803505363e-05,4.255079197171486e-06,0.022251483834111664,-0.003480480002389541,0.025368467114382114,1.9523431506364177,1,1,21.76338426287419,22,1,-0.00040106208645458274,-0.019504947737646244,11,0,11,0.06078899968997575,0.21064600014142343,1.6499070002282679,0.22844296354770602,0.012405380284840721,2.710643451523519,0.8656987295825771,0.8838475499092558,0.9994612968619745,2,2,3357,0.0,0.0,0.0009675541892648631
551,27.6,-52.01036755205283,-105.26563023086749,-1.5679298333555898,-51.98806218464617,-105.26634137264718,-1.5733145762244458,0.0005703604429283189,7.191744846961237e-05,1.0627971770811029e-05,-0.0001211277815474024,-1.8089015341878093e-05,4.246572342578715e-06,0.022316700871250445,-0.005384742868856041,0.025343202074677367,3.4328425428839915,1,1,15.191132741545534,22,1,0.0001414346382084042,-0.02388542420532279,11,0,11,0.06325699996523326,0.2110579998770845,2.006095000069763,0.22823792331054338,0.012396257318685584,2.7119517832107665,0.8659420289855072,0.8840579710144928,0.9988458481305893,2,2,3264,0.0,0.0,0.0012243423610924786
552,27.650000000000002,-52.01036755205283,-105.26563023086749,-1.5679298333555898,-51.98749191399222,-105.26640355198785,-1.5735941136484954,0.0005692684033031928,7.173353237565579e-05,1.0624660723815373e-05,-0.00012089784562988777,-1.805430726528109e-05,4.2380962448106805e-06,0.02288870556049356,-0.005664280292905666,0.025318016029674373,3.7442371586568615,1,1,13.472772098713518,22,1,2.547667697072721e-05,-0.006897544353028807,11,0,11,0.060958000176469795,0.2104539998981636,1.7779410000002827,0.22803354378945354,0.01238738610550444,2.713818483708861,0.8661844484629295,0.8842676311030742,0.9980775636050011,2,2,3300,0.0,0.0,0.00035502347163873793
553,27.700000000000003,-52.01036755205283,-105.26563023086749,-1.5679298333555898,-51.98760770795586,-105.2666292197263,-1.5719143672180882,0.0005681806882546806,7.155065799978296e-05,1.0622869292588705e-05,-0.00012066881982911729,-1.8019779888313476e-05,4.229655037532453e-06,0.022781757659545945,-0.003984533862498196,0.025292910988149696,2.3133108803402016,1,1,33.10282728784331,22,1,-7.691493060024552e-05,0.01631811294125394,11,0,11,0.062326000261236914,0.20956999969712342,1.7203570000674517,0.22782970040030404,0.012377358835352268,2.7130955457966426,0.8664259927797834,0.8844765342960289,0.9990827152002872,2,2,3286,0.0,0.0,-0.0007688167970627546
554,27.75,-52.01036755205283,-105.26563023086749,-1.5679298333555898,-51.98720610892947,-105.26628837443903,-1.570474695513189,0.0005670969308698373,7.136868859673735e-05,1.0620067607940505e-05,-0.00012044062856626049,-1.798535274928142e-05,4.221250818624128e-06,0.023170791970004982,-0.0025448621575989705,0.025267877225176132,1.6822771263114598,1,1,21.954548794840527,22,1,1.9418142723991885e-05,0.0069087652447624055,11,0,11,0.0644460001240077,0.21250600002531428,2.0078899997315602,0.2276264807763967,0.012366674837435506,2.711238215311084,0.8666666666666667,0.8846846846846846,0.9990804405882651,2,2,3246,0.0,0.0,-0.00033768950961521327
555,27.8,-52.01036755205283,-105.26563023086749,-1.5679298333555898,-51.98669513667829,-105.26645131966539,-1.5698540296860726,0.0005660173146022067,7.118767343905044e-05,1.0617341968711657e-05,-0.00012021331388088752,-1.7951037076727442e-05,4.2128756944306e-06,0.02368665101863351,-0.001924196330482797,0.025242919562547775,1.5234591482970608,1,1,17.938382022951636,22,1,2.043401109400641e-05,-0.00224664655576614,11,0,11,0.06225000015547266,0.2127969996763568,2.000690999921062,0.2274239071260019,0.012355818202381345,2.7091019220250874,0.8669064748201439,0.8848920863309353,0.9987173982176227,2,2,3210,0.0,0.0,0.00011457846267148852
556,27.85,-52.01036755205283,-105.26563023086749,-1.5679298333555898,-51.987761318261775,-105.26592141878928,-1.5686429338733077,0.0005649417348265463,7.100763535893808e-05,1.0615253888975682e-05,-0.00011998686601707472,-1.791684702419975e-05,4.20453620412234e-06,0.022608109089914973,-0.0007131005177178906,0.025218036604491723,1.351540795474447,1,1,31.252047938333384,22,1,3.4510152276150755e-05,0.00854012402364329,11,0,11,0.05983099981676787,0.2169869999306684,1.6013080003176583,0.22722168396442885,0.012344758798204293,2.706664648907402,0.8671454219030521,0.8850987432675045,0.9995494105161296,2,2,3240,0.0,0.0,-0.00047165579162555815
557,27.900000000000002,-52.01036755205283,-105.26563023086749,-1.5679298333555898,-51.987063738153566,-105.26646954886327,-1.5684499642141478,0.0005638703590246227,7.08284989320935e-05,1.0612974350956479e-05,-0.00011976123429979814,-1.7882804504311052e-05,4.1962244538859145e-06,0.023318923580419492,-0.0005201308585580655,0.025193230399389362,1.3386130243829586,1,1,22.919985283710325,22,1,2.4108035350225592e-05,0.0014008173490720457,11,0,11,0.06363700003930717,0.21591199993054033,1.6226920001827239,0.22702013530311652,0.012333711880766044,2.704212943487107,0.8673835125448028,0.8853046594982079,0.999632615442074,2,2,3258,0.0,0.0,-6.942659965725184e-05
558,27.950000000000003,-52.01036755205283,-105.26563023086749,-1.5679298333555898,-51.986807856929346,-105.26705314342387,-1.568772999475307,0.0005628030071069565,7.06503377289618e-05,1.0611467179776155e-05,-0.00011953647190770877,-1.784892066844231e-05,4.187952846126753e-06,0.023602625160233336,-0.0008431661197172424,0.025168499058066975,1.2711862449378428,1,1,15.779531446677762,22,1,-7.950719805457448e-06,-0.01051524502190697,11,0,11,0.058505999732005876,0.20739599995067692,1.6336070002580527,0.2268191821069208,0.012322726603347172,2.7016493894646576,0.8676207513416816,0.8855098389982111,0.9990778390451239,2,2,3277,0.0,0.0,0.0005302571691574443
559,28.0,-52.01036755205283,-105.26563023086749,-1.5679298333555898,-51.98705554542149,-105.26722856422926,-1.5693395730051884,0.0005617399148854156,7.047314408685403e-05,1.0610664391216175e-05,-0.00011931258508443233,-1.7815273394273808e-05,4.179721277852682e-06,0.02336673538847065,-0.0014097396495986736,0.025143847338310613,1.2653316359533513,1,1,10.832015246547272,22,0,-0.00017521945171585467,-0.01514893528525996,11,0,11,0.06293999967965647,0.21898800014241715,1.553075000174431,0.22661872570731653,0.012311863377436392,2.6990845363333875,0.8678571428571429,0.8857142857142857,0.9980842831438365,2,2,3221,0.0,0.0,0.0007862408645449293
560,28.05,-52.01036755205283,-105.26563023086749,-1.5679298333555898,-51.98713746999763,-105.26712377560004,-1.569404885839363,0.0005606805002114908,7.02968069070976e-05,1.0608752032568211e-05,-0.00011908948234433663,-1.778166986928712e-05,4.171524534559235e-06,0.023278045196267177,-0.0014750524837729984,0.025119261675427253,1.284326373242349,1,1,11.081120689162127,22,1,7.648355055762056e-06,-0.0050196168501781295,11,0,11,0.0638109995634295,0.21066700037408737,1.5602250000483764,0.22641879113982646,0.012301042988809833,2.6965626857752927,0.8680926916221033,0.8859180035650623,0.997116774378492,2,2,3345,8.811988259916368e-07,-3.295755759662812e-15,0.0002589117037130606
561,28.1,-52.01036755205283,-105.26563786026202,-1.5679298333555898,-51.98788700524214,-105.26721723304748,-1.5679344146349092,0.0005596250849327616,7.012155354056845e-05,1.0610589856912954e-05,-0.00011886720682964361,-1.7748191116803224e-05,4.163358504276296e-06,0.022535958007211115,-4.581279319459952e-06,0.025094753206065405,1.1767145535811896,1,1,25.858402466233926,22,1,9.746611724315965e-06,0.026867521443307986,11,0,11,0.06335000034596305,0.20688999984486145,1.6251889996965474,0.2262192586137098,0.012290094129246632,2.6938583296681857,0.8683274021352313,0.8861209964412812,0.9974649485111188,2,2,3301,8.586850159091389e-06,-2.1869578149635912e-08,-0.0014279375784100878
562,28.150000000000002,-52.01036533672776,-105.26846835928464,-1.5679314312522439,-51.98711486859688,-105.27213951569168,-1.567047871053319,0.0005583936480128132,7.001213187714372e-05,1.0617803644882078e-05,-0.00011862502340242447,-1.7663313095924265e-05,4.155424047847255e-06,0.02353851434712444,0.000883560198924549,0.025068023055078693,1.261014965659247,1,1,18.099194059831795,22,1,0.10167234994973894,0.003022843871381089,11,0,11,0.06310199978543096,0.22305799984678742,1.8557010002950847,0.22602044119791345,0.01227923091513607,2.6913133148120423,0.8685612788632326,0.8863232682060391,0.997124257849466,2,2,3229,-0.0020847083729867793,-5.896018381629337e-06,-4.339016551391239e-06
563,28.200000000000003,-52.01032903585933,-105.27695988068807,-1.5679300996716987,-51.98595721549982,-105.28563447465069,-1.5667720961678506,0.0005568878146975314,7.026850073169336e-05,1.0682488530772368e-05,-0.00011835290894856925,-1.7502003020429016e-05,4.148215367438122e-06,0.025869561419791843,0.001158003503848093,0.025043089175044376,1.7155564601960953,1,1,16.792918382975337,22,1,0.2607053192799243,0.0116608608166727,11,0,11,0.06307700004981598,0.21034599967606482,1.8702410002333636,0.22582260683641261,0.012268437142412148,2.6895832494669785,0.8687943262411347,0.8865248226950354,0.9966693749975281,2,2,3322,-0.0043860530148486475,1.196777729779478e-05,-0.0007595333049787989
564,28.25,-52.011238092780026,-105.29500572137543,-1.5673954700828654,-51.98628069169998,-105.30802538584024,-1.5651645093442188,0.0005550806873503314,7.130823484405894e-05,1.0851723597374668e-05,-0.00011804906765409394,-1.7259218501566516e-05,4.142382232007044e-06,0.02814930783245567,0.0022309607386468144,0.02502776302817314,3.3328972952460676,1,1,21.59805161460236,22,1,0.4391924883267621,0.01456670277972977,11,0,11,0.06262399983825162,0.2134960000148567,1.9379039999876113,0.22562578324729626,0.012257934640969246,2.690721858397561,0.8690265486725663,0.8867256637168142,0.9966403657622814,2,2,3238,-0.004911157017725025,-0.0009655997633389026,-0.0006381385495157765
565,28.3,-52.01123982505724,-105.32552351438518,-1.5673501963443341,-51.98494978004232,-105.3429562666789,-1.5672213010208333,0.0005528462355335647,7.419010268759174e-05,1.125190019573462e-05,-0.00011770437962559365,-1.6894291483755743e-05,4.139881478118947e-06,0.031544687657677095,0.00012889532350079946,0.025040693644968314,4.2066836159957575,1,0,33.507253448700126,22,1,0.6987803318094584,-0.016530879364767954,11,0,11,0.061438000102498336,0.22195900010046898,1.6045610000219312,0.22543027846719252,0.012247102488014227,2.693400236061162,0.8692579505300353,0.8851590106007067,0.9976605529893718,1,1,3296,-0.0046658801577971675,-0.00010620953145927753,-0.0003435319693854133
566,28.35,-52.011361184622196,-105.36782914761753,-1.5672186361864842,-51.98425047440825,-105.38609699578564,-1.5674565211887295,0.0005503616781434388,7.86554307654932e-05,1.1754244630310053e-05,-0.00011732651538116316,-1.645797220975425e-05,4.140876592030372e-06,0.032691052063181486,-0.00023788500224508624,0.02508021349408597,4.288854547103272,1,0,16.61349085376046,22,1,0.8656980907584042,0.0045832119735547405,11,0,11,0.0628840002718789,0.2083579997815832,1.5434039996762294,0.22523558279988865,0.012236301886155876,2.696214088461589,0.8694885361552028,0.8835978835978836,0.9971914971328565,1,1,3339,-0.004902302862274348,-0.00026993210996199786,-0.0007710202188646598
567,28.400000000000002,-52.011823390807216,-105.42347217231254,-1.566863237339013,-51.98592700134953,-105.44679448226007,-1.5689897688136307,0.0005473679386600906,8.74691439142379e-05,1.2726632291707788e-05,-0.00011689009678746093,-1.584459951166418e-05,4.150527960303489e-06,0.03485043942668171,-0.002126531474617721,0.025195973538927375,6.399059794294439,1,0,22.460058000207432,22,1,1.2060635597574632,-0.005482567040554602,11,0,11,0.06209800039869151,0.20866599970759125,1.5640819997315702,0.22504197563305164,0.012225851354221556,2.7027331830141117,0.8697183098591549,0.8820422535211268,0.9972372890829517,1,1,3254,-0.005460267307860862,-0.0006711636949237422,-0.0003851007607473811
568,28.450000000000003,-52.011911659864275,-105.49248872194427,-1.5666757507982716,-51.9859572544504,-105.51687569171801,-1.5680436274638947,0.0005441004266905391,9.980200720234731e-05,1.3934153535843276e-05,-0.00011639689090137752,-1.5114279910903976e-05,4.171867906958863e-06,0.03561397836711575,-0.0013678766656228802,0.025375232686477702,5.986699456613646,1,0,17.489292556592872,22,1,1.4266564264227042,-0.004330775785162824,11,0,11,0.062385000092035625,0.21185500008868985,1.5819559998817567,0.22484909342055112,0.01221523795312964,2.708504652739243,0.8699472759226714,0.8804920913884007,0.9968475599006752,1,1,3342,-0.00554330839746873,-0.00036618569101835803,0.001053973045415546
569,28.5,-52.01199082414527,-105.57658867628051,-1.5664810737225867,-51.987969351360746,-105.59951388518556,-1.5726267229669952,0.0005405675373483809,0.00011670355628261278,1.5552510743412576e-05,-0.0001158640894675842,-1.4245435623487676e-05,4.213464516682494e-06,0.03320536640481338,-0.006145649244408524,0.02563729887548596,6.351475991877116,1,0,28.29631360390006,22,1,1.667488543693445,-0.02581126005233257,11,0,11,0.06193199988047127,0.209004000225832,1.6002160000425647,0.2246560760339381,0.012207232452833653,2.714895830527204,0.8701754385964913,0.8789473684210526,0.9974039993487596,1,1,3345,-0.006016643341143177,-0.00043388894473099016,0.0008369310929783325
570,28.55,-52.01175776516917,-105.6768009701661,-1.5664483168411787,-51.989038729796945,-105.7035331640624,-1.5746874421077666,0.000536559147359516,0.0001438318703598491,1.8397346176205394e-05,-0.00011507482220593513,-1.3064734052807099e-05,4.284750912573945e-06,0.03508225703620386,-0.008239125266587877,0.026084305965836337,8.0157502473524,1,0,16.913102954590556,22,1,2.103534455009268,-0.08185007091143857,11,0,11,0.06049900002835784,0.20785199967576773,1.575989000230038,0.2244640696079346,0.012201411158010942,2.7241792883500153,0.8704028021015762,0.8774080560420315,0.9969651767147444,1,1,3257,-0.006005180901084056,-0.0002010245830769357,0.0006427214328121877
571,28.6,-52.011035388854836,-105.7913779338851,-1.5666666960505653,-51.99155236967453,-105.81448053254842,-1.5779327711262385,0.0005325338614487406,0.00017455428289990573,2.060514868964377e-05,-0.00011417358551485002,-1.179006145223761e-05,4.39583110817282e-06,0.030221153210596607,-0.011266075075673232,0.026591129053664612,8.627827909728957,1,1,33.33680620930633,22,1,2.2598001425592837,-0.05324313149250181,11,0,11,0.06514999995488324,0.21020699978180346,1.5224000003399851,0.22427133372678912,0.012199838529436494,2.734500352373405,0.8706293706293706,0.8776223776223776,0.9979581732596402,1,1,3288,-0.005665335124150222,0.00023670011370905344,0.001692805354846172
572,28.650000000000002,-52.01070044074579,-105.92029963557292,-1.5666331402208302,-51.9937271847824,-105.95140867371023,-1.5754602148299919,0.0005281368895948017,0.00022079453145612592,2.386157497120574e-05,-0.00011286920818490099,-1.0125080215185696e-05,4.572197502867543e-06,0.03543816688018168,-0.008827074609161656,0.027366611427996117,7.206019075861779,1,0,36.90830631637675,22,0,2.7816547288743845,-0.06092885579336206,11,0,11,0.06156100016596611,0.210681999760709,1.53112299994973,0.22408043958540186,0.012194764966191157,2.742304049971116,0.8708551483420593,0.8760907504363001,0.9992577757717785,1,1,3242,-0.005897337179671653,-0.0001996152987575938,-0.000808207785873094
573,28.700000000000003,-52.00994626291024,-106.06422715780002,-1.566811172539702,-51.993121278668816,-106.10301954029202,-1.5798844724837542,0.0005238106474953447,0.00027438841027248057,2.771978094076055e-05,-0.00011136809297006219,-8.409195557645998e-06,4.843349322498063e-06,0.042283909872789606,-0.013073299944052152,0.028252416848259642,11.0450695921397,0,0,18.39598587347525,22,1,3.0026205498452825,-0.17924378575203784,11,0,11,0.06325499998638406,0.21019099995100987,1.8399410000711214,0.22389211874516027,0.012196350543732429,2.7567687983024203,0.8693379790940766,0.8745644599303136,0.9989465608868459,1,1,3244,-0.0061228531143978126,0.00016778794561812243,-2.7535340559214916e-05
574,28.75,-52.00941786095447,-106.22371952137296,-1.5668346083572948,-51.99512743007044,-106.27457675644354,-1.572777394164786,0.000519457402956432,0.00034166710491274953,3.0589149658647896e-05,-0.00010973912041797374,-6.4309724545896435e-06,5.234027465848329e-06,0.05282683762895109,-0.005942785807491191,0.029344923033962477,8.46085705423186,1,0,35.43515239668751,22,1,3.4192824456014086,0.09464935716408983,11,0,11,0.06319300018731155,0.21306799999365467,1.7893439999170369,0.22370819298421432,0.012188260319082489,2.766688951790993,0.8695652173913043,0.8730434782608696,1.0001117840952594,1,1,3270,-0.006221210405299455,-0.00010533330229439629,0.00013221582162303847
575,28.8,-52.008682892652764,-106.39867617616086,-1.5669492574422226,-51.99289262491288,-106.453760694531,-1.5712592693859824,0.0005153350918753389,0.00041043256304793707,3.1705186075879276e-05,-0.00010832506940281504,-4.686458812026202e-06,5.713929918706091e-06,0.0573030253945381,-0.004310011943760017,0.030426430203414862,7.791543159452895,1,0,15.231688037351242,22,1,3.543262136749131,-0.008346830659028519,11,0,11,0.060882000070705544,0.20981299985578516,1.8372660001659824,0.22352666970302404,0.012178999722758547,2.7754126570126285,0.8697916666666666,0.8715277777777778,0.999526684612651,1,1,3289,-0.006089874893906441,5.1864740373408865e-05,0.0016025299974060658
576,28.85,-52.00795943564626,-106.58864001137407,-1.5670363428098681,-51.993069687731136,-106.64430848200693,-1.5694984206253908,0.0005113524349274385,0.00048719214587735176,3.317278583722564e-05,-0.00010687697291411345,-3.066655607858681e-06,6.282594786967527e-06,0.05762536954830027,-0.0024620778155224343,0.031599756024450414,6.466565826779536,1,0,18.51559626504435,22,1,3.811967827571791,0.0020793711252969404,11,0,11,0.0630369995633373,0.20800500033146818,2.002200000333687,0.22334577258794142,0.012168873093386122,2.781809802887441,0.8700173310225303,0.8700173310225303,0.9992270476628119,1,1,3235,-0.005862347464801661,9.210022271786095e-07,7.00628836645123e-05
577,28.900000000000002,-52.007188787464905,-106.79306156855505,-1.5671216971228052,-51.9895971836282,-106.85897618508,-1.5709136405761626,0.0005075148883093801,0.000588482107203839,3.86203102242623e-05,-0.00010457013964751397,-1.3134245802414152e-06,7.0448024761432265e-06,0.06822170620248937,-0.003791943453357316,0.03310584533754151,7.687522453082941,1,0,27.05819558509492,22,1,4.37299586682168,-0.2555365173263664,11,0,11,0.06187700000737095,0.20660799964389298,1.5127960000427265,0.22317052457226502,0.01215936482392883,2.790297195015807,0.870242214532872,0.8685121107266436,0.9996639623095503,1,1,3259,-0.005672216384544165,1.0746956480883076e-05,0.0002908917184365478
578,28.950000000000003,-52.006380604760565,-107.01155167321305,-1.5672203672411926,-51.988274061754694,-107.07549475278975,-1.5647223835818906,0.0005039483659633394,0.0006868117077448765,3.91000428853017e-05,-0.00010276500002225522,3.9433773545821937e-07,7.898152539946536e-06,0.06645723681718928,0.0024979836593019833,0.03450739158076449,6.365908167913356,1,0,20.087284355209444,22,1,4.510832466758398,0.023941077638223847,11,0,11,0.06483000015578,0.21324799990907195,1.5992469998309389,0.2229948246346347,0.012149303505409102,2.796472688924093,0.8704663212435233,0.8670120898100173,0.999500246652599,1,1,3282,-0.005541485538480035,1.6088129121477053e-05,0.0007102319664400447
579,29.0,-52.00555808973286,-107.24381293151312,-1.567301859970549,-51.98992978465773,-107.30514470539782,-1.5682419672295607,0.000500630778226538,0.0007823818986771162,4.052861133750647e-05,-0.00010188696092253675,1.554403150939551e-06,8.872268962963518e-06,0.06329162983653948,-0.0009401072590113912,0.03581916633457086,4.929710632371072,1,0,22.07365388361802,22,1,4.603906306860751,0.11641110063646734,11,0,11,0.06329000007099239,0.2092200002152822,2.0060899996678927,0.22281800363175552,0.0121388882147695,2.800150685378312,0.8706896551724138,0.8655172413793103,0.9995075063830672,1,1,3295,-0.005488003713554214,1.4185345805840797e-06,0.0010511351266297986
580,29.05,-52.0046958921736,-107.48971561641,-1.5673707026847277,-51.98696990665975,-107.54214825177282,-1.565793484243303,0.0004974273463616555,0.0008679332566752218,4.0188459117831706e-05,-9.997784991658514e-05,2.4295295602643127e-06,9.714437924568176e-06,0.05534791607213038,0.001577218441424666,0.0369507862302939,3.556442006118602,1,1,27.305121169970114,22,1,4.611542499131857,-0.01975895478892565,11,0,11,0.06302400015556486,0.20920599990859046,1.6156489996319578,0.22263800872755518,0.012128613678408166,2.8014523916102227,0.8709122203098106,0.8657487091222031,0.9999625616843463,1,1,3303,-0.005406643874239913,1.1359625608397529e-05,-0.0005771240233363173
581,29.1,-52.00379560626063,-107.7486492500383,-1.56745326067852,-51.985836787855895,-107.78249499558031,-1.5721980935602922,0.0004946453630514954,0.0009880326849295018,4.4712982363924895e-05,-9.7390465300149e-05,3.771731498777046e-06,1.0824106917474218e-05,0.03831518823898384,-0.004744832881772076,0.03850555866340595,2.05885509575093,1,1,46.23307598597401,22,0,5.367527546595231,-0.18984847916429207,11,0,11,0.06165100012367475,0.21103299968672218,1.627658999950654,0.2224523263960983,0.012119785389438295,2.800176451239331,0.8711340206185567,0.865979381443299,1.0020331272712326,1,1,3241,-0.004642781647749746,2.396165236477004e-05,-0.0005007964287329081
582,29.150000000000002,-52.00408404981189,-108.0118893033676,-1.566848989427181,-51.9853258058079,-108.02048264404621,-1.5682750453783532,0.0004912483096038072,0.0010621144977481492,4.230140109578636e-05,-9.631311031904735e-05,3.675696366201931e-06,1.1905371522053185e-05,0.0206329159871241,-0.0014260559511720672,0.0394127239270766,0.7933542854754793,1,1,21.996607394352694,24,1,4.88693968077056,0.1278383671468545,12,0,12,0.0627240001449536,0.22385400006896816,1.6843039998093445,0.2222631047689012,0.01210953063023009,2.7967342176788437,0.8713550600343053,0.8662092624356775,1.0018726998431402,1,1,3349,0.006402376837835146,-0.0012480026108526157,-0.003923836987834939
583,29.200000000000003,-52.00635048327838,-108.2468187928861,-1.5649610745304239,-51.98314834038764,-108.24764922923424,-1.5613145760053333,0.0004876533140528731,0.0011080008658037694,3.973719319730646e-05,-9.567433404694122e-05,3.2204551418418793e-06,1.2677053286589985e-05,0.023216999359317907,0.003646498525090358,0.039945640311010694,1.4171940247428367,1,1,18.97262991730053,24,1,4.54142516832488,0.06782596294510643,12,0,12,0.06163099988043541,0.2217840001321747,1.7063190002772899,0.22207480761057705,0.012100099325751746,2.7943719913210767,0.8715753424657534,0.8664383561643836,1.0014769199680673,1,1,3248,0.014595937786466583,-0.0034155111668086264,0.0010537881262608906
584,29.25,-52.005784183127496,-108.45441716643752,-1.5646541452147924,-51.982276022141306,-108.47121360225142,-1.558715896350311,0.0004839631294510996,0.001138950181661751,3.848969012217936e-05,-9.596681117560232e-05,2.6348633575263445e-06,1.3334545217579277e-05,0.028892107728636096,0.005938248864481466,0.04028539823698967,2.200870523593444,1,1,23.79625650972543,24,1,4.351758932156864,0.10906747307891776,12,0,12,0.06099999973230297,0.23011900020719622,1.6664059999129677,0.22188813434820942,0.012092245629732375,2.793357458897611,0.8717948717948718,0.8666666666666667,1.001458291496922,1,1,3267,-0.00035718437598359314,-0.0006769504654693965,0.0025502099126626376
585,29.3,-52.00456318389937,-108.6659476013427,-1.564913004472748,-51.98404470104031,-108.7021511108702,-1.566921264142308,0.0004803510437166429,0.0011815503951656161,3.8501321310740414e-05,-9.620472530176353e-05,2.722557313031009e-06,1.3983547525445938e-05,0.041613726592869424,-0.0020082596695600863,0.04076642538759388,1.840208945453426,1,1,20.147114056437808,24,1,4.69683186063134,0.025207469374251643,12,0,12,0.06199500012371573,0.21871899980396847,1.8767550000120536,0.22170539379015838,0.012082208428819826,2.7917309255982183,0.8720136518771331,0.8668941979522184,1.0011560616353323,1,1,3213,-0.002385355178432647,-5.0895214778196326e-05,-2.2516596872801387e-05
586,29.35,-52.00293555005482,-108.88387492265466,-1.5669922674938275,-51.9837089009195,-108.90362252583361,-1.565752166200775,0.00047660334287303734,0.001202581545300428,3.760793048284966e-05,-9.521468983491127e-05,2.396782495070094e-06,1.4415878985804288e-05,0.0275614199250729,0.001240101293052298,0.04097785851131639,1.0376568654660012,1,1,29.51492639255783,24,1,4.374104306663751,-0.05339682910036493,12,0,12,0.061748000007355586,0.22237600023800042,1.91378799991071,0.22151938809536362,0.012072021062310076,2.788742724473632,0.8722316865417377,0.8671209540034072,1.001581820551635,1,1,3248,-0.002965396879284963,0.0005720463150338962,0.0004656489297469868
587,29.400000000000002,-52.0018859746975,-109.11050486147803,-1.569493774705739,-51.982579014541145,-109.1305965767582,-1.571938279509425,0.0004728504409261094,0.0012219746801117848,3.782697042410978e-05,-9.419954277975364e-05,2.1510007836536755e-06,1.4831181399239313e-05,0.027864596415130925,-0.002444504803686076,0.041168253801174205,1.1515019822233816,1,1,12.82911558590598,24,1,4.393257699213975,-0.10791342049617644,12,0,12,0.061736000134260394,0.2185309999731544,1.681632999861904,0.22133392411183078,0.012062172636153869,2.785958301442594,0.8724489795918368,0.8673469387755102,1.0007137251282048,1,1,3247,-0.003946705134765256,0.00047091705130426265,-0.0010847686011965507
588,29.450000000000003,-52.001499341879146,-109.34744276488193,-1.5717289658086424,-51.9816251128045,-109.38032740305987,-1.5664035301852035,0.0004693093114326872,0.0012723997471120207,3.9654400318389274e-05,-9.232879400079614e-05,2.8854429864414746e-06,1.5421675509009457e-05,0.038423747987475554,0.005325435623438679,0.04173378797263325,2.298508725372588,1,1,16.642204151773893,24,1,5.086200674002204,0.019197188898758287,12,0,12,0.06084500000724802,0.22871100009069778,1.9160799997735012,0.22115162192940377,0.0120539261849933,2.785130713028214,0.8726655348047538,0.8675721561969439,1.0001436164971516,1,1,3214,-0.003993860608355169,0.00034280959772983987,-0.0009880726894553327
589,29.5,-52.00166637677313,-109.5937862440447,-1.5737849261701835,-51.982125573469496,-109.61087289647179,-1.5666800074695764,0.0004658645573135398,0.001316132135924591,4.0366171724266845e-05,-9.115716177808134e-05,3.4252644085076824e-06,1.6111474719145645e-05,0.025957593973936106,0.0071049187006071435,0.042213702671503844,2.2230818300453596,1,1,38.88609940712825,24,1,5.108525914273797,-0.0158522059479266,12,0,12,0.061687000197707675,0.23256299982676865,2.0356549998723494,0.22096670999821355,0.01204725816281529,2.784178087802819,0.8728813559322034,0.8677966101694915,1.0012919693220896,1,1,3183,-0.0030181416092419132,0.00031595087131169414,-0.0007967509596356059
590,29.55,-52.00237207980508,-109.84493311053555,-1.5756422147144047,-51.986141891200276,-109.87734692314156,-1.5679106979295783,0.0004624807583800925,0.0013517696550958125,4.204732817865273e-05,-9.071153523138386e-05,3.5162964125219826e-06,1.6895909446435193e-05,0.03625016234177305,0.007731516784826198,0.0425940185175795,2.7390889960244347,1,1,17.616622947440774,24,1,5.052037227709246,0.19077518308999802,12,0,12,0.06029699989085202,0.2325590003238176,1.603885999884369,0.22078472323196702,0.012041262223967479,2.7841017949233295,0.8730964467005076,0.868020304568528,1.0007979471165835,1,1,3197,0.000564167189072767,0.00027810333376648,0.0007252939146327186
591,29.6,-52.003566315353424,-110.09354205862259,-1.5772682077179527,-51.98604159373993,-110.10392138165078,-1.568839469894207,0.00045897584511912423,0.0013711404577466022,4.0679400406354226e-05,-8.954190427262095e-05,3.5766233741736893e-06,1.7434707393386993e-05,0.02036777391258303,0.008428737823745536,0.04277985861203525,2.4450227458456224,1,1,18.914413411476005,24,1,4.879063749363573,0.04674067178535482,12,0,12,0.060727000345650595,0.22326299995256704,1.8480219996490632,0.22059975913217342,0.012036074241684368,2.783529026259347,0.8733108108108109,0.8682432432432432,1.0004055165108545,1,1,3219,0.002092485811169058,0.00021262536784071197,0.0008492303141944824
592,29.650000000000002,-52.00510435872008,-110.33648407273074,-1.5787177662992828,-51.986010091386866,-110.33586672336537,-1.5748412588826541,0.00045541560369941915,0.0013821247642424805,3.968141036149177e-05,-8.805372714520545e-05,3.4857989418141854e-06,1.7825650589653598e-05,0.019104244691461665,0.003876507416628705,0.04286654135735585,1.1563511033580012,1,1,32.65117751544256,24,1,4.7776320723698955,-0.03051947194073064,12,0,12,0.07409199997709948,0.22383599980457802,1.9272220001766982,0.22041507364005247,0.01202697505878597,2.7807850499981304,0.8735244519392917,0.8684654300168634,1.001068610826323,1,1,3247,0.0024298476490679055,0.0002103524975761538,-0.0006619385211843465
593,29.700000000000003,-52.0069557509619,-110.57347576589102,-1.5799880941392506,-51.98576138518041,-110.54946442937053,-1.5741143298166074,0.00045175191176922763,0.0013816221932382298,3.852517572275299e-05,-8.60682989061602e-05,3.2063336546808845e-06,1.806337078120118e-05,0.03202726061310423,0.0058737643226431935,0.04281791803681558,2.316113322664869,1,1,24.316548132106956,24,1,4.579637304565727,-0.021063900086051066,12,0,12,0.07381900013569975,0.22592799996346002,1.9529810001586156,0.22023338143527224,0.01201926355348432,2.7800027743628895,0.8737373737373737,0.8686868686868687,1.0010908918827166,1,1,3182,0.002203857450024645,0.00017649472144928567,0.0013712170236139798
594,29.75,-52.00906664642254,-110.80535582181477,-1.5811070212712475,-51.98901729718981,-110.79481478874378,-1.5855756229670608,0.0004481629631048285,0.0013895886929068183,4.088031706196814e-05,-8.333526027956496e-05,2.8871486088569597e-06,1.8420194042978246e-05,0.022651485224145222,-0.004468601695813312,0.042869005773538145,1.6113340255708473,1,1,16.961974751649965,24,1,4.701560056364342,-0.27178788891250527,12,0,12,0.06290500004979549,0.2200530002482992,1.9230600000810227,0.2200501929565996,0.012010556284304603,2.7780386252052556,0.8739495798319328,0.8689075630252101,1.000550814921437,1,1,3173,0.001765725135934438,0.0001502850327862222,0.0011428782161013729
595,29.8,-52.01141285663205,-111.03303183615918,-1.5821002471997925,-51.99201701220426,-111.04078699586502,-1.5789741259560603,0.0004444902238252003,0.0013904564241119777,3.9609360466111976e-05,-8.052556047801013e-05,2.899961793203651e-06,1.866352770920612e-05,0.020888783668038646,0.0031261212437323493,0.042836277241809634,1.0973584849050415,1,1,16.70694327697851,24,1,4.621613882881571,0.07340206981059487,12,0,12,0.0613410002188175,0.23085099974196055,2.1292299998094677,0.21986717450170315,0.012001159247544047,2.775218692083947,0.8741610738255033,0.8691275167785235,0.9999932541551719,1,1,3164,0.0014661875115845452,0.00011444359139274984,-2.4589821845388826e-05
596,29.85,-52.01393746235112,-111.25736573280679,-1.5829868135266798,-51.99239552169842,-111.26735560416832,-1.5774314048170268,0.00044060612485072765,0.001368257934423684,3.710560316507627e-05,-7.897633471461689e-05,2.35813531245093e-06,1.8743161467966818e-05,0.023745583524193096,0.005555408709652987,0.042530742519669366,1.9105273724035121,1,1,30.91574690768158,24,1,4.120506089147919,-0.04085491094309829,12,0,12,0.058121000165556325,0.21457999991980614,1.945733999946242,0.21968510358874005,0.011993259220909514,2.773770297913628,0.8743718592964824,0.8693467336683417,1.0005200601277464,0,0,3163,0.0010295362309078206,0.00011080381388556353,-0.002408461314559851
597,29.900000000000002,-52.01663978170011,-111.47966200128175,-1.5837809681637414,-51.994518147110924,-111.46518325520924,-1.5786370078598417,0.0004366823447429632,0.001348750162201819,3.5718993355662726e-05,-7.774417952897223e-05,2.0033207079651426e-06,1.878897054250246e-05,0.02643862335163557,0.005143960303899853,0.04225437855352723,2.0190836100002323,1,1,13.336437153931337,24,1,4.100013650734863,0.005900710846186569,12,0,12,0.071569000283489,0.21825399971930892,1.6689359999872977,0.2195040061414594,0.0119850733231291,2.7725082800408627,0.8745819397993311,0.8695652173913043,0.999708317100896,0,0,3155,0.00045568672022329,9.598935977120151e-05,0.001203475847340485
598,29.950000000000003,-52.019512672702625,-111.7012482100285,-1.5845016195547168,-52.00010217228524,-111.70646449962545,-1.577740851779935,0.0004328604335746644,0.0013490991839348217,3.716154871986904e-05,-7.618322683944888e-05,2.0677865827010593e-06,1.9007843641352137e-05,0.02009918415291266,0.006760767774781851,0.04221326352592851,2.088211309270909,1,1,20.945557499556074,24,1,4.452713661128673,0.08759867144578927,12,0,12,0.060940999901504256,0.2180710002903652,1.7237429997294385,0.2193222417387657,0.011978250570581604,2.7713658810913304,0.8747913188647746,0.8697829716193656,0.9994770297518625,0,0,3140,0.00010008569546527588,8.43376964424806e-05,-0.00020626153705105565
599,30.0,-52.02254438078551,-111.92262779273648,-1.5851544934959498,-52.003609295799805,-111.93252826720526,-1.5840300087768977,0.0004290924788687114,0.001354800909674161,3.850456381223413e-05,-7.396984205822895e-05,2.2439196462805633e-06,1.932895356906819e-05,0.021367190693277104,0.0011244847190523544,0.0422361620953286,0.901396087190502,1,1,27.196096028623526,24,1,4.557484203859718,-0.12826131424458487,12,0,12,0.061484999605454504,0.22832300010122708,1.6363770000680233,0.21914113315360395,0.011968352575169153,2.7682492647681625,0.875,0.87,0.9997201090938761,0,0,3097,0.00011798657669877122,7.482690705762144e-05,0.0005024417708612283
600,30.05,-52.02571509138711,-112.1436100126296,-1.5857483784190374,-52.010083698810305,-112.1682831523861,-1.58800748815827,0.00042531809934512067,0.0013554290539814083,3.8262555966118474e-05,-7.180312774804842e-05,2.373265836301848e-06,1.9619984362092536e-05,0.0292079485642885,-0.002259109739232379,0.04219889990659151,1.0432130930588295,1,1,15.680358083273976,24,1,4.478321630977148,0.07724096381615725,12,0,12,0.06075200008126558,0.22180999985721428,1.6002829997887602,0.21896198489440197,0.01195874644896071,2.7653789882761335,0.8752079866888519,0.870216306156406,0.9990914850364819,0,0,3146,0.00029913170186126144,6.80325153884618e-05,0.0002792245889433609
601,30.1,-52.02899477718324,-112.3634547242061,-1.586285671168961,-52.01556206489656,-112.40571346849539,-1.5850354990728615,0.0004215951986085981,0.0013600494454392251,3.9064170322846434e-05,-6.931233537876616e-05,2.481993516061727e-06,1.9972063749476995e-05,0.04434229615485937,0.0012501720960997886,0.04220953262058019,1.698788264541969,1,1,19.366478753420004,24,1,4.549601365877644,0.14581892891903367,12,0,12,0.062151999827619875,0.22801800014349283,1.8563480002740107,0.2187875115911117,0.011948918446254743,2.7636072428878706,0.8754152823920266,0.8704318936877077,0.9987433783873685,0,0,3096,0.0006764773757305809,6.675485968650877e-05,-0.00026595650457306164
602,30.150000000000002,-52.03236860815551,-112.58144475291934,-1.586771564909846,-52.01835840040175,-112.6471257452299,-1.5846858328059201,0.00041788352674803643,0.0013637366277012848,3.83720845876695e-05,-6.671520566627877e-05,2.7302482474480333e-06,2.027367478645836e-05,0.06715860832539204,0.0020857321039260412,0.04220924252399374,3.6756840733795566,1,1,28.801500267132674,24,1,4.567730441528809,-0.029334443880268006,12,0,12,0.06173499969008844,0.23891799992270535,2.131477000148152,0.21862312758990676,0.01193930857405823,2.7651198081125665,0.8756218905472637,0.8706467661691543,0.9991074274520035,0,0,3117,0.0008297731045628256,5.592769197437875e-05,0.0007097212303355249
603,30.200000000000003,-52.0358171401725,-112.7971680136593,-1.5872063259578013,-52.021407016544984,-112.84085410922663,-1.5859772451145242,0.00041397447013590764,0.0013406103486204085,3.59750487357475e-05,-6.532448503854165e-05,2.2406465233744907e-06,2.0368924994340555e-05,0.04600137616286691,0.0012290808432773304,0.04188776454713615,1.8812863698499485,1,1,15.727061933113067,24,1,3.9796962062043457,0.01909683141846847,12,0,12,0.061701000049652066,0.21800000013172394,1.6205829997488763,0.218450092397941,0.011929525773101995,2.7636565077180917,0.8758278145695364,0.8708609271523179,0.99848682604363,0,0,3140,0.0009523077046000994,4.4891921877670793e-05,0.0007210109190682878
604,30.25,-52.03931139217434,-113.01070863193932,-1.5876026043280052,-52.024295244045845,-113.01698711789919,-1.5899646478289962,0.0004100492397973777,0.001318940445773241,3.467611671125176e-05,-6.387176723199075e-05,1.869794233652611e-06,2.0369159610203415e-05,0.016275874494636963,-0.002362043500991007,0.04158112174497724,0.7250834624511427,1,1,26.126069638993748,24,1,3.9254629479170897,0.006461574866133421,12,0,12,0.059844000134035014,0.2164160000575066,1.6477730000588053,0.2182704834868831,0.01192004941284671,2.76028696549451,0.8760330578512396,0.8710743801652893,0.9986491673209533,0,0,3133,0.0007473696232957489,5.257899163644106e-05,-0.0011619732342982303
605,30.3,-52.04286859084164,-113.2224404163577,-1.5879617316010024,-52.031988067945875,-113.23723814950638,-1.597241932147106,0.0004063417716331578,0.0013291735086390242,3.693555731840871e-05,-6.069108359776684e-05,2.2544825876881484e-06,2.059302780452646e-05,0.018367326556277964,-0.009280200546103679,0.04165951608302936,2.7017045697751887,1,1,16.69417781064311,24,1,4.5534611202882385,-0.06474267682737037,12,0,12,0.06269099958444713,0.2232730003015604,2.4877620003280754,0.21809159426911426,0.011916174963777847,2.760190294874511,0.8762376237623762,0.8712871287128713,0.9981040982108618,0,0,3052,0.0006469476412374268,3.9584002680343305e-05,-0.0014739379968085053
606,30.35,-52.04648652030169,-113.43284400202481,-1.588285305673447,-52.03422877678147,-113.45021926482958,-1.592218299716612,0.00040260756622181697,0.0013242707244592174,3.645716855187845e-05,-5.769531778105209e-05,2.3206685035649895e-06,2.0758828884563993e-05,0.02126386685771482,-0.003932994043164939,0.04155572512519826,0.9487374395913718,1,1,21.176868005123126,24,1,4.271016177036494,0.025718702285047412,12,0,12,0.06143000018710154,0.226601000122173,1.6722179998396314,0.21791358226801372,0.011907425400389627,2.757206023284259,0.8764415156507414,0.871499176276771,0.9978963161677785,0,0,2995,0.00040245250263785113,2.8134504731124732e-05,-1.203209603728439e-05
607,30.400000000000002,-52.05014856738535,-113.64217883240913,-1.588577054970865,-52.04124872433278,-113.66906942791427,-1.5948008448821622,0.00039888222479529363,0.0013226263744341117,3.653963556176303e-05,-5.527019602075382e-05,2.4283746272410777e-06,2.1011240081730164e-05,0.028325100758535917,-0.0062237899112971284,0.041491066499059835,1.6488388187727236,1,1,21.59791111459899,24,1,4.320728617516713,0.0365416277331367,12,0,12,0.05825700009154389,0.2283570001964108,1.7056520000551245,0.21773733352948427,0.011900306194785501,2.7553830509084176,0.8766447368421053,0.8717105263157895,0.9977207187608618,0,0,3035,0.0004282881333301745,2.99200629765878e-05,-0.0010770671281594701
608,30.450000000000003,-52.05385134754297,-113.85051386993733,-1.5888504284567617,-52.04568517643602,-113.87046802281824,-1.5961426429511596,0.0003959997033795025,0.0013152672283818414,3.6651405586701335e-05,-5.272108537849426e-05,2.946717855800169e-06,1.9774829232373306e-05,0.021560486259425016,-0.007292214494397875,0.04136746223496607,1.8137214465050446,1,1,28.380843448525297,22,1,4.027993574895261,-0.04668739054853403,11,0,11,0.06166100001792074,0.21035800000390736,1.7943819998436084,0.2175602480524725,0.011894202973913921,2.753836808536655,0.8768472906403941,0.8719211822660099,0.9982436483132919,0,0,3013,0.00039267442291383804,3.043977078447013e-05,0.001004771939125071
609,30.5,-52.05759750604007,-114.05765824057471,-1.5891007655992293,-52.04808011351932,-114.07558837755668,-1.5947410101331732,0.0003936725092219047,0.00131491042962219,3.817141100428953e-05,-4.8776127871286864e-05,3.6788530476801464e-06,1.89905596834879e-05,0.02029952148663511,-0.00564024453394385,0.04133500863486174,1.2380052779389696,1,1,14.32047449308715,20,1,4.049336853893849,-0.07441956518088555,10,0,10,0.05970700021862285,0.23521699995399103,1.5980660000423086,0.21738340060581524,0.011886643528551542,2.751351838814364,0.8770491803278688,0.8721311475409836,0.997739684163901,0,0,3037,0.0006138781948164151,1.9986586292383953e-05,0.0004832045547962238
610,30.55,-52.060724809407816,-114.26334112442875,-1.5922221235548566,-52.048903257161584,-114.29034046439874,-1.5991768538200102,0.0003925008271430581,0.0013292018978740391,4.3593755724206203e-05,-4.401484308878713e-05,5.0956653300755295e-06,1.6864067444508017e-05,0.029473945381056344,-0.006954730265153586,0.04149340580161018,1.9123868945484137,1,1,23.362961326041496,18,1,4.164309885684106,-0.34577753155562757,9,0,9,0.06100099972172757,0.19817400016108877,1.4991150001151254,0.21720870915908919,0.011880244493847327,2.7499787374325866,0.8772504091653028,0.8723404255319149,0.9982748046839139,0,0,3091,0.00044783400340570756,0.0009589596509755773,0.0016978023716882618
611,30.6,-52.064671983198465,-114.46931324430162,-1.5971054288876805,-52.05469410159206,-114.50181882330756,-1.6061038401105072,0.0003915816946957154,0.0013466372309999743,4.39111067124532e-05,-3.963506961399349e-05,6.684704400337855e-06,1.559966559568949e-05,0.03400251149346111,-0.008998411222826519,0.041691952769037935,2.763966775178441,1,1,25.68115319072608,18,1,4.324244600744407,-0.08835377349420001,9,0,9,0.06316799999694922,0.1948840003933583,2.0054459996572405,0.2170355307656105,0.011876106019787494,2.7500015937034132,0.8774509803921569,0.8725490196078431,0.9990371817802381,0,0,2999,-0.0009387773195618287,0.0009695128472932971,0.0006688874445712756
612,30.650000000000002,-52.07004380731859,-114.6795538689273,-1.6016604996161519,-52.061102837479304,-114.71830782895486,-1.6070509388360181,0.00039073703778996966,0.001355425035307748,4.3107318548168995e-05,-3.531873834741838e-05,7.598587208663783e-06,1.481583020697805e-05,0.039771979577146954,-0.005390439219866039,0.04178710414826227,1.8843791338967302,1,1,25.374421781422768,18,1,4.198762541477877,-0.04741533126619857,9,0,9,0.06023300011293031,0.19031800002267119,1.517530999990413,0.21686438067635103,0.01186841230211471,2.748589485286111,0.8776508972267537,0.8727569331158238,0.9997665830541063,0,0,3000,-0.0027645095539068697,0.0006396246272165027,0.002040595978090476
613,30.700000000000003,-52.07670136936625,-114.89795251739613,-1.605984807436168,-52.067444604970845,-114.92643793523797,-1.6082362082618216,0.00039011497451844614,0.0013712456190129315,4.3136509855295084e-05,-3.0863344973770056e-05,8.475983690191182e-06,1.439824592746515e-05,0.029951739794141587,-0.002251400825653782,0.04196856673191709,0.8900875724092362,1,1,16.15022848641759,18,1,4.384328159130611,-0.01515574768562674,9,0,9,0.06004700026096543,0.19198500012862496,1.500026999565307,0.21669108043674767,0.011859091599349326,2.745562609206506,0.8778501628664495,0.8729641693811075,0.999584789318039,0,0,3013,-0.003834852512557867,0.0005576624127209928,-0.0028412229998053817
614,30.75,-52.08466525039856,-115.12675162077493,-1.6101433334783268,-52.074925785877525,-115.16882197460932,-1.6172644844786532,0.00038972734364392785,0.0013917253164848885,4.559748199689239e-05,-2.570982765004595e-05,9.026590930064833e-06,1.4241564486171732e-05,0.043183004074603674,-0.00712115100032662,0.04220725838204629,2.532094478369596,1,1,20.0737246709089,18,1,4.492639107439107,-0.20520036186584584,9,0,9,0.06073900021874579,0.18989999989571515,1.3860109997949621,0.21652183921513624,0.011852924971142202,2.745215506554739,0.8780487804878049,0.8731707317073171,0.9997894302682045,0,0,2941,-0.0044389917996587695,0.0005665014594451532,0.002209306380097864
615,30.8,-52.094009659034064,-115.36716213564901,-1.6141485945997516,-52.087331824133614,-115.37752890816814,-1.625208787839026,0.0003893676079491436,0.0014064442506190064,4.5746153999751365e-05,-2.025699036191487e-05,9.459173233419829e-06,1.4189242554706618e-05,0.012331401032370872,-0.01106019323927443,0.042377020406915704,2.910745528856495,1,1,16.615409219230965,18,1,4.450586203124704,-0.13659650047057412,9,0,9,0.05984299968986306,0.19639500033008517,1.3872350000383449,0.21634659009649723,0.0118516810381549,2.7454842241234108,0.8782467532467533,0.8733766233766234,0.9996538982181852,0,0,2939,-0.0047940014634034545,0.000601633738953936,1.7971562114471595e-05
616,30.85,-52.10394831163951,-115.61936760719557,-1.6215298118770152,-52.1002265883427,-115.63629540095882,-1.6316429307876659,0.0003893796719987789,0.001451419343342061,4.804193687501055e-05,-1.2640161069708834e-05,9.998115398918292e-06,1.4736062594128644e-05,0.017332092371926056,-0.010113118910650698,0.04290453373876518,2.3442133154317286,1,1,10.372965207764526,20,1,5.180584265201118,-0.23341133036556383,10,0,10,0.06186900009197416,0.200600999960443,1.8147829996451037,0.21617232374351172,0.011849069657389657,2.7448338660866334,0.8784440842787682,0.873581847649919,0.9988055637599312,0,0,3019,-0.004537092197944632,0.0019324378903161623,0.0014235495565184664
617,30.900000000000002,-52.11597583801872,-115.88104078317214,-1.631056604886501,-52.11353748729472,-115.91384155456886,-1.6342762125817554,0.0003897040551078902,0.0014972762029979401,4.9316429246723324e-05,-4.1163554970880575e-06,1.0626752264856865e-05,1.5260716778265986e-05,0.03289127784798382,-0.003219607695254645,0.04343938602358268,0.9107425409777383,1,1,17.58694728525493,20,1,5.330809015379636,-0.21898588397493968,10,0,10,0.06122600007074652,0.1978909999706957,1.5853410000090662,0.21600140842970805,0.011840187490369624,2.741866080770923,0.8786407766990292,0.8737864077669902,0.9985952500284222,0,0,3020,-0.001076185547680566,0.0025055826722582505,0.0010495549972393547
618,30.950000000000003,-52.13132315709586,-116.14644707180776,-1.639537308219804,-52.13257177797253,-116.18479810500352,-1.6438352172561175,0.00039045317319168346,0.00155178999532007,5.0138569521830954e-05,5.05286859031354e-06,1.1562449477170766e-05,1.5851875120916614e-05,0.03837135391508147,-0.004297909036313552,0.044070887993229196,1.2532412431788627,1,1,25.670224333881514,20,1,5.628804343733739,-0.13947435011949266,10,0,10,0.059843000144610414,0.20334800001364783,1.4737850001438346,0.2158323722013818,0.011831880800108384,2.7394611941189164,0.8788368336025848,0.8739903069466882,0.9990959810770437,0,0,2985,-0.003886545173464813,0.0017916000192185091,-0.0015739853176324203
619,31.0,-52.148050204250836,-116.4194992481236,-1.6483825983063385,-52.150335229181465,-116.44761422877812,-1.6487009663123335,0.00039043237356321223,0.0015635258047489843,4.79755176713587e-05,1.1890001596092268e-05,1.1270156755859163e-05,1.617869974235721e-05,0.028207684700054993,-0.0003183680059950511,0.0442035991556366,0.5165688824504324,1,1,27.656845879142157,20,1,5.029362682336873,-0.13187636690085067,10,0,10,0.06255400012378232,0.20173799975964357,1.6665739999552898,0.21566121898684526,0.011822342024201382,2.7358758839388058,0.8790322580645161,0.8741935483870967,0.9997692202224473,0,0,2979,-0.001845892819873211,0.0032773713537033403,0.0013772231421205205
620,31.05,-52.167088524167916,-116.70383007336481,-1.6603058368227324,-52.17522886965453,-116.73536461888965,-1.6616745496005687,0.0003923903675510841,0.0016357521119039653,5.302929633366389e-05,2.5606336348372953e-05,1.2375822555393403e-05,1.6766493896986878e-05,0.03256827883231401,-0.001368712777836123,0.0450349029026937,0.7695761222654942,1,1,27.895404044754788,20,1,6.094671530577143,-0.27440112794326427,10,0,10,0.06238000014491263,0.20383299988679937,1.9226780000280996,0.21549147191699244,0.011812947082303089,2.73270953971711,0.8792270531400966,0.8743961352657005,1.000460990768884,0,0,2913,-0.005847577562109468,0.004755701677934219,0.004343758642133544
621,31.1,-52.18895688539172,-116.99931818871552,-1.6784864386363763,-52.20922571802311,-117.04223387278492,-1.6929018882112161,0.00039449589112725095,0.0016778501905488727,5.5795658790866914e-05,3.96771928264532e-05,1.2394934573363729e-05,1.7256607397941614e-05,0.047461368663197764,-0.014415449574840089,0.045523028037204684,5.283425533101688,1,1,14.600096196199633,20,1,5.782013230423422,-0.5191154043204704,10,0,10,0.06270699986998807,0.20096600019314792,1.8321110001124907,0.21532658709621927,0.011817591153815532,2.7368103692884675,0.8794212218649518,0.8745980707395499,0.999988165277697,0,0,2929,-0.004735287453989804,0.007325741037780013,0.0031052420355384136
622,31.150000000000002,-52.21853528387921,-117.30646608101476,-1.6976954201049543,-52.24565111902256,-117.34393510602784,-1.705254376054887,0.0003984303527165675,0.0017250691577921477,5.716017246818141e-05,6.004119786955695e-05,1.294135414686536e-05,1.7366072142622726e-05,0.04625144701468433,-0.007558955949932944,0.046081444318822246,3.2135920071368167,1,1,24.757338736503748,20,1,6.039787348930366,-0.47590419554739105,10,0,10,0.06138700018709642,0.19907100022464874,1.5289969996956643,0.2151616829184158,0.01181198580252631,2.7375756688676787,0.8796147672552167,0.8747993579454254,1.0004033114758601,0,0,2944,-0.00524616794138344,0.006569075691199146,-0.0016565416001279587
623,31.200000000000003,-52.253872313776746,-117.62308338574618,-1.7174199895605717,-52.29725228406251,-117.66144510614903,-1.7298168293216563,0.0004041432418398627,0.0017985479254159218,5.752150779681685e-05,8.50598894060635e-05,1.4603812286740988e-05,1.752319753489907e-05,0.057908923442418145,-0.012396839761084522,0.04693283676974773,7.108755330021252,1,0,25.471307309323166,20,1,6.660598018159231,-0.23228824535636627,10,0,10,0.06159699978525168,0.20061000032001175,1.402553999923839,0.21500170678548738,0.011812946233145936,2.744580764478502,0.8798076923076923,0.8733974358974359,1.0008792035559826,0,0,2922,-0.0037156723277092284,0.008159085219971225,0.00024664328909551614
624,31.25,-52.29726415159125,-117.94810841745382,-1.7387019756216673,-52.35096243265841,-117.9983444683666,-1.750025073588006,0.0004134763396841054,0.0018784746942395395,6.163868294692156e-05,0.00011879088306486532,1.5529134521356578e-05,1.7577961548859223e-05,0.0735334359382093,-0.011323097966339013,0.047874325414815455,8.976863204553531,1,0,22.868264548441562,20,1,6.974697208557803,-0.5193240050419593,10,0,10,0.06189899977471214,0.2036519999819575,1.4721020002070873,0.21484977126429763,0.011812178701042148,2.754552416382622,0.88,0.872,1.0011270888148802,0,0,2895,-0.003987523894597662,0.008048157225785205,-8.361053800509666e-05
625,31.3,-52.3481131729204,-118.28345219109208,-1.7623788092930168,-52.40911249648454,-118.32009764392912,-1.761433650482138,0.00042384946972976557,0.0019377420807591187,6.189224004473975e-05,0.0001522261892295019,1.6229050759847155e-05,1.7497330082568953e-05,0.07116042923503205,0.0009451588108788656,0.048596209219329896,9.08001379237175,1,0,25.877336462196425,20,1,6.976019959294754,-0.44772456868386457,10,0,10,0.06007699994370341,0.2030090004154772,1.593187999787915,0.21469693678197083,0.011802800736151167,2.764656987270784,0.8801916932907349,0.8706070287539937,1.0016353175202535,0,0,3000,-0.005695795157329039,0.00992219425115126,-0.0002592952668849513
626,31.35,-52.41085989791811,-118.62949586308791,-1.784230578669335,-52.47577493095329,-118.6524170216892,-1.7755421393390785,0.00043520978560888246,0.0019968374133091217,6.162613743820964e-05,0.000186180883221041,1.714778463234306e-05,1.7429553308715982e-05,0.06884287200273301,0.00868843933025687,0.049315790563652165,11.76232172505341,0,0,13.493847239420283,20,1,7.223095052676838,-0.31880862511771696,10,0,10,0.06092100011301227,0.1982730000236188,1.6740790001676942,0.21454327543447946,0.011798488187695171,2.7790073297552853,0.8787878787878788,0.8692185007974481,1.001068691947378,0,0,2958,-0.005114559433991996,0.008134244180416556,-0.0028218003993436547
627,31.400000000000002,-52.481174130967915,-118.98618363480838,-1.8095356690311588,-52.55320884517507,-118.99582523099572,-1.8088555473017431,0.0004476469600145532,0.0020372886535493747,6.34907636172413e-05,0.0002196945296517754,1.7037115139180755e-05,1.7368061275389866e-05,0.07267709699724047,0.0006801217294158945,0.049849128513585146,12.10792792049385,0,0,20.40176254441098,20,1,7.153965395006117,-0.5500233984390129,10,0,10,0.06206399984876043,0.20252200010872912,1.6583330002504226,0.21439200895678737,0.011789121983804505,2.7938622988488184,0.8773885350318471,0.8678343949044586,1.0011015975447364,0,0,3017,-0.004456889868154479,0.011432329961162502,0.003707705920944715
628,31.450000000000003,-52.56349253179097,-119.35263334389668,-1.8361755357313305,-52.65729287695087,-119.40915733821299,-1.8257729715832474,0.00047144926661310007,0.002153126699831166,6.693966434381491e-05,0.00027997688893187367,1.9456717674194214e-05,1.6778443785607703e-05,0.10951468707705896,0.010402564148082938,0.05123061551888935,21.745153226596454,0,0,6.794298548097615,20,0,8.473314166633829,-0.3651706452812264,10,0,10,0.06014599966874812,0.20466200021473924,1.566448000176024,0.21426601784479554,0.011787047049223402,2.8239915372077173,0.875993640699523,0.8664546899841018,0.9999593062318868,0,0,2906,-0.005056252763532852,0.011674864740895553,-0.00026803301811151314
629,31.5,-52.656109320760144,-119.72879948699742,-1.8665410316384685,-52.75953301936592,-119.78608685364928,-1.8577175530609265,0.0004885765805680921,0.0021599790524825776,6.570442483503397e-05,0.0003148393802240636,1.8336632938085544e-05,1.6509454590599316e-05,0.1182298769821016,0.008823478577542065,0.0514641198608377,24.412267413285925,0,0,12.818529807990412,20,1,7.369950441483692,-0.5902017846024201,10,0,10,0.06787699976484873,0.2002070000344247,1.8557819998932246,0.2141477090417758,0.011782933617834774,2.8582586417729208,0.8746031746031746,0.8650793650793651,0.999340284135624,0,0,2899,-0.004630586765331262,0.015163307436978433,0.002989409340550253
630,31.55,-52.76383736038231,-120.11352058259047,-1.8977993523010555,-52.875686600262135,-120.13398069796828,-1.8950316028904224,0.0005136092896022682,0.002200758969602616,6.602150259292684e-05,0.0003650725110510751,1.903066206802602e-05,1.5595209917037856e-05,0.11370518362400156,0.002767749410633069,0.05209959941501359,26.871486799902872,0,0,21.656044040226792,20,1,8.053170049219492,-0.3857629914463737,10,0,10,0.06151400020826259,0.20158799998171162,1.5920820001156244,0.21402582482669275,0.011774108757052466,2.896314470866629,0.873217115689382,0.8637083993660856,0.999483936317854,0,0,2956,-0.004884757901560288,0.01531796059856562,-0.0031195043059280003
631,31.6,-52.88393484444053,-120.50490380518879,-1.932387023800405,-53.02723815308633,-120.55684405907436,-1.939765044915994,0.0005503946506712353,0.002246840704106904,7.058439326585425e-05,0.0004301254946922257,1.8921695996451435e-05,1.4190231895684519e-05,0.1524258122580653,-0.00737802111558894,0.052888896327850696,39.282955255235024,0,0,17.340508516799026,20,1,8.40104029935983,-0.7589292421764531,10,0,10,0.06067399999665213,0.19858499990732525,1.6087129997686134,0.21394236664908975,0.011768450109083475,2.953888269576073,0.8718354430379747,0.8623417721518988,0.9992563443754522,0,0,2898,-0.002951474796126314,0.01905616653793299,0.002518216628931036
632,31.650000000000002,-53.019424215406794,-120.89806066091487,-1.9671623149985509,-53.16666602834736,-120.91091889041627,-1.9558706861365882,0.0005919448303263722,0.002262164823525975,6.985411579426225e-05,0.0004928639782276405,1.8767633124672526e-05,1.2328596438985245e-05,0.14780218382667693,0.011291628861962444,0.05342386782939201,46.89710383808518,0,0,18.678417051197467,20,1,8.371012388911572,-0.6004719588573243,10,0,10,0.0615690000813629,0.1998449997699936,1.6083430000435328,0.21385401257624184,0.011767712073958525,3.023308831295677,0.8704581358609794,0.8609794628751974,0.9991442766364889,0,0,2872,-0.0020222563840169286,0.019581365389976967,-0.0010322434839125094
633,31.700000000000003,-53.16579019747738,-121.28875454753154,-2.0044389802505536,-53.33773184206103,-121.3033393326881,-2.0071504557401276,0.0006444452848070751,0.0023014593232920538,7.472751245918257e-05,0.0005691350995939732,1.8401531613516258e-05,1.0539932223711211e-05,0.17255910610626915,-0.0027114754895740667,0.05427618822374254,56.44270893632599,0,0,26.250531897371133,20,1,8.885896419933767,-1.0031383432416845,10,0,10,0.06323799971141852,0.21085500020490144,1.7812700002650672,0.2137951591899941,0.011758920980101674,3.1075665601679643,0.8690851735015773,0.8596214511041009,0.9996808901951055,0,0,2840,0.0007456946848387724,0.02358374180295105,0.002737768608775948
634,31.75,-53.32569984530834,-121.67206848820561,-2.040921624023549,-53.48879021520074,-121.62286373745005,-2.041650071172551,0.0006695885076276036,0.002195046898744789,6.777352383220656e-05,0.0005831012697516762,1.4871337676298262e-05,9.314226358323223e-06,0.17035133180740095,-0.0007284471490023314,0.053522288874565074,61.55910020137283,0,0,27.652328086922374,20,1,6.949582301485748,-0.8246754154341261,10,0,10,0.0629729997854156,0.20159099994998542,2.088892999836389,0.2137336859925581,0.011749693899445099,3.1996162194454523,0.8677165354330708,0.8582677165354331,1.0003354808175857,0,0,2918,0.0006261336009415752,0.023519434836961593,-0.0033899959820864467
635,31.8,-53.49502306936398,-122.04649442622409,-2.0792094915414547,-53.67649194303296,-121.98380361522973,-2.0769915003566903,0.000721279831113064,0.0021618709391231787,7.154844055044466e-05,0.0006367566423524191,1.3698060993216308e-05,6.78072382502836e-06,0.19199242144891196,0.0022179911847644007,0.053694979003965006,77.28813659840661,0,0,26.126721579255037,20,1,7.994915498826057,-0.9960420129934243,10,0,10,0.06178400008138851,0.20368400009829202,1.74368299985872,0.213701237790654,0.011740782498515921,3.3161076036891015,0.8663522012578616,0.8569182389937107,1.0008576661386528,0,0,2942,0.0023370508019207245,0.02651543182591762,0.0034402118010943283
636,31.85,-53.67692972131982,-122.40919454002601,-2.1160603173351538,-53.87497255356729,-122.32431557557443,-2.1195623031432005,0.0007808690881478492,0.002135946917384018,7.17828427267467e-05,0.0006953011382123027,1.312175681186721e-05,4.001830686676253e-06,0.21546554715538654,-0.003501985808046726,0.054007555078265365,95.2314788171179,0,0,26.171172346136295,20,1,8.253603574492825,-0.855524143756263,10,0,10,0.0631949997114134,0.21341299998312024,1.8140840002160985,0.2137040189223224,0.011732383712279243,3.4604017500210147,0.8649921507064364,0.8555729984301413,1.001381858559723,0,0,2787,0.0014743719855629337,0.025126464846009933,-0.0028877952169930055
637,31.900000000000002,-53.869205056155565,-122.76148132427825,-2.15080724586769,-54.08703492050318,-122.6800165375236,-2.150243138087507,0.0008369281798193418,0.002079122003428367,7.047660909432816e-05,0.0007379293595409645,1.1251923482991196e-05,1.5709684761076175e-06,0.23256474643135555,0.0005641077801832317,0.05400046465770187,109.43971170722726,0,0,17.317601499045583,20,1,7.8893914496275865,-0.8386475368736452,10,0,10,0.06179199999678531,0.20476500003496767,1.640197000142507,0.2137348834906483,0.011723206721386758,3.6265135211138144,0.8636363636363636,0.85423197492163,1.0011514133495063,0,0,2897,0.0015396787180895714,0.02528012470065215,0.0018484994574232694
638,31.950000000000003,-54.07257335698902,-123.10210875673022,-2.184764547137018,-54.31450904284426,-123.03490811795717,-2.185672261166495,0.0008891550973764481,0.002013135541784009,6.66245180989244e-05,0.0007714986997857975,9.533486953090049e-06,1.5514220050844477e-06,0.25109520493579757,-0.0009077140294770913,0.053872911923901576,123.12397634526799,0,0,24.705973728069416,22,1,7.8963421562395055,-0.86151949247561,11,0,11,0.06003699991197209,0.4569130001073063,1.532630999918183,0.21379845082446447,0.011714085079180063,3.813520505189173,0.8622848200312989,0.8528951486697965,1.001358284983584,0,0,2871,0.0015247732515622989,0.023293488193765005,-0.0002208964927543633
639,32.0,-54.2849047170854,-123.43373511791377,-2.2193321117701372,-54.52744001357644,-123.33436911854058,-2.2055254488194445,0.0009341559294647606,0.0019461875263709722,6.684489050767701e-05,0.0007949876450465375,1.0353645357788931e-05,3.432714757393474e-06,0.26210107187004605,0.013806662950692772,0.053668831325413946,141.3529557374775,0,0,28.819002849668486,20,1,7.388628586637443,-0.7133409408562859,10,0,10,0.07228899994515814,0.2025569997385901,1.6516320001755957,0.21388243281306546,0.011717646232528682,4.028425872739623,0.8609375,0.8515625,1.002103355928499,0,0,2815,0.00046795298662275983,0.024298442236485432,-0.000822502281892401
640,32.050000000000004,-54.50881640188856,-123.755658662764,-2.2542849026549368,-54.751592591538135,-123.63662904814358,-2.24069394214283,0.0009854660265278847,0.0019048456712337253,7.136004594674385e-05,0.0008276832066412016,1.3321005303978062e-05,6.267448715750098e-06,0.2703855162863845,0.013590960512106953,0.05376161918842856,150.6676059233831,0,0,22.204185251362254,18,1,7.363174426319681,-0.7750151496175861,9,0,9,0.060770999880332965,0.19249399974796688,1.328624000052514,0.21398220131590437,0.011720801905558248,4.257192144269489,0.859594383775351,0.8502340093603744,1.00249500142997,0,0,2853,0.00032115907188132,0.022842251015203992,0.0009287552549177569
641,32.1,-54.74339669529389,-124.07063181728036,-2.290823739126933,-55.01232621033423,-123.9678764529632,-2.266629947416647,0.0010642950334617046,0.0018925440641170714,7.215760735095362e-05,0.0008861119858644439,1.5942650285106793e-05,5.35832608266704e-06,0.2878919049848147,0.024193791710286128,0.05437682500458055,173.27027146265138,0,0,24.67810098765912,18,1,8.213595987095172,-0.4353607682274331,9,0,9,0.05977499995424296,0.19251300000178162,1.3336930001059955,0.2141171649107137,0.01175053011547623,4.520452392428962,0.8582554517133957,0.8489096573208723,1.0031174855667868,0,0,2849,-0.0010593649827639658,0.02418351435050511,-6.9990866145897e-05
642,32.15,-54.99169403269134,-124.37748237746263,-2.3279154478412294,-55.25920232037401,-124.24636510027156,-2.3130603393816793,0.0011251795937332987,0.0018455709891164727,7.110364288301504e-05,0.0009172438063270111,1.5717039618785766e-05,4.782670824552408e-06,0.2979134511177888,0.01485510845955007,0.05450459230972902,180.97962265252207,0,0,25.290910544721648,18,1,7.7509375341043265,-0.49655274192528304,9,0,9,0.060928000038984464,0.18778699995891657,1.6792540000096778,0.2142729300642273,0.01175599494860603,4.79488345037623,0.8569206842923794,0.8475894245723172,1.0037952816886269,1,1,2824,-0.0010709167046225963,0.022983656461856884,-0.0007714932506579508
643,32.2,-55.25285200427627,-124.67813086854615,-2.3657967838187344,-55.529462480481506,-124.54516941443977,-2.353191265612052,0.0012002002019047685,0.001801575914808329,7.823774858690347e-05,0.0009529640584058985,1.8168118780358304e-05,7.154647728558677e-06,0.30690732122999226,0.012605518206682209,0.05478846700459046,187.48119533069723,0,0,19.769716601391558,16,1,7.553294390503911,-0.8350958874919745,8,0,8,0.06232499981706496,0.1836319997892133,1.7862980002973927,0.21444779384241278,0.011757361666987152,5.078557847705921,0.8555900621118012,0.8462732919254659,1.0041855375908126,1,1,2869,-0.001779134679725002,0.02421311442336602,0.0012444194517629015
644,32.25,-55.53003432561756,-124.9702421080594,-2.400023197516215,-55.80431578532032,-124.81888777502924,-2.3759506431189856,0.0012978200806575586,0.0017790936602653513,8.195118941406369e-05,0.0010060815639322466,2.561781666167326e-05,1.0245021391761209e-05,0.3132705751641572,0.02407255439722933,0.055469935468890806,203.93501895861638,0,0,10.668543489146222,14,1,7.895134077627552,-0.40820354678978205,7,0,7,0.0601750002715562,0.16939799979809322,1.1657790000754176,0.2146362269576279,0.011786418688270895,5.386862438575549,0.8542635658914729,0.8449612403100775,1.0037785683186486,2,2,2892,-0.0019062905421687367,0.02130565360166507,-0.0034810087387557864
645,32.300000000000004,-55.81950260050815,-125.2555375316121,-2.4320093601047206,-56.10719756986871,-125.10918415888764,-2.4133350941367495,0.0014188081049422905,0.00175731999582155,8.933762513082439e-05,0.0010674932210073664,2.9639085959004778e-05,1.1522017828026276e-05,0.3227812031441699,0.01867426596797106,0.0563571477344608,205.64443991019178,0,0,20.075893533430218,14,1,8.340769856601831,-0.7894563008851531,7,0,7,0.06154600032459712,0.17623999974603066,1.164854999842646,0.21484570604833142,0.011800188410487505,5.696858688531611,0.8529411764705882,0.8436532507739938,1.0045004035987264,2,2,2841,-0.0011152612356294198,0.021352858079152333,0.0012210393691969301
646,32.35,-56.119623116451386,-125.53133934538268,-2.4635683516543776,-56.41121183127541,-125.37872352266243,-2.4518377059024776,0.0015062843336629893,0.0016932196278969676,8.888749698497371e-05,0.001088663146017983,3.001634917977148e-05,1.2440713321728194e-05,0.32911330565217845,0.01173064575189997,0.05656415792319335,207.23343370287103,0,0,20.982006333863012,14,1,7.727915870526756,-0.8467361793150664,7,0,7,0.06098099993323558,0.17661199990470777,1.1638299997684953,0.21506916745553725,0.01180008124193452,6.008352622093187,0.8516228748068007,0.8423493044822257,1.0053282333048141,2,2,2837,-6.695988697831556e-05,0.020124788958912797,0.0006524879949827422
647,32.4,-56.427149105577975,-125.798698166905,-2.495815504029711,-56.68916600153156,-125.61102897154443,-2.464241997546945,0.0016109383112538561,0.0016538078583363382,9.613459868246169e-05,0.0011259673234689479,4.6608537025986775e-05,2.2206699428438558e-05,0.32229269407238526,0.031573506482766245,0.057137957345272626,221.3137205810548,0,0,9.589382602417732,10,1,7.434378212390331,-0.41083831828675377,5,0,5,0.06547099974341108,0.161741000283655,0.9662550000939518,0.21527578405454578,0.011856029799899382,6.340613992400226,0.8503086419753086,0.8410493827160493,1.0052506580990233,2,2,2882,0.00015514959553600792,0.02188864577080831,0.0003892546423740484
648,32.45,-56.74242499603155,-126.05434501073381,-2.5278820940831372,-56.991784152743456,-125.85417209302604,-2.4955580266458353,0.001721913242792789,0.0016081638779265389,0.00010133670457603117,0.0011600490026634092,5.845563121958235e-05,2.8531922097482857e-05,0.3197642663271109,0.032324067437301984,0.05770682040035933,221.0617213851979,0,0,13.742732000092264,10,1,7.628021318240392,-0.5131118824953446,5,0,5,0.06385300002875738,0.1607670001249062,1.297828999668127,0.215475762492195,0.011914645863679537,6.671463156333659,0.8489984591679507,0.8397534668721109,1.0058667224427797,2,2,2847,0.0007277511321131143,0.020930375678293242,-4.992829023464651e-05
649,32.5,-57.06332961663634,-126.29988332019384,-2.5602940961299465,-57.291982367581646,-126.07217545349606,-2.5236825025977634,0.0018168675765683855,0.001539071927908056,0.00010193254670526873,0.0011714710291488959,6.586954092200877e-05,3.2875619495045376e-05,0.3226963790793336,0.03661159353218313,0.05793047129513484,232.97432343732754,0,0,2.5763511173352804,10,0,7.415493834355142,-0.5127262662264225,5,0,5,0.061594999806402484,0.1554049999867857,1.0604530002638057,0.21568165962071423,0.011991770314671336,7.019621402919803,0.8476923076923077,0.8384615384615385,1.0046196697582643,2,2,2866,0.0006132991724725808,0.02246196417185596,-0.0010549759466504938
650,32.550000000000004,-57.39219517655861,-126.5323059340579,-2.5889739442251187,-57.62038841446022,-126.30327923810091,-2.5541076316882396,0.0019560967887930613,0.0014838361053212434,0.00011514438336691496,0.0012043316224052698,8.763506790053689e-05,4.4370415119559384e-05,0.323303852876822,0.03486631253687911,0.058650941118743395,232.93516086145092,0,0,9.000481826011171,8,1,7.618301462798272,-0.5960968796422453,4,0,4,0.06372400002874201,0.14686499980598455,1.2635080001928145,0.2158881248443307,0.01206022525931388,7.366649881350726,0.8463901689708141,0.837173579109063,1.00482007002198,2,2,2819,0.00021065061889808008,0.019433869643465933,-0.0016586963140898803
651,32.6,-57.725284008140825,-126.7552600821104,-2.618717991491887,-57.95067559473271,-126.5280838501812,-2.577714577510237,0.002095577832826775,0.0014080437840170768,0.0001201619727326424,0.0012202638287144036,0.00010580999131113366,5.254914714756814e-05,0.3200162615554909,0.041003413981650194,0.05919139816598229,236.79696092217515,0,0,6.780948606006874,8,1,7.722092287846395,-0.5349218294132725,4,0,4,0.06549400040967157,0.15157799998632981,0.8666159997119394,0.2160862546546145,0.012157491608408757,7.71853686147469,0.8450920245398773,0.8358895705521472,1.004558937971696,2,2,2778,0.0008673989582257697,0.020878751245157208,0.001917269485665507
652,32.65,-58.06481647676503,-126.96598215087018,-2.6468335157520713,-58.2715269657323,-126.72792177710292,-2.6024451635420767,0.002232420470642942,0.0013147024253087338,0.00012184236161667447,0.001218969069784436,0.00012257933743088938,5.8709705302910026e-05,0.3152807761461073,0.0443883522099946,0.05955772742433744,240.35994253884266,0,0,9.400649184572648,8,1,7.903969406452848,-0.41980551030977975,4,0,4,0.07613900015712716,0.14895399999659276,1.306791999923007,0.21627294609429923,0.012271739871220004,8.074802413813693,0.8437978560490046,0.8346094946401225,1.0048417277065216,2,2,2760,-0.0001016060900960996,0.01862677697398344,-0.0006032242456885939
653,32.7,-58.40993076890587,-127.16748891470493,-2.6734137276438252,-58.61146635679041,-126.92305457490993,-2.6305333924917966,0.002351943994942934,0.001202884071123266,0.0001214271884001043,0.0011931068345781236,0.00013795246672844988,6.321292665050351e-05,0.31680394513797644,0.042880335152028604,0.05962237890311154,248.70940852162906,0,0,13.461074789592988,8,1,7.930131447278208,-0.30100652363014324,4,0,4,0.06291599993346608,0.14741199993295595,1.0521379999772762,0.2164623067853988,0.012376462913229832,8.442745236608518,0.8425076452599388,0.8333333333333334,1.0059639009200856,2,2,2876,-0.00014515039607697865,0.01878247449149554,0.0034082677225040214
654,32.75,-58.76102660734455,-127.35819741658877,-2.6994991242050426,-58.967676902988345,-127.12296794215905,-2.6624074838089538,0.0024545141619183755,0.0010701770473747685,0.00012769390383620245,0.0011379566810278477,0.00015376263128411233,6.829775892582758e-05,0.3131090071047924,0.03709164039608881,0.059369109891366435,242.14528198031923,0,0,4.541721150392858,8,1,7.918950177525373,-0.631585558212772,4,0,4,0.06471599999713362,0.14831599992248812,0.8869369999047194,0.21664272357688885,0.012451643221023814,8.79954300262945,0.8412213740458016,0.8320610687022901,1.0052395228091418,2,2,2756,-0.00011062970633770024,0.016958245270898946,-0.0016708631845236965
655,32.800000000000004,-59.11705361300929,-127.54095194840303,-2.726237527865547,-59.38301227254847,-127.35152690053201,-2.67347678898446,0.0025730094303127622,0.0009173059641371599,0.00013210609919528688,0.001057421325170387,0.00017897431907006267,7.06755400926382e-05,0.32652083753539846,0.05276073888108712,0.05907889127641041,256.93678282045653,0,0,9.747204759145438,8,1,8.797714027865867,-0.32509136824472906,4,0,4,0.06275800024013733,0.14466499987975112,1.031790000070032,0.21685259512781715,0.012611522929181222,9.177800990156625,0.8399390243902439,0.8307926829268293,1.005591273753175,2,2,2846,-0.0004671497181204234,0.018210347545784072,0.0007401601250482948
656,32.85,-59.480106277333746,-127.71266029711755,-2.7498147593121276,-59.75251732126639,-127.53625516896669,-2.6944295795845297,0.002560509192860322,0.0007318074450416057,0.0001342148030097706,0.0008947665126023687,0.0002081521948735419,7.31362813593471e-05,0.32454051533574946,0.05538517972759793,0.05737871241063124,255.88544950399435,0,0,11.311238669577296,8,1,8.346759541807257,-0.3263539434224546,4,0,4,0.06055699986973195,0.1499620002505253,1.058726999872306,0.2170571053334585,0.012785828168416264,9.553307304485145,0.8386605783866058,0.8295281582952816,1.006263948481254,3,3,2868,-0.0007760074833209722,0.015343294077663695,-0.0018610793150228844
657,32.9,-59.84723711700287,-127.87733325321042,-2.775097745436904,-60.11901134607503,-127.70574344247774,-2.7336448026604905,0.002423388724659462,0.0005407221714685675,0.00014345437382090958,0.0006693003894750577,0.0002354337402454429,7.005772356861266e-05,0.3214098547571989,0.041452942776413426,0.054443648813502846,235.80630985422292,0,0,11.587065834738635,8,1,7.9948504530514155,-0.6928735961012034,4,0,4,0.06999900006121607,0.1473239999540965,0.9017910001603013,0.21725372927567638,0.012877904520696294,9.897156852433074,0.837386018237082,0.8282674772036475,1.0069911183510911,3,3,2872,-6.260457958050768e-05,0.01709678679269054,0.0029785472547785297
658,32.95,-60.21964370586066,-128.03156284115207,-2.799443565174081,-60.53026715378117,-127.87187750674045,-2.7624194236887143,0.002112992239254009,0.0003630263952869185,0.0001484460467413105,0.0003764901245022441,0.0002593989973308695,5.000357229009284e-05,0.3492654183055831,0.0370241414853667,0.0497596084645059,246.88803371079223,0,0,12.659551128037734,8,1,8.575542338654765,-0.1881988759854834,4,0,4,0.0668349998704798,0.1522410002507968,0.8848299999044684,0.21751475512095025,0.012948701553725541,10.256778820351677,0.8361153262518968,0.8270106221547799,1.0079360325919018,3,3,2851,-0.000569440848996656,0.01544098118874805,-0.0034650267021465453
659,33.0,-60.596222970471516,-128.17786014176613,-2.822805346888474,-60.86988075505615,-127.99346286117209,-2.8002677447026363,0.0020002450365184735,0.0003039769743173833,0.00015848429472020535,0.0002291954883652652,0.00024370343367396822,1.2028314440192755e-05,0.32998627267546793,0.02253760218583789,0.048002312557166,241.45877893440615,0,0,8.330598384697945,6,1,7.928676341940559,-0.4725447922444839,3,0,3,0.06752099989171256,0.14892899980623042,0.7213960002445674,0.21772911864660718,0.012968594355764343,10.607084881130547,0.8348484848484848,0.8257575757575758,1.0085597982173515,3,3,2914,-0.00023142189479261142,0.016186558308323287,-0.0001475994567408101
660,33.050000000000004,-60.97637741257551,-128.31408140599868,-2.8461684601834123,-61.21892419464603,-128.11338514884696,-2.8162956443357925,0.002220266212649419,0.0003493477566524468,0.00016135378644188965,0.00025937715012282756,0.00018405367639601542,-3.9027398310469125e-05,0.31481411837380013,0.029872815847619805,0.05069135990779756,255.75633650915952,0,0,5.729130295256021,4,1,7.479705289385474,-0.21638809915528673,2,0,2,0.06044000019755913,0.12945999969815603,0.8808500001578068,0.21790866641298437,0.013010766822592307,10.977961207345416,0.8335854765506808,0.8245083207261724,1.0092532888484425,3,3,2865,0.0001568805855154537,0.014926716196895829,-0.0007437511194736679
661,33.1,-61.35881521740809,-128.442768068997,-2.8706828580175916,-61.58194678715644,-128.23409835214002,-2.837605244958395,0.00250114889061486,0.00042390688212062117,0.0001718289887104184,0.00031746962850997916,0.000137950819701162,-8.034955161486227e-05,0.3055008153042003,0.033077613059196764,0.05408378474862388,246.76202985149482,0,0,14.344230267362114,4,0,8.009104629546203,-0.42435968099250365,2,0,2,0.062184999933379004,0.13668000019606552,0.8581030001550971,0.21806751597185564,0.013064344810381058,11.334130495327514,0.8323262839879154,0.823262839879154,1.0134637533549655,3,3,2903,7.055739346921702e-05,0.016709443318334505,0.0012911678806566407
662,33.15,-61.7437981777983,-128.56089118108636,-2.895493399364988,-61.965240277175916,-128.35102733016805,-2.866029037659961,0.0027994970059334115,0.0005128702742314385,0.00018299263488365762,0.0003837509569880982,0.0001022139213910176,-0.00011189804610290421,0.30508923169956353,0.029464361705026754,0.0575531691583083,216.52231976536498,0,0,1.4842173342249978,4,1,8.202897078026162,-0.6221287622638605,2,0,2,0.06370599976435187,0.14684100005979417,0.5712189999940165,0.2182249027619192,0.013104544957581885,11.643614943698612,0.8310708898944194,0.8220211161387632,1.0124157771399593,3,3,2893,0.00030801460356643306,0.01578313795868899,-0.001175122634303527
663,33.2,-62.13062197226573,-128.6707908428917,-2.921301560856728,-62.39933576514064,-128.45774013244767,-2.906261238658775,0.0031320266949306577,0.0006147114386942058,0.00019234521604324277,0.0004547060472218683,7.54430869695843e-05,-0.00013761512135759024,0.34292522173489975,0.015040322197952705,0.06121060474807338,192.45564436653956,0,0,3.2114229934100753,4,1,8.685196883052605,-0.6235668972683155,2,0,2,0.06339899982776842,0.1300480003010307,0.7926680000309716,0.218466228796306,0.01310767523404428,11.915922216925782,0.8298192771084337,0.8207831325301205,1.0120744741614782,3,3,2926,8.114641212916916e-05,0.017534907370695085,0.0016064316088075792
664,33.25,-62.5206824383941,-128.76874562881412,-2.9440683923835973,-62.78165244589527,-128.55690856524532,-2.933655942633508,0.003379431037443955,0.0006977190276556626,0.00019570670684530974,0.0004977038016614171,5.2578458748966356e-05,-0.00014936825903578483,0.3361254026648548,0.010412449750089259,0.063852565062804,159.0681663166192,0,0,3.641941394132506,4,1,7.892333431578652,-0.908417007727141,2,0,2,0.06264100011321716,0.13723100028073532,0.5677049998666917,0.21869068938919353,0.013104038448694831,12.137203787000509,0.8285714285714286,0.8195488721804511,1.0119092885913508,3,3,2928,-0.0002343780575059357,0.014929850907929795,-0.001304115364664682
665,33.300000000000004,-62.91204712156166,-128.85918599426284,-2.9685817249533404,-63.15352829342505,-128.6336870805565,-2.9667002256229478,0.003605265112907408,0.0007763731053237095,0.00019462644944260124,0.0005313879625501422,3.56197119780072e-05,-0.00015673776156136443,0.33039811810488423,0.0018814993303926109,0.06619394396945326,140.67557503735762,0,0,6.183598564484733,4,1,7.838858017433452,-0.81688306973178,2,0,2,0.06205300041983719,0.13490699984686216,0.5861759996150795,0.21890115502618893,0.013094399851569313,12.330204344433477,0.8273273273273273,0.8183183183183184,1.0127761560467563,3,3,2954,0.00036713280474264063,0.016799544378487196,0.0030599936603059597
666,33.35,-63.30562622842594,-128.93847948118045,-2.992161086928793,-63.56781224682585,-128.6933091156388,-2.994181017192567,0.0038669783932710113,0.0008635030994796678,0.00018971294116954096,0.0005641118143606028,2.365044042127619e-05,-0.0001666153307514995,0.35895684473794137,-0.002019930263774228,0.0687784958599029,145.2173873792578,0,0,1.9122667908756452,4,1,8.487566852968984,-0.36136256658398946,2,0,2,0.0651359996481915,0.14768900018680142,0.5788510002275871,0.21917813178777015,0.013084814028622249,12.529435503406228,0.8260869565217391,0.8170914542728636,1.0119095280753985,3,3,2944,-0.00032696957607867205,0.015086418567984306,-0.0036383985879631098
667,33.4,-63.701320878304465,-129.00941725336963,-3.0147628024680775,-63.96691747810094,-128.7392412060777,-3.0218401881839108,0.004095902568317611,0.0009435847971498221,0.00018751912326329966,0.0005831585892958214,1.2743798885832873e-05,-0.00017104155254385575,0.37886231054795827,-0.007077385715833273,0.07098934684491352,147.6981376878043,0,0,6.639928988581922,4,1,8.33157900254541,-0.4291245307725227,2,0,2,0.06635899990214966,0.1353739999103709,0.6741090001014527,0.21950401802331088,0.013077883481391847,12.731783859969699,0.8248502994011976,0.8158682634730539,1.012958189433117,3,3,2915,-0.00018496296052291023,0.01577816162897408,-0.0013179876549918035
668,33.45,-64.09862834212322,-129.0700422769541,-3.0374007369981872,-64.36580142853515,-128.7753354244456,-3.0461878111620453,0.004306400317240285,0.00101954864076003,0.0001852266808424828,0.0005917814711750701,2.9005047691551826e-06,-0.00017344439812146795,0.3977858557293736,-0.008787074163858044,0.07297909946005304,151.8685163372036,0,0,4.148706081558948,4,1,8.335987473536672,-0.3692520345187382,2,0,2,0.0652859998808708,0.132768000185024,0.6442469998546585,0.2198784107919622,0.013072520783513229,12.939761038560482,0.8236173393124065,0.8146487294469357,1.0129973143619646,3,3,2921,3.338446585963019e-05,0.014429673349263858,-0.0006792958024446349
669,33.5,-64.49716187980133,-129.1231791311797,-3.061257866675335,-64.79172373835979,-128.80798068560838,-3.0717992256063127,0.0045137089409065115,0.0010940045570856953,0.00018700170168109073,0.000591469546908682,-6.698034023777098e-06,-0.00017463099706047227,0.4314125040005198,-0.01054135893097774,0.07488466797677751,157.93976330761797,0,0,0.41497841198596475,4,0,8.462590334582824,-0.44830299094211873,2,0,2,0.06652100000792416,0.13815000011163647,0.583135999931983,0.22034550766000324,0.013069108227304255,13.156178952394896,0.8223880597014925,0.8134328358208955,1.0115307777307299,3,3,2928,-0.00017506804109210065,0.016192955669787557,-0.0009765918692061781
670,33.550000000000004,-64.89769071753473,-129.1648736715666,-3.0823144161501554,-65.17423849749146,-128.83508388385897,-3.082681293014806,0.004667787138915601,0.0011582725507030133,0.00018222350861407823,0.0005806657599454063,-1.5556042137887836e-05,-0.00017304530796228304,0.43039514248564203,-0.00036687686465075586,0.0763286295541759,158.78304110562553,0,0,2.823511296770462,4,1,8.101071757926105,-0.33057104295645623,2,0,2,0.0654479999866453,0.14543899987984332,0.5503950001184421,0.22080726980805354,0.013059373745595574,13.373208553219383,0.8211624441132638,0.812220566318927,1.0110385829585269,3,3,2925,-0.0004013365043327009,0.013656174779042964,-0.0027064400168508307
671,33.6,-65.29877140476712,-129.19977563671802,-3.105457552339053,-65.53019833997455,-128.83920989898132,-3.1103999351695033,0.004764576018158706,0.0012107425500691327,0.000176882402222471,0.000563877152339205,-2.316312889709384e-05,-0.00016783785625889533,0.4284461197970011,-0.0049423828304502315,0.07730018478779878,159.09702440096746,0,0,3.4165324914570787,4,1,7.589853387792234,-0.3825449748452519,2,0,2,0.06500100016637589,0.12666099974012468,0.8196720000341884,0.22126106945683713,0.013051046012109905,13.590059469659485,0.8199404761904762,0.8110119047619048,1.0107863233763816,3,3,2886,0.00027569016147324166,0.015735288994818103,0.0030693563962844728
672,33.65,-65.70058122185667,-129.22406506161389,-3.1280584689300106,-65.94283734341036,-128.85511199250837,-3.127285924754206,0.004949533975713704,0.0012777492374742819,0.00018609635680876687,0.000541460325468642,-3.224510629626294e-05,-0.0001684929251765665,0.4413778377225318,0.0007725441758044127,0.07891313713943951,157.19913055416222,0,0,3.185553386013405,4,1,8.590528180990383,-0.5178357616783843,2,0,2,0.06520999977510655,0.1428400000804686,0.5332099999577622,0.22175028487800566,0.013041380236673974,13.803445905149086,0.8187221396731055,0.8098068350668648,1.0104421853717702,3,3,2810,-0.0003085582962457336,0.014304157292809969,-0.0015389820602225157
673,33.7,-66.10321240471586,-129.24031998377336,3.133254296216755,-66.31506148124993,-128.85289087278682,3.137922233643552,0.004907674326691372,0.0013020671449083846,0.00015589947762450972,0.0004997140566127969,-2.9447752751490465e-05,-0.0001393289970263533,0.4415669227514229,0.004667937426797053,0.078801912867644,159.17286947447815,0,0,1.7146245836215037,6,1,7.857988552087601,-0.3233331760017314,3,0,3,0.06461600014517899,0.14897599976393394,0.7262539998009743,0.22223753378478123,0.0130329423642328,14.019127542492305,0.8175074183976261,0.8086053412462908,1.0092808529656245,3,3,2897,-0.00010156360073728917,0.015208867439419666,0.0017874531654289427
674,33.75,-66.50551894889473,-129.2468319916548,3.11039238983897,-66.72080803769268,-128.85337552904952,3.1274390961715905,0.004907977856212649,0.0013324207868139599,0.00014612682109473724,0.00045761339595786117,-2.9698838005258013e-05,-0.0001235767161308279,0.44850571871639994,0.01704670633262051,0.07899619385151799,164.07686174037417,0,0,4.6306850051363115,6,1,8.264122375203533,-0.2362077084514546,3,0,3,0.06418500015570316,0.13978700008010492,0.6995399999141227,0.22274281737980964,0.013039802521339024,14.241435296859537,0.8162962962962963,0.8074074074074075,1.0089008529355825,3,3,2829,0.0005320093193234784,0.014463540355721439,0.0013790061192584524
675,33.800000000000004,-66.9071967736946,-129.24628051340537,3.0844928819218405,-67.12973230774098,-128.849308740464,3.1069515304572644,0.005048079839648368,0.0013954598075406088,0.00017341455594165544,0.0004249696339697966,-1.6342472205368127e-05,-0.0001346247381882167,0.45509191645810837,0.022458648535423897,0.08027166154496228,161.25698032979608,0,0,2.352151503253159,4,1,8.479797675997878,-0.6032540928883643,2,0,2,0.06302400015556486,0.1252540000677982,0.7101870000951749,0.22326518405885082,0.013058754035571628,14.458913913772163,0.8150887573964497,0.8062130177514792,1.0082285478603072,3,3,2864,2.287161963010812e-05,0.017177381496875355,0.0035917676318053537
676,33.85,-67.30896196099454,-129.23368442995317,3.060966250535971,-67.49065164629513,-128.83710316900573,3.0937202681111717,0.005103719346179755,0.0014502799190932042,0.00017548247463236355,0.00038930920424127744,-8.369312372717496e-06,-0.00014025113174014647,0.43621994255110985,0.03275401757520058,0.0809567740542628,157.81431812628713,0,0,4.941035334284896,4,1,7.762705840591789,-0.4017018708756391,2,0,2,0.06828799996583257,0.136095000016212,0.5607250000139175,0.2237292733502849,0.013109684997310196,14.670664880112659,0.8138847858197932,0.8050221565731167,1.0085906376301812,3,3,2970,-0.0003744525438403028,0.015078700660059072,-0.0017554358549780602
677,33.9,-67.71092838873918,-129.21234582346898,3.038711012254506,-67.84410851640891,-128.80154796832633,3.0534667354697786,0.005168019690450415,0.0015079209802825024,0.00018263974878434492,0.00034874892007221776,-4.2874538319932875e-06,-0.00014363137049326462,0.43184699164857604,0.014755723215272631,0.08170642980043197,140.18777425680616,0,0,5.859074308766161,4,1,7.897770938857888,-0.6293537960862348,2,0,2,0.06215600024006562,0.126806000025681,0.7291749998330488,0.2241785500909269,0.013112264943490225,14.855793360019288,0.8126843657817109,0.803834808259587,1.0093170356231134,3,3,2907,-0.00017965356759533217,0.015581461146980372,0.002059414101862167
678,33.95,-68.11268760518075,-129.17966057798265,3.0198382548735507,-68.18630375098589,-128.76307712088163,3.0363156999739402,0.005169093858543344,0.0015574283428898966,0.00017380643131659375,0.00030586078572989394,-3.658793318135108e-06,-0.0001434672920866777,0.42303795769816394,0.01647744510038951,0.08201537783509408,135.41969386508262,0,0,2.157070502818439,4,1,7.329421580010272,-0.27999277972827274,2,0,2,0.06391699980667909,0.13320100015334901,0.5399179999585613,0.22460092000122206,0.01311785580796214,15.033354332780794,0.8114874815905744,0.8026509572901326,1.0085697392639423,3,3,2925,-0.0003386805985276461,0.012550687683512063,-0.001715099936478115
679,34.0,-68.51369570741983,-129.140894234407,2.9989265813620305,-68.5701654579578,-128.72707939098657,3.020797148903636,0.005200672608694661,0.0016130096626458003,0.00017579781750128604,0.00025699875075344523,-4.914108736547616e-06,-0.00014376430977821166,0.4176500417345746,0.021870567541605546,0.08254503177866286,130.563756879828,0,0,2.587394313989288,4,1,7.688156560170522,-0.44387154119377475,2,0,2,0.0607970000601199,0.14063499975236482,0.7069250000313332,0.22500645678501663,0.013135010438125008,15.203251983585275,0.8102941176470588,0.8014705882352942,1.0079955786912969,3,3,2896,0.0003475250874364251,0.014435029519216235,0.0017912215933648667
680,34.050000000000004,-68.91343076006575,-129.09244499315585,2.9784045283179887,-68.9310362953152,-128.66554924385252,3.0023542580590403,0.005216574437955137,0.0016664512118783345,0.00016939642092178795,0.00021111697746053028,-6.5797570710817225e-06,-0.0001442210432098241,0.42725862851985613,0.023949729741051584,0.08296400213245184,134.1096919694354,0,0,3.40270079166211,4,1,7.620031079538532,-0.11918193450315917,2,0,2,0.05976100010229857,0.1264590000573662,0.7998619998943468,0.2254365181170687,0.013157409654126836,15.377857622331017,0.8091042584434655,0.8002936857562408,1.007746259545852,3,3,2847,-0.00022584530257131817,0.013008516982208928,-0.0031404803206531717
681,34.1,-69.31250136964516,-129.0367743667273,2.9586553246222884,-69.30367297624692,-128.60890414003498,2.979229111864454,0.005254619296591973,0.0017254110306983929,0.00017714064764951003,0.00015687381057118773,-9.77712929816289e-06,-0.00014308866937084433,0.42796129663758115,0.02057378724216541,0.08354657579632073,125.30262020938865,0,0,1.8826529527183324,4,1,7.855433650312221,-0.5384847417073525,2,0,2,0.06422700016628369,0.133225999888964,0.6532739998874604,0.22586645358653992,0.01317134150925969,15.539037626124356,0.8079178885630498,0.7991202346041055,1.0068964446386268,3,3,2979,-6.135183707432898e-05,0.013880992250195399,0.0005171474080825078
682,34.15,-69.70988469333467,-128.97193612203944,2.939011315789646,-69.66587036027244,-128.54618886077552,2.948204096374041,0.005273884846547509,0.001782975482228262,0.00018430778363364458,0.00010026940949254057,-1.3868556158828148e-05,-0.00013976253887465243,0.4280163454690062,0.009192780584394988,0.08400512084852786,112.20195639836095,0,0,2.295368101457961,4,1,7.6817432948188396,-0.7593787777033685,2,0,2,0.06346300006043748,0.13257599994176417,0.5427400001281057,0.22629446928313712,0.013166395229098652,15.680564593580048,0.8067349926793558,0.7979502196193266,1.0062123144344022,3,3,2988,0.00010958118420193634,0.012488469076010157,-0.0024254473621341255
683,34.2,-70.10607551886486,-128.9007389219487,2.9184948553838934,-70.06414156540836,-128.45453869874717,2.920043669831248,0.0053461437080570915,0.0018542143428708605,0.00018601076804139032,3.125248264007116e-05,-1.9631446142290384e-05,-0.00014265127706183874,0.4481663704893232,0.0015488144473545518,0.08485492355148257,114.99705021697231,0,0,7.083720785835189,4,1,8.427438774506632,-0.3908502708517559,2,0,2,0.06461099974330864,0.1271690002795367,0.7733249999546388,0.22677734558944582,0.013156900429729392,15.825764133965123,0.8055555555555556,0.7967836257309941,1.0074184940590465,3,3,2940,-3.7959683680560685e-05,0.014099222831200985,-0.0006907768716071239
684,34.25,-70.50058081786204,-128.81933689084372,2.9010202575752295,-70.43810744033492,-128.3627637609319,2.9074096632050823,0.005317236327812183,0.001906976203520666,0.00017177153855826616,-1.9949092723624645e-05,-2.3709575967857785e-05,-0.00013917433952494466,0.46082745779425927,0.006389405629852796,0.08499536770514525,120.08635059171233,0,0,5.704628375212266,4,1,7.422352441992846,-0.05931104774937346,2,0,2,0.06215800021891482,0.12924099974043202,0.6903599996803678,0.22729475267019356,0.013149559693113494,15.977969369669866,0.8043795620437956,0.7956204379562044,1.008077924924785,3,3,3096,-0.00025340728519620973,0.01141884711895965,-0.0036110178797890136
685,34.300000000000004,-70.89406156314043,-128.73158841988064,2.884846613959069,-70.87434681971723,-128.27231310068794,2.9082910037593006,0.005368008825169261,0.0019774015743981555,0.0001739854580022751,-8.775779277459138e-05,-2.8988896172809997e-05,-0.00014006427080815964,0.45969825965278327,0.02344438980023167,0.08570536972423266,126.27721157879728,0,0,3.2107728650682814,4,1,8.349438505684622,-0.15002361868304467,2,0,2,0.06859800032543717,0.13530199976230506,0.5492489999596728,0.22780615556152098,0.013170424709254685,16.13875543703011,0.8032069970845481,0.7944606413994169,1.0077549929929333,3,3,3084,-5.375331122418501e-05,0.011787821347190634,0.001848926397839179
686,34.35,-71.28572060492739,-128.63510929996218,2.8718503878394825,-71.32223265771518,-128.15968165355017,2.8932359615027687,0.005450651036477406,0.0020534704823114845,0.00017820896231067614,-0.00015733312350489008,-3.38516105495191e-05,-0.0001423385188758829,0.47682761766874016,0.021385573663286195,0.08662633271003045,127.65176533313696,0,0,4.230915520179938,4,1,8.775975733227444,-0.12721695400399524,2,0,2,0.0657660002616467,0.13343199998416821,0.5517800000234274,0.2283660609744053,0.013186102828329247,16.3010742287275,0.8020378457059679,0.7933042212518195,1.0078334449349302,3,3,3095,-0.0001749021043453672,0.008759787715552624,-0.0025073389883720765
687,34.4,-71.67620456697853,-128.5350059320437,2.8568413445680143,-71.6838869136891,-128.05821070105156,2.8655196078365073,0.005424100141686098,0.0021076928598386807,0.0001773989033269946,-0.00020694556820007195,-3.710509499910387e-05,-0.0001349868201451849,0.47685711774894163,0.00867826326849297,0.08678590324197115,117.45113347738844,0,0,0.8793025339741661,4,1,7.590587176844518,-0.46493363751773914,2,0,2,0.06637899969064165,0.13714500028072507,0.5343470002117101,0.2289230646086685,0.013180669575279545,16.44809466368195,0.8008720930232558,0.7921511627906976,1.0065983229734234,3,3,3145,0.0002775819740193138,0.010598137607869746,0.003389785533024714
688,34.45,-72.06454487867207,-128.42777262670884,2.8423220566210112,-72.05811063394096,-127.96257015656147,2.8634722838342563,0.00543803862914144,0.002173197735774076,0.00017769173351623308,-0.0002687910508407524,-4.223280082763133e-05,-0.00013236873420040208,0.4652469642420884,0.02115022721324511,0.0872424000410094,115.23978469423984,0,0,6.481392337120193,4,1,8.122309424968162,-0.28407622965125146,2,0,2,0.06392900013452163,0.1317279998147569,0.5515929997272906,0.22944251285690212,0.013195724712419712,16.591478829183487,0.7997097242380261,0.7910014513788098,1.0075588077329016,2,2,3164,-0.00010644099437452908,0.009101089222067503,-0.00042731196004552885
689,34.5,-72.45166781795743,-128.31594013655254,2.8282339344544916,-72.45674935457835,-127.84568636119468,2.858803693987353,0.005469479206734695,0.002239574158656409,0.00017478510794896574,-0.0003286949743028389,-4.66720429380816e-05,-0.0001322296286970452,0.4702812299600649,0.03056975953286134,0.08780121505646207,120.52449844271467,0,0,0.7755045206408162,4,1,8.38429972421724,-0.03761271092565327,2,0,2,0.06203200018717325,0.12868399971921463,0.7378669997706311,0.22997412770598424,0.01323741497053757,16.74210639384078,0.7985507246376812,0.7898550724637681,1.0062874285491943,2,2,3184,-6.648958091326918e-06,0.010108883239099021,0.0008792493568607895
690,34.550000000000004,-72.83668150985658,-128.19660279579435,2.816856111329346,-72.83229201084401,-127.73450653811219,2.8374258303927746,0.005464227080843211,0.0022974974906007214,0.0001792979035811171,-0.00038084037281337486,-5.0154534424874574e-05,-0.00012649384045098353,0.46211710535906464,0.020569719063428415,0.08810065023281004,107.08691297652786,0,0,0.29381042604635177,4,0,7.929191259123226,-0.491668060181216,2,0,2,0.06267699973250274,0.1360190003651951,0.5327090002538171,0.23047908580594056,0.01325095798971758,16.872851410602987,0.7973950795947902,0.788712011577424,1.0048321480155944,2,2,3287,-0.0001226044009112093,0.007449386199741863,0.0009694839310432357
691,34.6,-73.22066582996587,-128.0735976924004,2.806149937431119,-73.24784953221376,-127.60337334611002,2.8316469151981263,0.005519442454769865,0.002370559921028032,0.0001808351618247568,-0.00044875804460446384,-5.589797407494444e-05,-0.0001272814993914443,0.4710094367548457,0.025496977767007323,0.08882568533818298,109.41611483969514,0,0,4.642707147877501,4,1,8.720090830622118,-0.14933018036106446,2,0,2,0.0659139996059821,0.13844900013282313,0.5389230000218959,0.23100744021350758,0.01327680657498865,17.006584450240403,0.796242774566474,0.7875722543352601,1.005074896674401,2,2,3223,-2.183881096489825e-06,0.00809553735001395,0.0011545558557437552
692,34.65,-73.60269597851436,-127.94441295332875,2.7979471349575658,-73.6349102063039,-127.48914854171487,2.8257357660597133,0.005524488529689277,0.0024313581315593634,0.00018186282686624857,-0.0005028192687078892,-6.003008067485778e-05,-0.0001228221659892925,0.45640271795226045,0.027788631102147576,0.08919555292305015,101.32586590472289,0,0,2.2349570493737154,4,1,8.185887478449638,-0.374216122082557,2,0,2,0.06712899994454347,0.13595799964605249,0.6856310001239763,0.23149085217272442,0.013309152004011506,17.128257295052066,0.7950937950937951,0.7864357864357865,1.0043807510533576,2,2,3277,-8.76619080565715e-05,0.005428776217197485,-0.002039348417766984
693,34.7,-73.98394619898,-127.81384362622374,2.786972248105349,-73.96062505985753,-127.37364191862491,2.8065417513146445,0.005495336788864072,0.0024812462096601173,0.00018064612447168162,-0.0005457788332651475,-6.301509902171436e-05,-0.00011613260041744168,0.44081903192001126,0.01956950320929529,0.08931171814786787,91.0085964485295,0,0,6.533917120607789,4,1,7.760523759054666,-0.4606301650659592,2,0,2,0.06601299992325949,0.14275700004873215,0.5731370001740288,0.23192843837002758,0.013320289593681247,17.23471311515794,0.7939481268011528,0.7853025936599424,1.0053576121233865,2,2,3379,0.0002783397430801771,0.007727262166035797,0.002993984681654016
694,34.75,-74.36313509749517,-127.67823358854022,2.775485235375511,-74.36786200342314,-127.2212423837486,2.7819418687634396,0.0055113869956278545,0.0025429419192402178,0.0001819918409783707,-0.0006025591911301896,-6.801294983656148e-05,-0.00011391562390595492,0.457015650603509,0.00645663338792879,0.08974591308170012,88.84457789918629,0,0,2.6698669612845114,4,1,8.323087745332362,-0.32447011017341726,2,0,2,0.06226899995454005,0.1264729999093106,0.6617999997615698,0.23240896374780942,0.013312956194215332,17.33774889182561,0.7928057553956834,0.7841726618705036,1.0048337503066387,1,1,3315,-7.327962086455973e-05,0.006808004938721827,-0.001401698217585512
695,34.800000000000004,-74.74130837489511,-127.53957531754318,2.763767060263053,-74.75885213224461,-127.06922942341322,2.7645178015026186,0.005527776230311695,0.0026080771003811915,0.00018239925440210488,-0.0006631398168755994,-7.393890784482957e-05,-0.00011147227961612297,0.4706729687870895,0.0007507412395657553,0.090198965241808,89.72567752848467,0,0,1.0326011376924176,4,1,8.399421595374635,-0.2827869489653824,2,0,2,0.06283699985942803,0.13949999993201345,0.7025109998721746,0.23292620036610795,0.013303419286488462,17.441754536418507,0.7916666666666666,0.7830459770114943,1.003677893548305,1,1,3294,-1.5154334546674947e-05,0.008270335994311113,0.0016516622908393508
696,34.85,-75.11732625944987,-127.39471579482635,2.754282212040735,-75.10241890718179,-126.94445739053842,2.761021515030744,0.005484417540808941,0.0026570205517232486,0.00017756717230551749,-0.0007057195047272145,-7.793657703885326e-05,-0.00010457198276160116,0.4505051162679103,0.006739302990008689,0.09022991794594623,84.01609860446658,0,0,4.340574266398818,4,1,7.687945552601674,-0.32540459344481376,2,0,2,0.06174100008138339,0.13553399958254886,0.5355270000109158,0.2333837142274191,0.013296323136829913,17.537270094622308,0.7905308464849354,0.7819225251076041,1.003803806489652,1,1,3345,-0.00013765538538654406,0.00598151759478067,-0.0026950588734768743
697,34.9,-75.49249108535764,-127.24715104867627,2.7451100189303936,-75.46657122029788,-126.8035190563381,2.7504974158441584,0.005459781780800729,0.00270695034722804,0.00017638413223074314,-0.000750758450469644,-8.188726512784669e-05,-9.968215369736947e-05,0.4443885507420836,0.005387396913764775,0.0903699735975881,80.54811560741521,0,0,3.215307122399222,4,1,7.854594203798694,-0.31179152750220185,2,0,2,0.06599099970117095,0.13517000024876324,0.539608000053704,0.23382225744169466,0.013288359820500611,17.62754351226241,0.7893982808022922,0.7808022922636103,1.0034951999682171,1,1,3227,-4.5025013860963345e-05,0.006913824880579619,0.001285450011139666
698,34.95,-75.86569235864943,-127.09523831898859,2.7349553856939215,-75.87625930492914,-126.63863823118227,2.7479182692530912,0.00549105313649238,0.0027696201677707244,0.00017612966620908553,-0.0008110077713315082,-8.766601135235345e-05,-9.984422535758478e-05,0.4567223451271235,0.012962883559169747,0.09088824623824086,84.24898518093107,0,0,2.0715359849446076,4,1,8.553573509350619,-0.04949012867659977,2,0,2,0.06644299992331071,0.14723399999638787,0.5279249999148306,0.23429266285947653,0.01328789988369742,17.722853156995843,0.7882689556509299,0.7796852646638054,1.0027469546620043,1,1,3181,0.000160547525799849,0.00603902694974939,0.00198013706749256
699,35.0,-76.23794623221083,-126.94146881561682,2.722217219883963,-76.233669535577,-126.47829788536572,2.7346990280292154,0.00548810607280287,0.002820066892159426,0.0001746471997039273,-0.0008572213138416103,-9.174489601086801e-05,-9.636344101030707e-05,0.4631906743056936,0.012481808145252238,0.0911491797273146,86.04711911593925,0,0,1.363215259972748,4,1,8.149169480306194,-0.14526700218709904,2,0,2,0.06084699998609722,0.14023199992152513,0.7193700002972037,0.23477888946758582,0.013286783206021573,17.820459251222903,0.7871428571428571,0.7785714285714286,1.0017285806009752,1,1,3183,5.482755168915478e-06,0.008569262497648052,-0.0004134146414687123
700,35.050000000000004,-76.60774535077309,-126.78151400341554,2.71125218672778,-76.64344601910737,-126.30406643236518,2.713972231124412,0.005551205508481349,0.0028938219742899274,0.000189998503191198,-0.0009314049341675077,-9.910922170674979e-05,-9.404780842707432e-05,0.478780451586534,0.002720044396632204,0.09189683064595469,83.85634864338734,0,0,1.3254861178562685,4,1,8.902268763513682,-0.5578720531065713,2,0,2,0.06260899999688263,0.13363499965635128,0.5379060003178893,0.2353072461954259,0.013277700257631751,17.91466166119746,0.7860199714693296,0.7774607703281027,1.0006988462674316,1,1,3154,-0.00015261328400929678,0.006693606849691848,-0.001288993937280658
701,35.1,-76.97642873000653,-126.61845559405654,2.7005590623188933,-77.0701769267882,-126.13058707129748,2.713500702981923,0.005568065194804845,0.0029537075458005418,0.00018533826384156254,-0.000987716542584224,-0.00010558453569259373,-9.124882751817961e-05,0.49679414237581465,0.01294164066302983,0.09231344831932878,86.46849355624663,0,0,7.100412161867501,4,1,8.511512831407614,-0.18650331597695657,2,0,2,0.06186600012370036,0.131448000047385,0.5378340001698234,0.2358859881977106,0.01327722759003375,18.012316692386992,0.7849002849002849,0.7763532763532763,1.0018865827616026,1,1,3096,-3.633373714237269e-05,0.007771138036009197,0.0014089870200892918
702,35.15,-77.34268708811099,-126.44959399607455,2.6922119165142586,-77.44640755968058,-125.94415323522657,2.703227999876887,0.005542824681146394,0.002993033202305574,0.00017679858392214136,-0.0010222868107299787,-0.00010884069191751075,-8.597192178542054e-05,0.5159731571983294,0.011016083362628493,0.0923897065881907,90.65864006211378,0,0,4.014340481612857,4,1,7.971186346543595,0.0933335874272066,2,0,2,0.0629759997536894,0.12746099992000381,0.7381580003311683,0.236520089870593,0.013274284724719022,18.115654278972663,0.7837837837837838,0.7752489331436699,1.001889183891222,1,1,3089,-0.00011637541774212924,0.005326061488572256,-0.002474519201984826
703,35.2,-77.70805412977336,-126.27850757556972,2.6841292226058684,-77.83968375188934,-125.76089578020276,2.6903847757180728,0.005576379370799193,0.003052021199938473,0.00018189785199063308,-0.001080979554351084,-0.00011507880743461552,-8.313466440147972e-05,0.5340864425553262,0.006255553112204382,0.09288918435823229,91.00437908587277,0,0,3.9054491338127306,4,1,8.655634275915762,-0.25280052227102495,2,0,2,0.0643509997644287,0.14109199992162758,1.1641460000646475,0.2372076568735749,0.013266948653934275,18.21918939943701,0.7826704545454546,0.7741477272727273,1.0018501519333658,1,1,3060,-6.830753354161376e-06,0.006248271884714534,0.0011917888186605552
704,35.25,-78.07130306444164,-126.10365991786489,2.674862220960719,-78.19249810074393,-125.59122197766892,2.682509393113717,0.005588922752338534,0.0031048943060880472,0.0001837998131262676,-0.0011325509483165342,-0.0001210143580813214,-7.842223078085981e-05,0.526574666478173,0.0076471721529980385,0.09324064059425258,88.25803170749707,0,0,3.370358596140261,4,1,8.436127511068928,-0.3120397130865917,2,0,2,0.06475999998656334,0.1372669999000209,0.5618049999611685,0.23786754018493567,0.01326066414468967,18.31853527505128,0.7815602836879433,0.7730496453900709,1.0016070061274143,1,1,3024,0.0002480108676941599,0.005436287131072348,0.0002052060798987121
705,35.300000000000004,-78.43354715756598,-125.92755205685798,2.6625972988764683,-78.53651712460902,-125.42032010969226,2.675067212135997,0.005542105295867806,0.0031343324714366997,0.0001755818571662413,-0.0011586902901831665,-0.00012402159630355795,-7.114549655421236e-05,0.5175780736646144,0.012469913259528731,0.09314739807050172,87.61557602577176,0,0,1.3064416607818516,4,1,7.677858251483445,-0.17297521859340378,2,0,2,0.06405899966921424,0.1349240001218277,0.5601560001196049,0.23849584292482034,0.013259577451259072,18.41668972370669,0.7804532577903682,0.7719546742209632,1.00057804790953,1,1,3017,4.821893890882096e-05,0.008196117904672182,0.0034586833697174413
706,35.35,-78.7929996948756,-125.74573018811611,2.651887929184933,-78.87705041029088,-125.24770223985017,2.67244572246007,0.005664092150124783,0.003222506229729617,0.0001997812429498904,-0.0011975975853369923,-0.0001280340865299609,-0.0001064296087031843,0.5050706485391957,0.020557793275137293,0.0942687561170423,87.41181904640509,0,0,0.6190141642017388,2,1,7.870725843176133,-0.0686202366303968,1,0,1,0.06391799979610369,0.12417500010997173,0.5864630002179183,0.23908289214664885,0.013272734607451934,18.51427830832154,0.7793493635077794,0.7708628005657708,0.9995261895140831,1,1,3011,-0.00010954423959056618,0.006464742178738421,-0.0023998898886885556
707,35.4,-79.15115306690832,-125.56107790937911,2.6413239680889156,-79.19936517670305,-125.07278975779856,2.658054337481582,0.005773985206332096,0.003321346130143642,0.00021860532110182167,-0.001230890151896917,-0.00013250941673006376,-0.00013743944298299024,0.49066253831407136,0.01673036939266659,0.09536944655640893,83.44221371291731,0,0,2.6467199551354317,2,1,7.818397142060859,-0.19080094820246463,1,0,1,0.06065400020816014,0.12300999969738768,0.369325000065146,0.23962457292951383,0.013278253238557957,18.605984431774356,0.7782485875706214,0.769774011299435,1.0000183381281464,1,1,2907,-2.811414818975396e-05,0.007640603934659005,2.255099275849659e-05
708,35.45,-79.50656455675934,-125.37088180440249,2.6330290202416453,-79.51857916934227,-124.90440375369434,2.667684727963607,0.0058921422707239,0.0034357260043059276,0.00023186110681910506,-0.0012659463076644703,-0.00013829651455714013,-0.00016550093300122712,0.4666327492879072,0.034655707721961804,0.09658088980243364,86.37089119475903,0,0,6.77090751747272,2,1,8.04679237593752,0.14791866177498592,1,0,1,0.06094499985920265,0.12149199983468861,0.3910230002475146,0.24009595160119976,0.013332565119360021,18.701562579535974,0.7771509167842031,0.768688293370945,1.0036381187360497,1,1,2887,-0.00012593157479349765,0.0052606201238287265,-0.0029097590888969016
709,35.5,-79.86110180166855,-125.17954993869843,2.621729760368657,-79.88574737405608,-124.733779628762,2.669970996756753,0.005996821225836098,0.0035511805621308203,0.00024098864434026135,-0.0012936234729755826,-0.00014299774190592966,-0.0001873772932582462,0.4464510874207099,0.04824123638809574,0.09771387715144107,85.99391043688172,0,0,2.7444500935139082,2,1,7.969933132304241,-0.2158208428796485,1,0,1,0.06478299974332913,0.13041400006841286,0.3847550001410127,0.24051113221267048,0.013445620124898978,18.79634053426463,0.776056338028169,0.7676056338028169,1.0041965837785056,1,1,2895,0.0002785483834430039,0.007790326922732399,0.003078238753720708
710,35.550000000000004,-80.21281577803515,-124.98357024288033,2.6095857457978964,-80.22898492545488,-124.54907311063108,2.6621494016976692,0.0060948618259939824,0.003666309292935007,0.00024254629297313436,-0.0013152488000105038,-0.00014682173182509206,-0.00020516006142214755,0.4347978832297851,0.052563655899772854,0.0987986392564644,85.45505704201297,0,0,0.7200732104395542,2,1,7.996769769612622,-0.05654134189686816,1,0,1,0.06485500034614233,0.13225799966676277,0.5924289998802124,0.24089445532528686,0.013580000771960402,18.890094003333193,0.7749648382559775,0.7665260196905767,1.003222060361624,1,1,2954,-0.00010778403904823566,0.007074059762009622,-0.0019929419792177328
711,35.6,-80.56302132704279,-124.78456917041605,2.597142125604501,-80.56810992565157,-124.3566307808008,2.6420344152938178,0.006176728719680598,0.0037800032564346132,0.00024696401359043175,-0.0013338265579081882,-0.0001500189449495564,-0.00021612322041840462,0.4279686427091293,0.04489228968931691,0.09978342535769762,77.20586766773056,0,0,0.9829103888216354,2,1,7.882616036875503,-0.24298006881896272,1,0,1,0.06291199997576769,0.12157399987700046,0.5601749999186723,0.24125894554160768,0.013674352324323664,18.97199817982813,0.773876404494382,0.7654494382022472,1.0024489986305805,1,1,2917,-4.3779151736677777e-05,0.008655041476525576,0.002152475487795069
712,35.65,-80.91000953734219,-124.57953623839238,2.586959529176583,-80.9064690996327,-124.1496769158842,2.619152811650153,0.005831299248496443,0.0036872812005219473,0.00017648724685398261,-0.001200059394086933,-9.28188408109578e-05,-0.00014322781301492625,0.4298739022624719,0.03219328247357023,0.0975632125804516,70.40615058146624,0,0,2.734830757298987,6,1,8.257641183659059,-0.23551696035956654,3,0,3,0.06557699998666067,0.14939099992261617,0.6831620003140415,0.24162660934856184,0.0137178439713302,19.0441358409805,0.7727910238429172,0.7643758765778401,1.00162449806887,0,0,2958,-0.00016028026725272608,0.006386066314542523,-0.0020358365602497486
713,35.7,-81.2556000769973,-124.3717287102197,2.5771596289973093,-81.24647740348618,-123.92473065535063,2.5992846375024214,0.00554822233919453,0.0036258911239585244,0.00014989161091954507,-0.0010829476470871312,-6.682983867728148e-05,-0.00010677665457359934,0.4470911363790636,0.02212500850511212,0.09578159250687501,68.95718859158626,0,0,9.880512302602828,6,1,8.089158311066345,-0.044867298370043385,3,0,3,0.06378299985954072,0.13976700029161293,0.8771640000304615,0.24203637642550035,0.013733218249895129,19.114042077325884,0.7717086834733894,0.7633053221288515,1.002596075707974,0,0,2956,-5.966505152311171e-05,0.007318674950471788,0.0007585701593093575
714,35.75,-81.59840813090086,-124.15973893976133,2.566362108673692,-81.51216404797472,-123.74126866872878,2.5837176663407053,0.005301946869706522,0.0035786638177766478,0.00013741031704986819,-0.0009839501731661597,-5.2380074744094326e-05,-8.389364673612508e-05,0.4272650343496699,0.017355557667013244,0.09423699213940973,63.77097463400879,0,0,20.92567589654542,6,0,7.844211730989163,-0.0012166978270119755,3,0,3,0.06475700001828955,0.14525699998557684,1.341730000149255,0.24239430159585856,0.013738951405941589,19.176499325656913,0.7706293706293706,0.7622377622377622,1.0063329427361187,0,0,2992,0.00021221145353120382,0.006448025979072833,-0.0002413693507739012
715,35.800000000000004,-81.93978920434482,-123.94591288917937,2.5529014272599957,-81.82245141604568,-123.52966638173548,2.5552995332742814,0.005099927488620492,0.0035524589780744817,0.00013989855700908136,-0.0009119359896511915,-4.3177212532138844e-05,-6.630441527752292e-05,0.43246885612974195,0.0023981060142856947,0.09301820502834364,60.31586631125837,0,0,3.097770249943941,6,1,7.851544958608637,-0.41747532830750056,3,0,3,0.06450000000768341,0.147262000155024,0.6668319997515937,0.24276357122946313,0.013729646322700588,19.233956542117248,0.7695530726256983,0.7611731843575419,1.0055971500918564,0,0,2941,2.8952911630393194e-05,0.009017194521574057,0.003690951491309935
716,35.85,-82.27752559618646,-123.72619255509952,2.5412511627553354,-82.15749858532789,-123.3036600293015,2.5585999033259883,0.004970702811486477,0.003559435655616035,0.00014041749664704892,-0.0008827063031640151,-4.0561964405747434e-05,-5.804357834949716e-05,0.43924960864285206,0.017348740570652943,0.09235874873071047,65.98223076346719,0,0,1.504473319472906,6,1,8.61823218606538,0.07497993716574625,3,0,3,0.06422600017685909,0.15010199967946392,0.6963519999771961,0.24314820541526508,0.013735357945722823,19.29915636669375,0.7684797768479776,0.7601115760111576,1.0044654385523564,0,0,2902,-0.0001541657299152198,0.007148303199828855,-0.002491533997763362
717,35.9,-82.61346289361194,-123.50335581157448,2.5299473755084936,-82.48920582753634,-123.0729891093965,2.5429073450142425,0.0048554319363830045,0.0035648590756002336,0.00014183821185030282,-0.0008585177871801544,-3.8716781037702314e-05,-5.145896030143995e-05,0.4479456627909951,0.012959969505748958,0.09176214367582765,66.47271444308592,0,0,3.0849558996962596,6,1,8.504400271283489,-0.17989108397612527,3,0,3,0.06557999995493446,0.14667899995401967,0.6614559997615288,0.243553223610831,0.013734308459492655,19.364857701061982,0.7674094707520891,0.7590529247910863,1.003731447351853,0,0,2928,-2.023742218786994e-05,0.008185085715736536,0.0016204741443210935
718,35.95,-82.94585991875451,-123.275002549761,2.521072124859696,-82.7803012102639,-122.86928810437111,2.538992969129513,0.0047118303638088175,0.0035521483483603854,0.0001351250221168052,-0.0008171084171125333,-3.6868192213770704e-05,-4.492593425824154e-05,0.43819390360330657,0.017920844269816882,0.09090642833248484,66.10168946202559,0,0,9.502795435805155,6,1,7.816973194096293,-0.03988200216292373,3,0,3,0.06712100002914667,0.15123799994398723,0.6701840002278914,0.24393181152974733,0.013741016991370373,19.42986024871284,0.7663421418636995,0.7579972183588317,1.004598514305439,0,0,2859,-0.00011349651583942178,0.005703086180294635,-0.0020213259571204567
719,36.0,-83.27685306071417,-123.04440869814894,2.5125396230431907,-83.09327410165399,-122.65252280121864,2.5285425257338634,0.004609896146422806,0.0035578732203379085,0.0001397255903437941,-0.0008011260870413909,-3.6340538801911285e-05,-3.994115632820727e-05,0.43275372953042274,0.016002902690672727,0.09037571226142958,63.717300048356435,0,0,2.1939428910375463,6,1,8.152580336635143,-0.3155922961645229,3,0,3,0.061270000060176244,0.14972999997553416,1.279134000014892,0.24429529521041318,0.013744416637902618,19.491370581767896,0.7652777777777777,0.7569444444444444,1.003644870475888,0,0,2871,6.131702713703564e-07,0.006574074375701185,0.002349205255752551
720,36.050000000000004,-83.60498607144235,-122.81033325625755,2.5028393250886865,-83.40648533690874,-122.44455275712254,2.5346586608351274,0.004475723249081434,0.003539075272720179,0.00013145524614754505,-0.0007615691569096038,-3.501692239900679e-05,-3.4896656570974265e-05,0.4161705361481543,0.03181933574644091,0.08952540713005226,66.76966551373557,0,0,4.358081747487212,6,1,7.3796995313246105,-0.04510386035302205,3,0,3,0.06433499993363512,0.14615000009143841,0.8916199999475793,0.24461732582541262,0.013785907194480296,19.55694380636147,0.7642163661581137,0.7558945908460472,1.00323160980143,0,0,2808,0.000255012270646266,0.005751567569608072,-0.00048746505660268724
721,36.1,-83.93179165608511,-122.57501373625605,2.490117404561378,-83.74072966968373,-122.20459255235349,2.5108256930593136,0.004379796604725758,0.0035339525378480074,0.00013544611408757479,-0.0007435397259143374,-3.428448869572697e-05,-3.0870629572905406e-05,0.4167931574911212,0.020708288497935712,0.08895925551944421,61.18659109531984,0,0,7.807865483241656,6,1,7.661243075799983,-0.3599003909317632,3,0,3,0.06361099985952023,0.15255900007105083,0.6932579999556765,0.24493950906772508,0.013797896945997123,19.61460259762042,0.7631578947368421,0.7548476454293629,1.0036751801943946,0,0,2819,5.428702871359235e-05,0.008477248938407074,0.0004874686228339975
722,36.15,-84.25476906705475,-122.33437823558009,2.4789875217337185,-84.06926151466996,-121.96948679236826,2.5111829466492104,0.0043398392317650905,0.003561921757049844,0.00013786031061180815,-0.000764375676273531,-3.7529197992591234e-05,-3.1347063388998054e-05,0.4093394890808968,0.03219542491549188,0.08889184995720886,64.69086299131402,0,0,4.344445875398052,6,1,8.549453606422285,-0.04471108631348361,3,0,3,0.06363500006045797,0.13870800012227846,1.0684640001272783,0.24524301600236856,0.013840242434709096,19.676948739243784,0.7621023513139695,0.7538035961272476,1.003259725710549,0,0,2805,-0.00011702017357680117,0.006730806555572193,-0.0019068098517855958
723,36.2,-84.57589425120916,-122.09102618380739,2.4680563107233793,-84.42225695867148,-121.71520489750006,2.5013752085695575,0.004297521807312182,0.0035851950764609008,0.00014158233239916737,-0.0007812551321056158,-3.945705301052391e-05,-3.0114311864718247e-05,0.4060123851559257,0.03331889784617825,0.08878466581439096,63.694871360189545,0,0,8.99518419289161,6,1,8.425275265501215,-0.24001871895120824,3,0,3,0.06435800014514825,0.1399620000483992,0.827557999855344,0.24553768103804977,0.013886003404335377,19.737746974908074,0.761049723756906,0.7527624309392266,1.003995538232465,0,0,2779,-4.260448613071805e-05,0.00789246163688057,0.0021295003138757096
724,36.25,-84.89329922039965,-121.84251673967013,2.4594487077641336,-84.75059799334448,-121.4532947153023,2.4753551603430353,0.004271771480362702,0.0036208119280392234,0.000147848281931863,-0.000810997314949533,-4.2064872836902766e-05,-2.880818104950079e-05,0.4145569013489453,0.015906452578901664,0.0888402127890401,57.971100256078515,0,0,14.101807261835285,6,1,8.677919334413415,-0.39112464190431634,3,0,3,0.06425599985959707,0.14861399995425018,0.685434999923018,0.24585085037986698,0.01388899265423843,19.79048263460624,0.76,0.7517241379310344,1.0059900651540552,0,0,2726,-0.0001233443167096347,0.005477286822886522,-0.0012582243436281004
725,36.300000000000004,-85.20955924506275,-121.59292697792675,2.447853837010147,-85.07431412729804,-121.19169133683275,2.468081396556265,0.004181523082074994,0.0036177706616388515,0.00013750068373249248,-0.000796702844420055,-4.225651474644318e-05,-2.4937994034448638e-05,0.4234162037089597,0.0202275595461181,0.0883136101839,61.79461427356931,0,0,7.772357869164031,6,1,7.632437568917655,0.08942212077835854,3,0,3,0.0670069998705003,0.14734900014445884,0.759037000079843,0.24618352954769882,0.01389971158081032,19.84833956523842,0.7589531680440771,0.7506887052341598,1.0064181759721618,0,0,2736,0.000284143482052674,0.007986951913971026,0.003680552474754073
726,36.35,-85.52217557014785,-121.33915089721114,2.435413678926169,-85.36693245447834,-120.96452484312375,2.450299157771182,0.004101525710866,0.0036276878071612264,0.00014327759378641056,-0.0007940689637843996,-4.2220511327334944e-05,-1.917808568337848e-05,0.4055183169276833,0.014885478845013012,0.087915945755177,55.73008372372483,0,0,4.077175871388574,6,1,7.636392469174466,-0.6461519627823782,3,0,3,0.06339099991237163,0.15393000012409175,0.7073870001477189,0.2464734511024238,0.013901115529936406,19.897695471921345,0.7579092159559835,0.749656121045392,1.0059353268376359,0,0,2704,-0.00010262835988783222,0.007277765099360345,0.0003596219868038375
727,36.4,-85.83268963918643,-121.08257019351824,2.4227056068365282,-85.69118476929758,-120.69262187501718,2.4409330897770634,0.004078800372812828,0.0036740092274048894,0.00014508878267366815,-0.000832485756124766,-4.678275811987045e-05,-1.944235071841817e-05,0.4148292652454264,0.01822748294053511,0.08805004031922822,58.73702285030587,0,0,0.7426807432524029,6,0,8.643794618571956,-0.21779230757889115,3,0,3,0.06368200001816149,0.13869200029148487,1.0778979999486182,0.24678349546305187,0.013907981421086648,19.9510461963422,0.7568681318681318,0.7486263736263736,1.00463421296896,0,0,2685,-5.910192643721751e-05,0.008842625996570295,0.0031761216883969823
728,36.45,-86.13891016265983,-120.82049909101194,2.4122974406642808,-85.99591980172086,-120.4156898820627,2.4245161597024474,0.0040222037412167575,0.0036911486156767266,0.00013801381970167577,-0.0008418002798240943,-4.872246922974822e-05,-1.7770371421407164e-05,0.4293212538083458,0.012218719038166626,0.08782569303394926,61.06110093024382,0,0,6.135402265278324,6,1,8.05132685990086,0.01949358658768885,3,0,3,0.06416199994419003,0.14404000012291363,0.6526980000671756,0.24712625659623916,0.01390580474383977,20.00743858966717,0.7558299039780522,0.747599451303155,1.004660623618804,0,0,2704,-0.00017088849764797156,0.006539341149012191,-0.0033096106073671194
729,36.5,-86.44321020638634,-120.55583806569055,2.40230898867983,-86.30371096852919,-120.13852814713142,2.420842055607544,0.003969540254708291,0.003711844235201696,0.00013766755467457982,-0.0008545785540527309,-5.020305831738134e-05,-1.510017538405256e-05,0.44000864251802063,0.018533066927713726,0.08764350797355151,65.6904063916441,0,0,3.8674069976708845,6,1,8.047673952283183,0.1708548361163566,3,0,3,0.06439800017687958,0.14669299980596406,0.6873970000924601,0.2474933194317937,0.013913196122625341,20.070017997615086,0.7547945205479452,0.7465753424657534,1.004131075397225,0,0,2696,-4.494016592362319e-05,0.007439500443638739,0.0010492687553909086
730,36.550000000000004,-86.74361659784398,-120.28653575153531,2.3946563952874875,-86.612939943502,-119.86385013174669,2.4134053759293037,0.003915965069289653,0.003729915563056714,0.0001347176460089329,-0.0008657257521585245,-5.189933291319673e-05,-1.279425057480716e-05,0.44242459376271887,0.018748980641816182,0.08744072639420584,66.14212889089715,0,0,2.73017054926404,6,1,7.992852953113453,-0.035973158615265385,3,0,3,0.068166999881214,0.1517440000498027,0.696527999934915,0.247864719817618,0.01392095889134008,20.133044141107945,0.7537619699042407,0.7455540355677155,1.0033247572613664,0,0,2670,-0.00010934818267464624,0.004943732173609227,-0.002629478636592797
731,36.6,-87.0430253847122,-120.01655827831276,2.3839044150185105,-86.91207414973935,-119.5769114895324,2.3989665629661303,0.003880630680805472,0.0037584115107789943,0.00013542174316507838,-0.0008893809844334232,-5.425308973129096e-05,-1.1200938839226343e-05,0.4587346998274566,0.015062147947619842,0.08740161435342293,69.45244922395457,0,0,11.600072959899236,6,1,8.261791354759717,0.03960350081206154,3,0,3,0.06546399981743889,0.14630099985879497,0.701857999956701,0.24827499284062876,0.01392258169880016,20.200420377559922,0.7527322404371585,0.744535519125683,1.0046884240297755,0,0,2644,0.00032931851138975985,0.007481173968125941,0.0020875382184764035
732,36.65,-87.33867727105057,-119.74305290005023,2.372034173407809,-87.2052488314403,-119.31889704264655,2.3938009241482234,0.0038246317933065275,0.0037780049250219503,0.00013731788687741843,-0.0009001385091758548,-5.541435510051615e-05,-7.054173837394384e-06,0.444647433217239,0.02176675074041423,0.087193100176152,67.90854706442728,0,0,2.809521794910006,6,1,7.880199663770903,-0.2757354967348362,3,0,3,0.06198000028234674,0.1384929996675055,0.8963329996731773,0.24864856249971523,0.01393629108004934,20.265506498551556,0.7517053206002728,0.7435197817189632,1.003903014378905,0,0,2657,-7.159778829881995e-05,0.006893548254081637,-0.001972063331301399
733,36.7,-87.63218411795279,-119.46714475647781,2.3597229123205903,-87.52138097711953,-119.0397407705405,2.3941361123529914,0.003787821030608806,0.003809111879070863,0.0001402891789337924,-0.0009244873797080617,-5.778148465350154e-05,-4.411083370786842e-06,0.4415331281043459,0.034413200032401114,0.08716038612626535,71.48609849022046,0,0,11.40775776283753,6,1,8.17250672047979,-0.2745600427897965,3,0,3,0.06559199982802966,0.1530770000499615,0.7156070000746695,0.24901300645131363,0.013984600404677014,20.33528932142849,0.7506811989100818,0.7425068119891008,1.0052149879843055,0,0,2640,1.7899190844497363e-05,0.008544480038218026,7.241970344384896e-05
734,36.75,-87.92112144480105,-119.18628838610908,2.3495933127983655,-87.77494759705326,-118.7873654822998,2.368959665581847,0.003707269907124784,0.0037960565515656845,0.0001349269110692542,-0.0009092961538206841,-5.655304536600387e-05,6.828038862248817e-07,0.4248603028632129,0.01936635278348131,0.08662174356759664,62.68467272753931,0,0,3.2043188674018155,6,1,7.155954624783617,-0.30696652375140054,3,0,3,0.06414100016627344,0.15608200010319706,0.707454999883339,0.24933652006570525,0.0139933286924774,20.392907530144285,0.7496598639455783,0.7414965986394558,1.004527160475667,0,0,2707,-0.00012858175249181496,0.006333106348157898,-0.00276415298449173
735,36.800000000000004,-88.20803852330857,-118.90312232267895,2.3397998042057075,-88.03784756613169,-118.52316138261428,2.358884957465304,0.0036594286608278718,0.0038162902156645877,0.0001343476414959115,-0.0009242508797498411,-5.89920160659795e-05,2.924334627292602e-06,0.41633553521122557,0.019085153259596588,0.08646223959910164,61.893490679619426,0,0,1.8772458416484525,6,1,7.818067117326737,-0.14184707799059185,3,0,3,0.07228799995573354,0.14816199973211042,0.6932280002729385,0.24963922324863919,0.014001503232489568,20.449294192032163,0.748641304347826,0.7404891304347826,1.0035189201643926,0,0,2595,-2.2672940825357348e-05,0.007287018033315623,-0.0005416041050478881
736,36.85,-88.4913051227413,-118.61696823724577,2.3282067976644836,-88.29369421696977,-118.26349033399859,2.3430568488261505,0.0036348667435599346,0.0038645757834886297,0.00014443367417409135,-0.0009620143548684922,-6.262327360184386e-05,5.7975186656694875e-06,0.4049650579542228,0.014850051161666933,0.08659932174704699,58.99852017760882,0,0,11.370533773838165,6,1,8.264996586471709,-0.5119137770955077,3,0,3,0.06151999969006283,0.1468590003241843,0.6700110002384463,0.24991539043501623,0.014002689424649618,20.50159979038437,0.7476255088195387,0.7394843962008141,1.0048166931514986,0,0,2628,0.0005596408345164049,0.006893096136519214,0.0014032751422208278
737,36.9,-88.77273780880229,-118.33010690018608,2.311114896104465,-88.58980439214504,-117.95482187607935,2.315743786308315,0.0036218295289044385,0.003927526455409911,0.00014996843022061407,-0.001010544321102873,-6.781708969027487e-05,7.779609985228748e-06,0.4174966877098359,0.0046288902038496005,0.08688703001204696,59.684804168714194,0,0,5.337311933346736,6,1,8.578394315714991,-0.46574594052154006,3,0,3,0.0662229999761621,0.150126000335149,0.7080969999151421,0.2502184144427608,0.013994236663224349,20.554693563254734,0.7466124661246613,0.7384823848238482,1.0046491572441434,0,0,2620,0.0001285709010089356,0.010841505682291024,0.001941978971769398
738,36.95,-89.04859892870383,-118.03776832001003,2.2948019691632933,-88.87227649797161,-117.65461035733439,2.309563049150226,0.0035687884050604533,0.003953695813187516,0.0001411036914452341,-0.0010232483249890134,-7.057142741008814e-05,1.1156979888007618e-05,0.42178148838120294,0.014761079986932657,0.08673225592735363,62.775727995320025,0,0,2.071051312465241,6,1,7.884939713494273,-0.12947422167492265,3,0,3,0.06316700000752462,0.13972199985801126,0.8369890001631575,0.2505299653627735,0.01399530273048261,20.61182622148486,0.7456021650879567,0.7374830852503383,1.0036920107441434,0,0,2645,-0.0002573191727821807,0.009744150300800412,-0.001894794338003436
739,37.0,-89.32096172682249,-117.74149568546726,2.278848036337065,-89.13214651281596,-117.3569991149434,2.27529917160771,0.0035847979049354523,0.0040086794338537145,0.00016150334379506383,-0.0010481897650977115,-7.618699906879146e-05,-6.034328455610705e-06,0.42835592418563817,-0.0035488647293551168,0.08714056081291402,62.26028444364942,0,0,2.8687307215740097,4,1,7.477557896473439,-0.5759170770254509,2,0,2,0.06242200015549315,0.13678699997399235,0.5552849997911835,0.2508553436859737,0.013986451689845435,20.668107921785086,0.7445945945945946,0.7364864864864865,1.003276779830592,0,0,2673,-0.000169083252677997,0.011003987751824908,0.0013371540859266062
740,37.050000000000004,-89.58739879240946,-117.43913506571336,2.2657764427586287,-89.38551129959482,-117.07266668565076,2.277444484417515,0.0036139911711727153,0.0040995694398503705,0.00017001761461032195,-0.001087731945859659,-8.574976755348909e-05,-2.0787834852547678e-05,0.4183988926140758,0.011668041658886352,0.08782687863645779,62.48775692819625,0,0,6.360737776125026,4,1,8.062389515598664,-0.2618427885812354,2,0,2,0.06407400042007794,0.13440799966701888,0.5399399997259025,0.2511567736566711,0.013983581950232188,20.72454469507309,0.7435897435897436,0.7354925775978407,1.0041261396919532,0,0,2653,-0.0003110308385132097,0.008385475028877125,-0.0025951958554766286
741,37.1,-89.85080250789136,-117.13342564708508,2.253665451385384,-89.6229360649734,-116.80271844285302,2.2763687401288104,0.0036109494863519366,0.004145098217199438,0.00016623738260129316,-0.0010920258734789267,-8.968654191951822e-05,-2.8534148045753494e-05,0.4016097244079943,0.02270328874342642,0.08806842625794659,63.40498357227043,0,0,2.1119082297425615,4,1,7.336899458246821,-0.1753230255872191,2,0,2,0.06733700001859688,0.1455709998481325,0.5520980002984288,0.25142013506186245,0.013998989054830126,20.782065502185215,0.7425876010781671,0.7345013477088949,1.0034380629834905,0,0,2679,-0.00010745317520704806,0.008987503842598983,0.00023949410062673593
742,37.15,-90.10896133071495,-116.82286077702481,2.24436249706552,-89.86181021476033,-116.52364258104697,2.27712801265279,0.0036194629311740835,0.004200843287628624,0.00016350994336745324,-0.001104116314940525,-9.379978991020429e-05,-3.4762235222509965e-05,0.38809174549563713,0.032765515587270144,0.08843249526504783,66.02513830951884,0,0,3.5964863741343,4,1,7.617223098514901,-0.033182298212098324,2,0,2,0.06651800003965036,0.14470499991148245,0.5505740000444348,0.251653968251263,0.014041113270502326,20.842957928574627,0.7415881561238223,0.7335127860026918,1.0032875341675453,0,0,2623,-0.00015050139261074246,0.0061759660113539245,-0.002567496094852295
743,37.2,-90.36490479072496,-116.51028154082633,2.2356550255653964,-90.11974432439594,-116.20630134400355,2.2568601234783277,0.003636640021430482,0.004268555042531614,0.00016807889443689857,-0.0011236167464325347,-9.7283245924559e-05,-3.861434837854301e-05,0.39052223279997766,0.021205097912931237,0.08891116388824351,60.507284298456064,0,0,3.2643231941850535,4,1,7.8362789701709366,-0.23644118966636016,2,0,2,0.06290300007094629,0.1327670001955994,0.5704919999516278,0.25189200562568975,0.014053193517915697,20.896270195200813,0.7405913978494624,0.7325268817204301,1.0030177838280334,1,1,2685,2.4531310534492163e-05,0.006824833725518913,0.0012042891877044326
744,37.25,-90.61641639273411,-116.19420957502211,2.229306848474975,-90.38319477044783,-115.87854494741347,2.244420551288143,0.003652024680764352,0.004345557636702185,0.00017006786347198308,-0.0011443051239155436,-0.00010143898077158111,-4.062575756745874e-05,0.39247481731334793,0.01511370281316804,0.0894292028224927,57.744020526916415,0,0,3.0238891408729254,4,1,7.9845577652518696,-0.1655757372824498,2,0,2,0.06581700017704861,0.13630400007969,0.5479980000018259,0.2521332497948823,0.014054670654241585,20.94573026276016,0.7395973154362416,0.7315436241610739,1.0026623226789546,1,1,2677,4.577058811721952e-06,0.00422274166965422,-0.0009828962834030897
745,37.300000000000004,-90.86653255648456,-115.8772574822444,2.2230998189223268,-90.6375309318362,-115.58992820504753,2.24505858518289,0.0036492691366526078,0.00440880344530745,0.0001734728700770139,-0.0011516067191758856,-0.00010310465868017686,-3.881317009961862e-05,0.36742326767104416,0.021958766260563145,0.08976676769250444,53.47637144644721,0,0,6.890779724667979,4,1,7.683662715903567,-0.3982325725804563,2,0,2,0.06552300010298495,0.1359379998575605,0.5597259996648063,0.2523230559334181,0.014068238711883724,20.989337020379043,0.7386058981233244,0.7305630026809652,1.0036968522888512,1,1,2662,0.00012478885411619034,0.005115491678106869,0.0002603277252219982
746,37.35,-91.11291689207725,-115.55776530647051,2.218840492232909,-90.88518679031989,-115.27676809692701,2.2421060822229357,0.0036497348672623986,0.004464154178769878,0.00016746902684357256,-0.001158066046894213,-0.00010530530523617586,-3.8757406692237946e-05,0.36169107124402566,0.023265589990026925,0.09007712831808237,52.640090920926355,0,0,2.743226710481326,4,1,7.758456260113172,-0.00010561905074106537,2,0,2,0.06170000006022747,0.13101599961373722,0.536714000190841,0.2525011329768462,0.014084566337349894,21.03170750752837,0.7376171352074966,0.7295850066934404,1.0032407688244775,1,1,2662,6.59377555624536e-05,0.0027201248270079938,-0.001860286303337233
747,37.4,-91.35924042697266,-115.2390489704169,2.210699208780536,-91.11128292719145,-115.00333924920155,2.229644205910642,0.0036198929042219707,0.00448489039041426,0.00016717711013368778,-0.0011404006853711107,-0.00010260094162219862,-3.3726801870457894e-05,0.342114007858739,0.01894499713010589,0.09002656993708152,46.74366721272144,0,0,1.55301364174671,4,1,7.017106901139725,-0.4299143100016423,2,0,2,0.06536499995490885,0.13417799982562428,0.706992000232276,0.2526421560544593,0.014092183357521168,21.06608178520911,0.7366310160427807,0.7286096256684492,1.002359698110455,1,1,2696,0.0005491055873241566,0.0056387524116409005,0.0046544345618673155
748,37.45,-91.60228343230378,-114.91886582833894,2.1995755843814386,-91.37430615400147,-114.669213479951,2.221807722782489,0.0036286134118316284,0.004560942067478158,0.0001705862749431385,-0.0011591531692635995,-0.00010609566268497411,-3.297073580874399e-05,0.33808273318485216,0.022232138401050427,0.09049616278776568,46.1027224133109,0,0,4.45248761936713,4,1,8.02403229985807,-0.1973294159747851,2,0,2,0.06372500001816661,0.13387799981501303,0.5710820000786043,0.252775482785357,0.01410618289719067,21.099508541721928,0.7356475300400535,0.7276368491321762,1.0025181562030605,2,1,2688,3.400624071494933e-05,0.006006452108700798,-0.0020526214984970537
749,37.5,-91.84330072113339,-114.59723083889955,2.187235694312502,-91.6250665359888,-114.30904405344688,2.192428880636453,0.003651278620904504,0.004661976253282129,0.00017749073983688155,-0.0011922212123076856,-0.00011093125160477023,-3.220040738030605e-05,0.36149382135143965,0.00519318632395116,0.0911770523442529,45.06851267955415,0,0,5.473022830069069,4,1,8.451740307429624,-0.26633870722157604,2,0,2,0.06299700044110068,0.13430899980448885,0.5803809999633813,0.25295155230782995,0.014098051011162842,21.131467213905704,0.7346666666666667,0.7266666666666667,1.0030406384192236,2,1,2714,-2.158164434446679e-05,0.008229059655610264,0.0028443499742265566
750,37.550000000000004,-92.07922332482242,-114.27151365541616,2.1768546923833734,-91.8870108127451,-113.97831032240127,2.1948311917145595,0.0036454080428593174,0.004741715085342748,0.00017836064801460565,-0.0012032940086594236,-0.00011362942907983745,-2.7815533792784426e-05,0.3505907076494072,0.01797649933118617,0.09158123786126755,44.36157565427001,0,0,8.274913139006554,4,1,8.044956663198375,-0.31446475841740684,2,0,2,0.07112000002962304,0.13704699995287228,0.5906699998377007,0.2531066092903128,0.01410392454015463,21.16239944884627,0.7336884154460719,0.725699067909454,1.004560877572337,2,1,2762,-0.00022742758085659382,0.0062785122132319356,-0.002013394931638768
751,37.6,-92.3129047274804,-113.94363237552822,2.166832151936969,-92.10757337727964,-113.65669861521529,2.189389974013009,0.0036353904205769405,0.0047995319862877426,0.00017172961250305546,-0.0012067325890230116,-0.00011509933001054236,-2.483573979009987e-05,0.3528341624369578,0.02255782207604007,0.09184183364276154,47.23568859494924,0,0,2.2395551624120285,4,1,7.894254895341533,0.036387604648318195,2,0,2,0.06320100010270835,0.13372000012168428,0.5648540000038338,0.2532653023345155,0.014118528059769857,21.197071375902258,0.7327127659574468,0.7247340425531915,1.0039274415510133,2,1,2636,-0.00015772700492460573,0.007308365954733424,0.0007813088036741078
752,37.65,-92.54192649337602,-113.61188536466594,2.1592091196327265,-92.35468210585749,-113.30518378556275,2.190511758500538,0.003641511555312622,0.004881209931292519,0.00017359111440908218,-0.0012261116701788087,-0.00011769280453767225,-2.246727611599089e-05,0.3593415078745859,0.03130263886781126,0.09231858689670862,50.912648335884164,0,0,1.9507306766054153,4,1,8.299872710436954,0.12441140870388256,2,0,2,0.06463599993367097,0.14294500033429358,0.6227099997886398,0.2534356174242871,0.014155189326205289,21.236534293511795,0.7317397078353254,0.7237715803452855,1.0031930962133182,2,1,2716,-0.00022007753580527206,0.004835805525292312,-0.002227397831872313
753,37.7,-92.76943529370661,-113.27860150797046,2.151883429264191,-92.59675402914048,-112.94862411801837,2.1696338332013783,0.0035588938105033663,0.004815467612274472,0.00015333623623478332,-0.0011560885540015204,-9.66001104371056e-05,-1.1973773032033817e-05,0.3724297209028166,0.017750403937187187,0.09151153710203887,46.51945482486147,0,0,3.7926033343671133,6,1,8.155407713308174,-0.2539668167685032,3,0,3,0.06577700014531729,0.14638199991168221,0.7590289997096988,0.2536304091395208,0.014160562021473422,21.270066018354434,0.7307692307692307,0.7228116710875332,1.0026659761274013,2,1,2744,-0.00010331136575988118,0.005738590867098882,0.0017235754631732547
754,37.75,-92.99297112245502,-112.94232883367756,2.146689333032155,-92.82482349530959,-112.60137706719398,2.1502509992345438,0.003420107092923559,0.004653889386376764,0.00013031598806530645,-0.0010261921791445625,-6.980851942061517e-05,-5.022596775868299e-08,0.38016013939248733,0.0035616662023887358,0.0898554198660288,44.130056640029146,0,0,7.04414213254038,8,1,8.26664631418394,-0.23840925916823089,4,0,4,0.06609199999729753,0.14960899989091558,0.8466819999739528,0.2538397147692063,0.014151774704713418,21.300344151628178,0.7298013245033113,0.7218543046357616,1.0024927162556851,2,1,2665,-0.00011274842251922487,0.0033035832156789032,-0.0014191001301799844
755,37.800000000000004,-93.21569235237271,-112.60535773983764,2.1414588846512395,-93.0482287068384,-112.26183778636899,2.139761577282206,0.0033039705160874747,0.004542416960215812,0.00012426397346078377,-0.0009277447133241751,-5.568975068132912e-05,8.197733544278757e-06,0.3821649264476664,-0.0016973073690333962,0.08857983673671614,44.13494349781512,0,0,2.6620034032675393,8,1,8.33216561878365,-0.289384040749075,4,0,4,0.060587000007217284,0.14419399985854398,0.8115460000226449,0.2540522735823923,0.014142546691781714,21.33054864811784,0.7288359788359788,0.7208994708994709,1.0015440727842302,2,1,2744,2.9441806431716386e-05,0.004344947753515654,0.001562606557400592
756,37.85,-93.43501835522027,-112.26625716785449,2.1380328610669075,-93.24919327115607,-111.95633405473541,2.138851873270734,0.00318028271378261,0.004405836972221664,0.00011413638833171349,-0.00082011621209145,-4.5903339208795666e-05,1.4444617263921464e-05,0.36136311089109246,0.000819012203826297,0.08709833342839732,41.482084983570516,0,0,4.806003467724327,8,1,7.416810937119334,-0.11550749088337264,4,0,4,0.06664400007139193,0.14703799979542964,0.8070750000115368,0.25422391270670786,0.014133233772981682,21.357168907477753,0.7278731836195509,0.7199471598414795,1.0009771793764244,2,1,2687,1.8497234455959444e-05,0.002085458279170517,-0.0026622092933465957
757,37.9,-93.65405317663534,-111.92714797362741,2.134270347078843,-93.47722233852505,-111.59677846848878,2.1370833660261166,0.003091623267646608,0.004328615052169982,0.00011226598938655818,-0.0007566888647234006,-4.172994273498175e-05,1.7584678487130455e-05,0.3747174338516078,0.0028130189472737044,0.08614080519600795,43.99373228058635,0,0,5.082198405906715,8,1,7.997077774235876,-0.011227722019119493,4,0,4,0.0654569998914667,0.15724500008218456,0.8239329999923939,0.25442047055224243,0.014124277543112941,21.387032447547817,0.7269129287598944,0.7189973614775725,1.0004606505930373,2,1,2730,0.00010736105880979909,0.003286467897323631,0.0006818649988900027
758,37.95,-93.8709090355265,-111.58734354038683,2.1284309669146806,-93.7087385461768,-111.24046808834214,2.1285767559415234,0.0030234126331598033,0.004292358456824027,0.00011694695488191054,-0.0007214417071213822,-3.984538267250407e-05,2.040242517168147e-05,0.382912322662934,0.00014578902684281303,0.08553228098200018,44.794401987583456,0,0,8.46828646309648,8,1,8.326735489597937,-0.20924460844493903,4,0,4,0.06402100007107947,0.15651900002922048,0.7995639998625848,0.25463242238124095,0.014114970937666728,21.41787219661242,0.7259552042160737,0.7180500658761528,1.000542561957345,2,1,2735,0.00042993292534116204,0.0030093633794459696,-0.00021234257938074208
759,38.0,-94.08765341993558,-111.24828966683968,2.117906154286688,-93.91027775967656,-110.90611322533647,2.1271963035469517,0.002941483122623865,0.0042158360875573465,0.0001113754549512105,-0.0006654272907699135,-3.70423936012805e-05,2.3332271332982513e-05,0.38541774994429595,0.009290149260263725,0.08460094095328498,47.5713578483069,0,0,5.708952267028206,8,1,7.496370047163987,0.07241869839020243,4,0,4,0.0643589996798255,0.14738600020791637,0.8401730001423857,0.25484861030497313,0.014109706529399914,21.452284677733072,0.725,0.7171052631578947,1.0001384443114594,2,1,2702,0.00014276111757420117,0.006606305180017441,0.002333587120809444
760,38.050000000000004,-94.29993061398466,-110.90656705236327,2.108194671055605,-94.12551145911124,-110.56100896287867,2.111555588996181,0.0028931816739850022,0.0042189097561179095,0.00011960598255974654,-0.0006585157314571578,-3.7818612489597183e-05,2.5403426150488318e-05,0.3870819484230739,0.0033609179405758027,0.08433321664743325,47.12930981861522,0,0,7.245132774236378,8,1,8.471536488230782,-0.32353424809411524,4,0,4,0.06314999973255908,0.15681000013501034,1.026116000048205,0.2550673591365104,0.01410095931127727,21.486025840861696,0.7240473061760841,0.7161629434954008,1.0000055373529053,2,1,2736,-7.78508724134869e-05,0.00547340294580562,-0.0010712982325706832
761,38.1,-94.51019336065833,-110.5634434731449,2.0983291239554607,-94.30893351925819,-110.25076620851304,2.1082186501207296,0.002817913939006312,0.004155230845059331,0.00011109574479853233,-0.0006120770125431028,-3.6194517754499646e-05,2.8119241096509794e-05,0.3718502327255862,0.009889526165268947,0.08350535781652363,46.984249337929,0,0,6.013623343716044,8,1,7.328519554777838,-0.04484911206132272,4,0,4,0.0652240000817983,0.15478799969059764,0.8557020000807825,0.2552556327714377,0.014096257039358203,21.519488076422153,0.7230971128608924,0.7152230971128609,0.9996567977189328,2,1,2803,-6.049250995800431e-05,0.006963743600764787,0.0009103460814179343
762,38.15,-94.71563211421096,-110.21707466053267,2.0906509642166533,-94.50707731952754,-109.92648576148319,2.106157897728563,0.0027629145751287562,0.004137718819683151,0.00011329013076178036,-0.0005949043522579071,-3.640831858508996e-05,3.0142470320210966e-05,0.35768283525525,0.015506933511909793,0.08307005113042791,46.19765564844056,0,0,5.558448781774419,8,1,7.84797734100697,-0.1921565177918798,4,0,4,0.061082000229362166,0.14315499993244885,0.859831999605376,0.25541675864048224,0.01409819827249905,21.551831677433974,0.7221494102228048,0.7142857142857143,0.9992292371298765,2,1,2779,-0.00017080622789553308,0.0046925417114129266,-0.0023905713510794513
763,38.2,-94.91949105669688,-109.86939206368473,2.083196243693303,-94.72213579444974,-109.55140238100427,2.0832532564881507,0.002711934174356494,0.004121488105862574,0.00011351544896165872,-0.0005814215895801633,-3.67812242284574e-05,3.1932626006294164e-05,0.37425464302779154,5.7012794847821624e-05,0.08266451645185538,46.844924367841166,0,0,16.853311103035487,8,1,7.791511848011986,-0.174200369608266,4,0,4,0.06330799988063518,0.1486330002080649,1.2620319998859486,0.255608419408408,0.014088968832793931,21.584937819698904,0.7212041884816754,0.7133507853403142,1.000780266052495,2,1,2737,-0.00010248131228673485,0.005716869739347677,0.0029397901034426965
764,38.25,-95.11920257480298,-109.5189792546069,2.0778652609812376,-94.902224555648,-109.2210045429504,2.083778239851938,0.002671763620629879,0.004143762461260772,0.00011434081796964515,-0.0005871009558861333,-3.944153953680285e-05,3.3318489654531137e-05,0.3686032956759848,0.005912978870700414,0.08255619953638037,47.81108992486809,0,0,4.349588814396803,8,1,8.277516663099986,0.027042048578243424,4,0,4,0.06168999971123412,0.1588180002727313,0.8159100002558262,0.25578870912074114,0.01408138027977606,21.619220371470366,0.7202614379084967,0.7124183006535948,1.0001409909975958,2,1,2789,-0.00015768208310210866,0.0033406803054359447,-0.00431954311296856
765,38.300000000000004,-95.31809230841834,-109.16778069423164,2.0725168345640306,-95.09483246727882,-108.85606094999818,2.078407396553044,0.002639340186716963,0.0041716270998855744,0.00011706579815107457,-0.0006001320031396902,-4.152023052579814e-05,3.480487700946448e-05,0.3834242501598158,0.005890561989013499,0.08252858466375476,51.884421714700665,0,0,4.093256748795397,8,1,8.393079683712855,0.1300583210891713,4,0,4,0.06284399978540023,0.1491800003350363,1.0369149999860383,0.2559968227011868,0.0140737951924442,21.658731078184765,0.7193211488250653,0.7114882506527415,0.9994587509174307,2,1,2714,-1.3807071074673069e-05,0.004395021909527959,0.0017853689037807818
766,38.35,-95.51348047206804,-108.81452754182907,2.068999597712363,-95.27779616938228,-108.52839778627921,2.0859123481288613,0.0025853361758922675,0.004138566387281254,0.00011230460063818765,-0.0005790799965703446,-4.022961667017678e-05,3.7627512715084775e-05,0.37069843207584235,0.016912750416498312,0.0819994058708569,53.09730521755277,0,0,10.927192528077459,8,1,7.421688196043002,0.1477303189584362,4,0,4,0.07318699999814271,0.151594999806548,0.8087400001386413,0.2561798057236873,0.014077869297884547,21.699720092708063,0.7183833116036505,0.7105606258148631,0.9999698252759973,2,1,2740,-4.1342669697630235e-05,0.0021260469827174976,-0.001361389004205904
767,38.400000000000006,-95.70863307183916,-108.4611254191548,2.0651756978611733,-95.46064381574078,-108.18914448824387,2.0664401330126454,0.0025395243294754326,0.0041212846440942105,0.00011262872555449412,-0.0005693908557811676,-3.9758119576481916e-05,4.001248300282145e-05,0.3680656163232341,0.0012644351514721208,0.08161377931188853,51.147419592790676,0,0,9.240502116041636,8,1,7.550076678585528,-0.23319870080978744,4,0,4,0.06348100032482762,0.15202399981717463,0.8364169998458237,0.2563572426048523,0.014068775018485918,21.73806345143213,0.7174479166666666,0.7096354166666666,1.0001858321551467,2,1,2749,5.090025460402622e-05,0.0033296956642625995,0.0013932295134200245
768,38.45,-95.90083228455829,-108.10621383483496,2.0629206662081483,-95.62025808922836,-107.88495032407567,2.0545526509917496,0.002489495835775776,0.004103202897647763,0.00011144733799151019,-0.0005558731313972131,-3.957365531676572e-05,4.2756775455489117e-05,0.3573225717451448,-0.008368015216398739,0.08119543542234094,52.2413920686788,0,0,4.232856065727202,8,1,7.375343484946733,-0.2171040356919594,4,0,4,0.06489399993370171,0.14469100005953806,0.8815320002213411,0.25651434366822445,0.014062862505363339,21.77772967850267,0.716514954486346,0.7087126137841352,0.9995306460300574,2,1,2723,5.0909681698111504e-05,0.001240627966862994,-0.003053428232946409
769,38.5,-96.0932219420667,-107.75159033764783,2.060132336546836,-95.79933495390577,-107.54569672156097,2.047704083506992,0.0024457252965869518,0.004099833162911398,0.00010890418329581014,-0.0005514892046156275,-4.0805788187652196e-05,4.4484583561976095e-05,0.3588338653968245,-0.012428253039844073,0.08090462569901889,54.86251554022102,0,0,6.415576994223967,8,1,7.560106181538966,-0.010383049574371472,4,0,4,0.06439199978558463,0.15273500002876972,0.9152259999609669,0.2566736790427034,0.014060862870579617,21.82069693286854,0.7155844155844155,0.7077922077922078,0.9992562244720683,2,2,2831,7.66372615080117e-05,0.002562136129749215,0.0014336785520887574
770,38.550000000000004,-96.28383429768235,-107.39658795018919,2.055108016834292,-95.98633773096385,-107.19826195165064,2.047251121870631,0.002414985668748702,0.004142390220975496,0.00011600971423538128,-0.0005694226528168709,-4.327774521769166e-05,4.690512233042765e-05,0.35754357623316896,-0.007856894963660821,0.0809776258587778,54.84685442922093,0,0,8.265123019232451,8,1,8.11936713927734,-0.2864774516784998,4,0,4,0.06320600004983135,0.14846199974272167,0.8944229998633091,0.25683016865369757,0.014054590001762774,21.86353241600259,0.7146562905317769,0.7068741893644618,0.9993032205232916,2,2,2835,0.0003883727886104969,0.0023900125675594777,0.0010272284853214408
771,38.6,-96.47487199592986,-107.04247835058449,2.04511863274346,-96.1563890420681,-106.8664076292714,2.0399923412296364,0.0023602652816843476,0.003946924748483672,9.780922690440471e-05,-0.000532440674957235,-2.852614166715068e-05,3.840347765805647e-05,0.363912476846049,-0.005126291513823489,0.07941781934911094,59.150840054202774,0,0,12.480099957287536,12,1,7.795524841407497,-0.301599076857182,6,0,6,0.06479500007117167,0.4729530000986415,1.078333999885217,0.25699773790098307,0.014046696062740392,21.9118320372956,0.7137305699481865,0.7059585492227979,0.9993595987909518,2,2,2829,0.00012362305514035995,0.006203807023370108,0.0013630119205205737
772,38.650000000000006,-96.66151521071525,-106.68610742009938,2.035758819934321,-96.33507807078664,-106.51422306220776,2.028394512186175,0.002317239845332036,0.003810612973010375,9.096134141284244e-05,-0.0005204984513480773,-2.2870096471020343e-05,3.383941530053879e-05,0.36892470615640033,-0.007364307748146004,0.07828060307855587,62.668725302307024,0,0,14.246600762067352,12,1,8.143998074932474,0.012807708688779146,6,0,6,0.060587000007217284,0.16100200036817114,1.0733039998740423,0.2571740035021624,0.014040106039448852,21.964557643071814,0.7128072445019404,0.705045278137128,0.9996194288481873,2,1,2795,-0.00011088491925932784,0.0051535116100058405,-0.0034475833903844233
773,38.7,-96.8462556488881,-106.32850860362886,2.0261326910161754,-96.52480405438907,-106.16845510396898,2.0387548299226577,0.0022723010559049517,0.0036997996813240416,8.882803867328973e-05,-0.0005117173564075507,-1.9954730832792927e-05,3.197562289314343e-05,0.3590936512378764,0.012622138906482228,0.07727936812131032,62.65793621911164,0,0,18.356591699765275,12,1,8.03674370639381,-0.05031177675642712,6,0,6,0.06146800023998367,0.1618169999346719,1.1403589996916708,0.25733172689515355,0.014038366443290123,22.01713306758866,0.7118863049095607,0.7041343669250646,1.000351606398094,2,1,2835,-8.067470659772497e-05,0.0067216768692913665,0.002192278557803018
774,38.75,-97.02614576593079,-105.96807201790362,2.0186187151585715,-96.74620752985429,-105.75727787315935,2.0355119931784262,0.0022418395483036176,0.003635573726598491,9.092378714764409e-05,-0.0005271137469302786,-1.9512761563702402e-05,3.0447748684543938e-05,0.3504277207586359,0.01689327801985474,0.07666428943714347,60.04706883957462,0,0,24.10749184417288,12,0,8.46941976673637,-0.09021813409529744,6,0,6,0.06842199991297093,0.1646290002099704,1.0216179998678854,0.2574735405425167,0.014042424187225582,22.06620395245574,0.7109677419354838,0.7032258064516129,1.001742787152967,2,1,2858,-0.000176584654273786,0.0045678634866655405,-0.001453582702982903
775,38.800000000000004,-97.20442247811442,-105.60646909171454,2.011280641090967,-96.94223233169686,-105.36114104688953,2.026782807374719,0.0022110982040223284,0.0035857836903490916,9.311593388758817e-05,-0.0005441610480854229,-1.9712688263649473e-05,3.006598806500795e-05,0.3590675736628549,0.015502166283751784,0.07613725694015658,61.51983447630296,0,0,11.903802675200325,12,1,8.460065620287443,-0.21433620770396455,6,0,6,0.06413500022972585,0.1758799999151961,1.0479859997758467,0.2576302422698977,0.01404440293165219,22.11704625983183,0.7100515463917526,0.7023195876288659,1.0017293446861815,2,1,2826,-0.00011184851269578676,0.005600937934835023,0.00039139815233957265
776,38.85,-97.37843441225357,-105.2424519112923,2.0060302190018753,-97.13843019509898,-104.99938241907297,2.023267688233883,0.002190087186829569,0.0035809238855126885,9.446449057433232e-05,-0.0005798819382831072,-2.2187842934502167e-05,2.9453636446994615e-05,0.34159157234884086,0.01723746923200764,0.07596717101710618,57.00894180651346,0,0,22.48591045971917,12,1,9.004452231281297,-0.05635691944042587,6,0,6,0.06871999994473299,0.16576400003032177,1.056465000147,0.2577558780058134,0.014048978822260442,22.161952174306325,0.7091377091377091,0.7014157014157014,1.0029289272542103,2,1,2757,-0.0001200931243947323,0.003252071718005942,-0.004796844525925437
777,38.900000000000006,-97.55159014943919,-104.87781304022907,2.0007394500222695,-97.317556864328,-104.63678544381195,2.0182367534446914,0.0021591474792544553,0.0035532633009109343,9.595832909557129e-05,-0.0005980346857091071,-2.273127641137678e-05,3.0269209770022707e-05,0.3359551767342707,0.01749730342242195,0.07558049206088427,56.295455211663274,0,0,7.4123160561262855,12,1,8.59011011530735,-0.3079597433107789,6,0,6,0.06308799993348657,0.16384299988203566,1.3126420003573003,0.25787161237089223,0.014053954188785875,22.20582557152658,0.7082262210796915,0.7005141388174807,1.0023997570308905,2,1,2865,-1.9385640219319634e-05,0.004340525092987338,0.002428556294623352
778,38.95,-97.72114558533596,-104.51141475996317,1.9972613616386266,-97.49589993039386,-104.27279929096612,2.0084819399097658,0.0021892972006787694,0.003581464752738405,0.00010991964754483044,-0.0006508567010453445,-2.9683744550939884e-05,9.158163027023287e-06,0.3281355621004518,0.011220578271139203,0.07596553135085132,52.58885883254951,0,0,5.992587100000606,8,1,8.349715522867221,-0.15890030554202003,4,0,4,0.062354999954550294,0.15199600011328585,0.862279000102717,0.2579740780040207,0.014050683254011041,22.244828181617752,0.7073170731707317,0.699614890885751,1.0020522585816025,2,1,2871,-1.7405105355168342e-05,0.00210439652715348,-0.002785789561538188
779,39.0,-97.89044280790519,-104.14497800932958,1.993461962869465,-97.6670613407715,-103.91781016510718,2.0008173402575267,0.002212130410674568,0.0036090779243482625,0.00011758440089789776,-0.0006891133328754836,-3.468324022305983e-05,-3.8017159963579967e-06,0.31859772332433567,0.00735537738806169,0.07629684354560698,49.759543837636016,0,0,5.709034814529641,8,1,8.266601699282504,-0.33444533958989764,4,0,4,0.06342599999697995,0.1455679998798587,1.1887219998243381,0.25806091837842005,0.014044143126464442,22.28010345809983,0.7064102564102565,0.6987179487179487,1.001657158709321,2,1,2844,2.726665384287846e-05,0.0033222885865881683,0.0026457699346327246
780,39.050000000000004,-98.05666741584072,-103.77723007240223,1.991222111234654,-97.82238627739926,-103.58849214135084,2.007916246943319,0.00222365428423087,0.003594961200854194,0.00011300596960635204,-0.0007049526473122571,-3.708311869568774e-05,-1.0937894939549761e-05,0.3008482315836121,0.01669413570866496,0.07627984979721096,49.66044626643341,0,0,2.5697474122703894,8,1,7.776974408886185,0.07400919278974223,4,0,4,0.06642000016654492,0.150908000250638,1.141649999681249,0.25812023863968,0.014047855832180153,22.315161515472855,0.70550576184379,0.6978233034571063,1.000726325970367,2,1,2913,6.571809473956427e-05,0.0012009870920232577,-0.0014417657441008203
781,39.1,-98.22392432729082,-103.41052942253448,1.9849515652900074,-97.9905068171611,-103.23646021860843,1.9939226787969995,0.00223606771501135,0.0035903882029908775,0.00011342786527104273,-0.0007223742928505797,-3.8232666431148936e-05,-1.5090744237495585e-05,0.2911766161466332,0.00897111350699209,0.07633122505241369,44.90511621143355,0,0,12.903865279896946,8,1,7.861096770262684,-0.18347905848403737,4,0,4,0.06719099974361598,0.15662500027247006,0.8124940000016068,0.25816521307626594,0.014042535895701595,22.344048925569993,0.7046035805626598,0.69693094629156,1.0015627424102806,2,1,2844,0.00040207614886177546,0.004286407887011467,0.004107906445785847
782,39.150000000000006,-98.38840201838535,-103.04323141024793,1.9759080028603169,-98.16191001705768,-102.8617131828422,1.9861311161990223,0.0022539997688972254,0.003636298482914804,0.00011959796854249475,-0.0007530730760590247,-4.060973223231274e-05,-1.7759247087982674e-05,0.290254187818079,0.010223113338705403,0.07674827849412669,44.64942262688688,0,0,9.18030415744203,8,1,8.467560731199711,-0.3126452633299977,4,0,4,0.06020399996486958,0.14759599980607163,0.9717930001897912,0.2582087384554375,0.014038320702254688,22.372535992876912,0.7037037037037037,0.6960408684546615,1.001761890128248,2,1,2814,4.919103756955952e-05,0.004585004996330875,0.0003033637826201918
783,39.2,-98.5513669346528,-102.67535376653936,1.965583193630188,-98.32444950333117,-102.5025225045764,1.9728802009793753,0.0022664596871277694,0.003669451122729019,0.00011994525535895674,-0.0007749404970209013,-4.223715238535718e-05,-1.921515391357464e-05,0.28524054015745715,0.007297007349187368,0.07704486231966924,42.78832516093163,0,0,10.71609748524475,8,1,8.394383380877265,-0.23114096134099424,4,0,4,0.06439500020860578,0.15140699997573392,0.8092129996839503,0.2582450200615761,0.014031785128396845,22.398576540285145,0.7028061224489796,0.6951530612244898,1.002222040394634,2,1,2858,9.81488358483499e-06,0.006862733629467112,0.0029045549265940274
784,39.25,-98.70922444418355,-102.30509794529404,1.9570273891541454,-98.4847146680278,-102.13138555956964,1.9789435137516547,0.0022721945059353318,0.003679581406542246,0.00011828368648593866,-0.0007859484236967246,-4.2320340439436314e-05,-1.9665357177619284e-05,0.28386727980442555,0.021916124597509246,0.07714775377467303,47.72137488377341,0,0,5.323058278434942,8,1,8.150708073450492,0.2179292477882589,4,0,4,0.05994299999656505,0.14505399985864642,0.8540520002497942,0.25827927682106333,0.014044644727146768,22.430834882123985,0.7019108280254777,0.6942675159235668,1.0017637550128786,2,1,2832,-0.00016071948856326507,0.005032023944164688,-0.002325088441272438
785,39.300000000000004,-98.86512285236314,-101.9336826848858,1.948600614832916,-98.63410676385084,-101.77370784468512,1.9594210152740237,0.0022842967141921576,0.0037290834540019786,0.00012217273851657847,-0.0008096444910668337,-4.359423793738681e-05,-2.0145202844714385e-05,0.2809989015080965,0.010820400441107658,0.07754598744096393,42.95555052768846,0,0,12.245634357531493,8,1,8.658602367152689,-0.2949747835237445,4,0,4,0.06381699995472445,0.1471069999752217,1.2816150001526694,0.2583094517688855,0.014041013026478128,22.456947751902057,0.7010178117048346,0.693384223918575,1.0024824242243984,2,1,2857,-8.417710407709932e-05,0.0061991910858475,0.0024538092034744885
786,39.35,-99.01624780671013,-101.55997029065298,1.9423488441739556,-98.79083004321534,-101.3956881644843,1.9400583935145157,0.002286680407573856,0.003769039293357413,0.00012420633079298266,-0.0008206952388600569,-4.407875064638787e-05,-1.931057169052787e-05,0.2789297135077167,-0.002290450659439891,0.07781850487468434,39.690520466605534,0,0,5.91940421447619,8,1,8.546550486338976,-0.3831310106904025,4,0,4,0.06518100008179317,0.1516880001872778,0.8153069998115825,0.258336697214181,0.01403232712415427,22.4788455571304,0.7001270648030495,0.6925031766200762,1.002126173345952,2,1,2895,-0.00016155528109899377,0.00387197220740099,-0.0007130641775034974
787,39.400000000000006,-99.16611202486271,-101.18543934710534,1.936184425198749,-98.9321838675254,-101.0432226080829,1.939241168219529,0.0022655127835840027,0.0037104021659835184,0.00011195394663360766,-0.0007930992165310654,-4.1496555170684866e-05,-1.7340818831392475e-05,0.2737662938592161,0.0030567430207799617,0.07730404225891115,39.58609144951323,0,0,10.86066021910957,8,1,7.299540803760196,-0.035972584753444475,4,0,4,0.06437699994421564,0.1494369998908951,1.0403179999229906,0.25835686187902085,0.014023843303757041,22.500555260039512,0.699238578680203,0.6916243654822335,1.0026078215221617,2,1,2898,-6.476761892395015e-05,0.004903379665157659,0.0009252607130085799
788,39.45,-99.31195259058664,-100.80912742534805,1.9319714375122983,-99.07174671896622,-100.68250387711484,1.925645651751779,0.002246822941200418,0.003669994950474425,0.00010933802677515371,-0.0007724456163297571,-3.939966646178554e-05,-1.5749256000480828e-05,0.27153707615737,-0.006325785760519231,0.07692085472532688,38.53691857627829,0,0,8.752322674999311,8,1,7.376863920528919,-0.15163634723791175,4,0,4,0.06357499978548731,0.14885400014463812,0.9575950002727041,0.2583739923784467,0.014016762651716023,22.52088018185984,0.6983523447401775,0.6907477820025348,1.0027315461674293,2,1,2850,-8.399049520452348e-05,0.0026023689853467507,-0.0023275174972967605
789,39.5,-99.457274301799,-100.43251209199428,1.9275655038048711,-99.23271053724464,-100.28041980584089,1.924232894029748,0.002243289865092411,0.0037323200609670503,0.000118055392490613,-0.0007831608303857397,-4.1490111864381986e-05,-1.5156091578969524e-05,0.27122121572286945,-0.0033326097751231742,0.07730206935172862,37.905792226120745,0,0,8.34437564347372,8,1,8.593085973447508,-0.2641941070921074,4,0,4,0.062062000324658584,0.14512199959426653,1.1079779997089645,0.2583906584572737,0.014008390274618752,22.540354754067767,0.6974683544303798,0.689873417721519,1.0027860264502222,2,1,2899,1.1860043603744135e-05,0.003749159072905159,0.0006204477553852783
790,39.550000000000004,-99.59919334732878,-100.05462679574214,1.9248324347361772,-99.36228423751898,-99.92885352490025,1.9226755013655374,0.0022313764929284855,0.0037414332440145522,0.00011670153071292262,-0.0007771325466705314,-4.147673696364844e-05,-1.4229374171678042e-05,0.26822535668564185,-0.002156933370639713,0.07728395523614871,37.78824432505676,0,0,10.61302255531799,8,1,8.03790341297724,-0.20836710496603847,4,0,4,0.061517000176536385,0.14745899989065947,1.016822000110551,0.25840332800657767,0.013999742676411199,22.559631479189118,0.6965865992414665,0.6890012642225032,1.0032230599090137,2,1,2847,1.2196320115478738e-05,0.0015580788134229656,-0.002136849953734643
791,39.6,-99.74117842769346,-99.67687600315188,1.9216528867107314,-99.50132922707533,-99.59635714947461,1.935192529150024,0.0022115379812215636,0.003702782745623412,0.00011018709677254186,-0.0007569391241911167,-3.9759994801098577e-05,-1.3060298428651274e-05,0.2530038039924569,0.01353964243929262,0.07690462097198696,37.03362143607585,0,0,9.600923353783166,8,1,7.411504761328295,-0.07069921419640046,4,0,4,0.06268500010264688,0.14258000010158867,0.9763719999682507,0.2583965815668187,0.013999171276288936,22.57790671903367,0.6957070707070707,0.6881313131313131,1.0034884134929947,2,1,2859,6.551675603333126e-05,0.0028597993034341898,0.0016593861427738332
792,39.650000000000006,-99.8811449453095,-99.29889384439046,1.91634480718404,-99.67229570499826,-99.20821333041121,1.939338270041068,0.0022148121594593685,0.0037729830502841273,0.00011889682324898929,-0.000778908596699305,-4.19674679685115e-05,-1.3673893751550842e-05,0.2276861014513677,0.022993462857027858,0.07738084523797537,34.179750934494365,0,0,16.344880855982858,8,1,8.766801718680135,-0.22839577685389073,4,0,4,0.0698690000717761,0.15978099963831482,0.8512829999745009,0.25836015339112095,0.014014148952807184,22.592537039608022,0.694829760403531,0.6872635561160151,1.0048876351531628,2,1,2892,0.00037039913906565113,0.002595963285478021,0.002148983075351829
793,39.7,-100.02145342631074,-98.92166181042853,1.9063699373211485,-99.80783955481165,-98.85490757948816,1.929684162544195,0.0022025934396585015,0.0037533900887439424,0.0001154999832791281,-0.0007710693152243446,-4.0339619563219164e-05,-1.3026864615249998e-05,0.223801281151989,0.023314225223046492,0.07717501881050917,33.473770377478495,0,0,3.2119519086781327,8,1,7.742666305344209,-0.23060159899877017,4,0,4,0.06271100028243382,0.15499599976465106,0.887082999724953,0.2583195361763028,0.014029739697096744,22.60624136371113,0.6939546599496221,0.6863979848866498,1.004076622187345,2,1,2921,0.00010303540384010157,0.006248679416541181,0.002708474024437635
794,39.75,-100.15704390861602,-98.54276283370484,1.8971755068157048,-99.95446692479813,-98.48375483366297,1.9298996692228698,0.0021883416502128366,0.003736601724613596,0.00011338083330280979,-0.0007621892643201938,-3.926832956164948e-05,-1.2172616606928316e-05,0.21099615740978742,0.032724162407165025,0.07697365377079636,35.973754552897816,0,0,2.552723970396653,8,1,7.707861225028443,-0.19074848113028356,4,0,4,0.06462000010287738,0.17129600018961355,0.8157649999702699,0.25826545677097784,0.014068866828625652,22.62305584571011,0.6930817610062893,0.6855345911949685,1.0031571777230661,2,1,2889,-8.067435687351835e-05,0.005101869928050642,-0.001205887442041309
795,39.800000000000004,-100.29059592663948,-98.1629729428707,1.8877732165871794,-100.08562639852218,-98.10859193856153,1.8988437717895348,0.0021786622483721185,0.003752069009112522,0.0001182327655457868,-0.0007636999984702859,-3.89260710728314e-05,-1.1372386078719025e-05,0.21206084288784469,0.011070555202355337,0.07701124111118221,25.94070533181728,0,0,5.790539749076442,8,1,8.040511763645203,-0.407021636012033,4,0,4,0.06488999997600331,0.1500429998486652,0.978346000010788,0.25821259768257354,0.014065501078834596,22.627223747074567,0.6922110552763819,0.6846733668341709,1.0027827277108832,2,1,2925,-4.810299262893083e-05,0.006627651669307539,0.0018072677219711508
796,39.85,-100.4189734294227,-97.7811408983171,1.8804978599632465,-100.21432696103213,-97.69138853205142,1.8795494988970702,0.0021476207154432613,0.003711097046279699,0.00010830977337132218,-0.0007317005738378458,-3.4031897792465256e-05,-7.884968821690745e-06,0.22346289238937553,-0.0009483610661762398,0.07654226127913233,26.941995814604784,0,0,5.9776198552329465,10,1,8.426983675465204,-0.19775493409041583,5,0,5,0.06121700016592513,0.3649819996098813,0.8739969998714514,0.25817192768625347,0.014056714420793629,22.632637513784143,0.6913425345043914,0.6838143036386449,1.0022405312688651,2,1,2876,-0.00016838271847092199,0.00443199813162873,-0.0030197272930596597
797,39.900000000000006,-100.54569421176345,-97.3984220375053,1.8733901493299339,-100.33644703796317,-97.33325705444331,1.8713334164528774,0.00210681889456513,0.003634835474983787,0.00010401970534859912,-0.0006845034974285259,-2.8758997769317734e-05,-4.118115434488546e-06,0.21915942772528282,-0.002056732877056433,0.07577370500080431,25.994485160715286,0,0,7.17801643411274,10,1,7.6973668127101,-0.38903707693360634,5,0,5,0.06290200008152169,0.16748000007282826,1.2541239998427045,0.25812672961963445,0.014048092867085504,22.636850355446963,0.6904761904761905,0.6829573934837093,1.0018602653760074,2,1,2835,-6.884002343165345e-05,0.005481727505794305,0.0009900586866984362
798,39.95,-100.66791689431331,-97.01399534382745,1.8683557096052485,-100.45778463928012,-96.94912511347819,1.8728722035955023,0.0020721434318261528,0.0035863449286437166,9.970615409519844e-05,-0.0006513917357404847,-2.7085799262002674e-05,-2.387745751075454e-06,0.21991751042356336,0.004516493990253778,0.07522292443444265,26.973003437876073,0,0,6.602717553823194,10,1,7.912245224417805,0.091249605067384,5,0,5,0.06537999979627784,0.15824299998712377,0.9995069999604311,0.2580824438949978,0.01404020828290992,22.64227733051884,0.6896120150187734,0.6821026282853567,1.0014042059501145,2,1,2841,-0.00011918198916178264,0.003127032778738925,-0.0020918431624785683
799,40.0,-100.78927822635944,-96.62909436126613,1.8632594845432724,-100.58090515549404,-96.54773459032882,1.867229691878073,0.0020458245516415726,0.003589802794031689,0.00010030243058281376,-0.0006371346328276148,-2.7630705882371975e-05,-1.5012084083098304e-06,0.2236934263425084,0.0039702073348006905,0.07507081553888476,28.05246335486093,0,0,4.265996040528295,10,1,8.466423352002366,0.016435364140431355,5,0,5,0.06028100006005843,0.15552500008197967,0.956874000166863,0.2580423184251805,0.014032132500071383,22.649040063049267,0.68875,0.68125,1.0006377998142515,2,1,2875,-1.404672138465078e-05,0.004208180295249985,0.000329270219839195
800,40.050000000000004,-100.90689218691283,-96.24296357158929,1.8599571647915747,-100.7056646941221,-96.17671391102047,1.8690807201919455,0.002012278942444078,0.0035430932468673865,9.858603606133918e-05,-0.0006071854624622097,-2.572418825806664e-05,2.8419501368835507e-07,0.21185259351804733,0.009123555400370797,0.07453436918168332,26.381319357873398,0,0,12.397463357797786,10,1,7.719275612665385,-0.17704626445807486,5,0,5,0.06152700007078238,0.15747199995530536,0.9179949997815129,0.25798980904873237,0.014027075355351458,22.653699587761903,0.6878901373283396,0.6803995006242197,1.000956186679718,2,1,2804,-2.2186594614453372e-05,0.001960143802276121,-0.004245122553426128
801,40.1,-101.0243507219058,-95.85680568832807,1.8563160909492185,-100.83019444663145,-95.77527668968737,1.8637924740168614,0.00198306836638149,0.0035133188635595534,9.724302248122399e-05,-0.0005867968159615891,-2.5137095434609464e-05,1.2563193929539626e-06,0.2105792887436085,0.007476383067642978,0.07413762357899695,25.865348354879014,0,0,26.002206873445353,10,0,7.838183347433964,-0.07610595378291599,5,0,5,0.063286000113294,0.16061699989222689,0.9432540000489098,0.25793611988470017,0.0140208132413329,22.657704137346837,0.6870324189526185,0.6795511221945137,1.0030828681965596,2,1,2834,4.870076479230093e-05,0.0032047172423488503,0.0024123731359741996
802,40.150000000000006,-101.13865077136624,-95.46981902121678,1.8542203163293802,-100.93288177975678,-95.41625481561299,1.863855364986489,0.0019544952597164923,0.0034856178378710303,9.536278903408491e-05,-0.0005683273366384899,-2.483318542230633e-05,2.154813354632445e-06,0.21262643774925868,0.009635048657108847,0.07375712235159072,27.15984141124631,0,0,5.488456883958184,10,1,7.773478682306744,-0.0026057702856047485,5,0,5,0.0625719999334251,0.15858500000831555,1.2709980001091026,0.2578846451618945,0.01401620498399665,22.663310784014207,0.6861768368617683,0.6787048567870486,1.0024796315699982,2,1,2796,2.8177485877127213e-05,0.0010982935548934382,-0.0036821120074002067
803,40.2,-101.25332771065699,-95.08307868974651,1.8515679410417158,-101.04665353634763,-95.04416016913531,1.8587942145245755,0.001932973623550698,0.0035065514596841246,9.825390569861254e-05,-0.000566024390569954,-2.6012486407713594e-05,2.683597035890718e-06,0.21030659897639628,0.0072262734828596464,0.07375313609084581,26.110682717885854,0,0,11.85702328343009,10,1,8.328258087227626,-0.030285512100140008,5,0,5,0.07093600015650736,0.16039399997680448,1.0220180001851986,0.257830921748117,0.014009803903693637,22.66759856005136,0.6853233830845771,0.677860696517413,1.0027226324941003,2,1,2874,6.884735031000336e-05,0.0024868228747748954,0.0020970401546831496
804,40.25,-101.36622525738964,-94.6963049500148,1.8466647951587714,-101.14416952961699,-94.69315862842613,1.836772714759313,0.0019068688653158879,0.0035063299773293523,0.00010316548786923533,-0.0005538249071719324,-2.5014467887771348e-05,4.449817054527734e-06,0.22207801686835885,-0.009892080399458436,0.07357444422246925,27.69199575726574,0,0,10.255957956787974,10,1,7.962653385556132,-0.4423430176518218,5,0,5,0.05969800031380146,0.15195299965853337,0.9382179996464401,0.25778958425730486,0.014005439760049788,22.673840047252867,0.684472049689441,0.6770186335403726,1.0027529280744774,2,1,2850,0.0003891295094601063,0.00229056460994664,0.0017548516358334432
805,40.300000000000004,-101.47977732583476,-94.31033472855131,1.8367927233139563,-101.24899211324757,-94.29633250251747,1.8312235107639854,0.0018824404006654598,0.0035315081295701762,0.00010101037176940105,-0.0005466024678651964,-2.6903705298890315e-05,5.46240334770367e-06,0.2312095947032014,-0.005569212549970892,0.07357953880146054,30.28875492977836,0,0,4.086837730840399,10,1,8.322458717906494,-0.03967186043517723,5,0,5,0.07266200009325985,0.15622199998688302,0.9684609999567328,0.25775830482365275,0.01399812341821689,22.683287832466917,0.6836228287841191,0.6761786600496278,1.001967122313908,2,1,2813,9.154042380598876e-05,0.0061126902850906235,0.0009361158783445234
806,40.35,-101.58862561223003,-93.92303151988386,1.8275418337934024,-101.35197053940773,-93.9026402782825,1.813988968859272,0.0018520362196237112,0.0035044506460196216,9.95216847131167e-05,-0.0005243388914768388,-2.5457909383366682e-05,7.383327585696852e-06,0.23753194780191986,-0.013552864934130326,0.07318802405888092,33.5864231566397,0,0,5.670776794938503,10,1,7.598622268517853,-0.2721554571957514,5,0,5,0.0631240000075195,0.1564209997013677,1.1994180003966903,0.2577342234342522,0.013997580437431928,22.696798532992535,0.6827757125154895,0.6753407682775713,1.0013926316364707,2,1,2708,-0.0001176515580111994,0.005070274360415524,-0.0018319053458255574
807,40.400000000000006,-101.69543331351147,-93.53493659543001,1.818015173941971,-101.4559043631973,-93.50724879725779,1.807834731541603,0.0018175795805398481,0.003445442018195563,9.402470678334033e-05,-0.0004931663212427778,-2.3627606065718946e-05,9.253336984542902e-06,0.24112389389322747,-0.010180442400367973,0.07254668564955542,34.70489111698822,0,0,23.102847477333583,10,0,7.048320132118692,-0.13170633753368582,5,0,5,0.06320600004983135,0.16303399979733513,0.9362470000269241,0.2577143277624573,0.013993499803572408,22.711660033715305,0.681930693069307,0.6745049504950495,1.0031194022381817,2,1,2770,-9.741409836821428e-05,0.006673337112040842,0.000572913581967871
808,40.45,-101.7969201628478,-93.14504573732172,1.8105922781936474,-101.56654704731898,-93.10970982590013,1.8060977993168397,0.0017915846311397081,0.0034926150818138475,0.00010355928012660716,-0.00048530087770882926,-2.4830110406301365e-05,1.1189280768162875e-05,0.23306737007665884,-0.0044944788768077615,0.07269250107785229,32.484809038044965,0,0,8.801803526152792,10,1,8.209346262148792,-0.4588779886193777,5,0,5,0.06510799994430272,0.15341200014518108,0.9938680000232125,0.2576853170067689,0.013985741195295278,22.723740564004956,0.681087762669963,0.6736711990111248,1.0029574272057404,2,1,2864,-0.00017024132694480544,0.004486997398628201,-0.002057276684946263
809,40.5,-101.89664438102594,-92.75436379969575,1.8033356968553997,-101.67696409186793,-92.7032352293959,1.8201710139769656,0.0017675855976125262,0.0035218385580373947,0.00010073852251771579,-0.0004793079348072029,-2.6884934035701656e-05,1.204386115176209e-05,0.22555167954473798,0.01683531712156583,0.07272842742456295,34.910951034570424,0,0,9.41092761632643,10,1,8.1640247163065,-0.07170445800846073,5,0,5,0.06566199999724631,0.1630730002943892,0.979909999841766,0.25764811668231996,0.013989617046578862,22.738786502857504,0.6802469135802469,0.6728395061728395,1.0028760263299863,2,1,2822,-0.0001022626744488996,0.005544920998952687,0.000658629385629439
810,40.550000000000004,-101.99174194200717,-92.36223078622135,1.798160775383213,-101.78867880463777,-92.27509120930405,1.8041618158667285,0.0017471505305180163,0.003551016759891664,0.0001020898069043579,-0.00047943086550857413,-2.7668590069921622e-05,1.2811591258304354e-05,0.2209704587125349,0.006001040483515574,0.07278851070333614,30.366381996864572,0,0,17.61848797907582,10,1,8.205383139502388,-0.21752514744560378,5,0,5,0.06401199971151073,0.17405300013706437,0.9592810001777252,0.2576061070644346,0.013982577428665164,22.748191676093025,0.6794081381011098,0.6720098643649816,1.0038733624292997,2,1,2811,-0.0001158413479972457,0.003215190017323637,-0.0033084083540391163
811,40.6,-102.08588291036874,-91.96967955677209,1.7929377838533487,-101.86950131667365,-91.90092668905507,1.798183687083557,0.001719273255760166,0.0035105889751556284,9.489665314362585e-05,-0.00046100179790401125,-2.6512659773293815e-05,1.404233744798096e-05,0.22704173825387572,0.005245903230208349,0.072317786407742,32.7113406165299,0,0,6.303814199010787,10,1,7.346875335230537,0.01047581464747363,5,0,5,0.06192199998622527,0.16554500007259776,1.2949669999215985,0.25757069678221123,0.013975177410447553,22.760461563950706,0.6785714285714286,0.6711822660098522,1.0033832155230946,2,1,2764,-1.088472659126205e-05,0.0042871073926906145,0.0016033235452947991
812,40.650000000000006,-102.17616133941462,-91.57618424886127,1.78952041554256,-101.97498221871771,-91.47161452913946,1.7874516895141088,0.001698303965485197,0.0035596420050228346,0.00010098902093114758,-0.00046142108979510934,-2.785401989840599e-05,1.5489840614522005e-05,0.22673302557650957,-0.0020687260284510955,0.07251169540500368,31.221472533508848,0,0,10.455558635546593,10,1,8.335575814991408,-0.22206927146509292,5,0,5,0.0638250003248686,0.15745899963803822,1.3542709998546343,0.2575350342273081,0.013966768394214369,22.770868711514733,0.6777367773677737,0.6703567035670357,1.0034384876699252,2,1,2832,-2.187230751364512e-05,0.0020554398741821816,-0.003214257288077782
813,40.7,-102.26621376494593,-91.18268577229748,1.785776809998235,-102.06136560047055,-91.0951727364728,1.7838283958193335,0.0016704892942771515,0.0035225468537996686,9.43489663492385e-05,-0.0004430343837130383,-2.6882484322724434e-05,1.693128067263906e-05,0.22275839362004327,-0.0019484141789014586,0.07206272370703747,31.03802084540483,0,0,10.121877007554792,10,1,7.335165255257568,0.0037187962353682213,5,0,5,0.06349199975375086,0.16668800026309327,1.0363989999859768,0.2574951925927155,0.01395835372324301,22.781024918067423,0.6769041769041769,0.6695331695331695,1.0034499395195136,2,1,2758,5.904450125738484e-05,0.003279522076360658,0.001351207266095944
814,40.75,-102.35300431392754,-90.78860048220196,1.7835872921080265,-102.1600331639751,-90.67956748993697,1.78852981862609,0.0016493545589043208,0.0035616822392718016,9.710438338632494e-05,-0.00044236689108176716,-2.8489266388654195e-05,1.8113147409448537e-05,0.22164398957838702,0.004942526518063595,0.07218751137264758,30.713834305746726,0,0,5.679847333144086,10,1,8.21757077338536,-0.018938504643367833,5,0,5,0.06214099994394928,0.15692899978603236,1.145578999967256,0.2574542624547113,0.013950861988901577,22.79075842651856,0.6760736196319018,0.6687116564417178,1.0028807039558467,2,1,2761,4.629513670931213e-05,0.0011648759775514763,-0.0028856331325259887
815,40.800000000000004,-102.44106182965125,-90.39530174922218,1.7773597562149845,-102.24611278529606,-90.3275370738092,1.7884658076470572,0.0016239551962118368,0.0035319802862436495,9.479649905537133e-05,-0.0004291902957362044,-2.7137874577441387e-05,1.9503553143596156e-05,0.20639084555480425,0.011106051432072661,0.07180484302925177,29.624056384437875,0,0,9.610642073441674,10,1,7.367937790868147,-0.12562657822073792,5,0,5,0.06342699998640455,0.15332800012402004,1.0464309998496901,0.2573978843897058,0.013947730805785449,22.799132566172876,0.6752450980392157,0.6678921568627451,1.0028261132291996,2,1,2830,0.00041624113122075147,0.004266052179716589,0.003296916048209919
816,40.85,-102.52629045543556,-90.00202174451569,1.768337898548178,-102.33051126222938,-89.96126839201797,1.7947752961914043,0.0016002385469242792,0.0035004206651453092,9.523433713587556e-05,-0.00042017391534111636,-2.5645641647869378e-05,2.0499522511401867e-05,0.1999758191188754,0.02643739764322639,0.07141889954395536,35.45533703736922,0,0,10.01924388020855,10,1,7.241985986521164,0.26284097075893836,5,0,5,0.06054999994375976,0.1515439998911461,1.1491499999465304,0.25733543248852064,0.013969845073380354,22.814623636517055,0.6744186046511628,0.6670746634026927,1.0028249375770375,2,1,2775,3.452271230063009e-05,0.004571170849826334,-0.002195330995158784
817,40.900000000000006,-102.60994024729975,-89.6084842751841,1.7580268045976641,-102.41572171357319,-89.55080914021288,1.7696063656281886,0.0015889035136550159,0.0036133580180545094,0.00010397894663648449,-0.000444425033229953,-3.0099523293785024e-05,2.1181189865494975e-05,0.20260123404570277,0.011579561030524488,0.07212670470574352,29.46859452546501,0,0,18.86885229174287,10,1,8.987945798836781,-0.15495220138190166,5,0,5,0.060367000060068676,0.16185999993467703,0.9165210003629909,0.25727562929519915,0.013967172701004445,22.822758075256598,0.6735941320293398,0.6662591687041565,1.003976057748388,2,1,2834,-5.911307329450237e-06,0.006861590190501,0.0010463513193093021
818,40.95,-102.6880927879552,-89.21364377027648,1.7494832506626352,-102.50307368557688,-89.12886131601306,1.7655808467753227,0.001569151243523228,0.003645437901972943,0.00010039188861781588,-0.0004434567970120151,-3.1618420383258614e-05,2.2877477220004668e-05,0.20351936712708152,0.016097596112687462,0.07221211217999492,30.88257333515597,0,0,8.688079961762542,10,1,8.235072884813569,0.012256607525601773,5,0,5,0.06160500015539583,0.1570159997754672,0.9392319998369203,0.25721684329780264,0.013969972055345748,22.83259911952998,0.6727716727716728,0.6654456654456654,1.0038002865369808,2,1,2828,-0.0001586337719514017,0.005010993728535213,-0.003075689064004017
819,41.0,-102.76363441187539,-88.81845053537099,1.7412053470463418,-102.58933753449716,-88.69614247835001,1.7735847100583753,0.0015526767867485769,0.003702816563138091,0.00010335387486255673,-0.0004496907442721396,-3.29235570231731e-05,2.4629964169536925e-05,0.2129287727763575,0.03237936301203348,0.07249478153554688,40.099955860824586,0,0,7.956934961822515,10,1,8.557902298975737,0.17545820503709642,5,0,5,0.06121399974290398,0.1550030001453706,0.9521220003989583,0.2571674784757951,0.014007165448358033,22.85365687165351,0.6719512195121952,0.6646341463414634,1.0035300179780786,2,1,2835,-0.002296155615630879,0.005763338385866791,-0.0014624976812442902
820,41.050000000000004,-102.83392063097317,-88.42149385248364,1.7352249525024597,-102.6583449141925,-88.3299769450451,1.764391521711432,0.0015707930059071693,0.003817844326915794,0.00012105387174737403,-0.0004857025288010405,-4.5169068365300496e-05,4.526548882454055e-06,0.1979953955781777,0.029166569208972426,0.0734073384126067,35.41485028877402,0,0,13.063758870732965,6,1,8.109995888254286,0.10975478782282583,3,0,3,0.06309199989118497,0.14247999979488668,0.9796379999897908,0.2571036890996967,0.01403559289491227,22.868956741832704,0.6711327649208283,0.6638246041412911,1.0050524085450618,2,1,2864,0.0010404525290651579,0.00315549323436947,-0.00151367983388484
821,41.1,-102.90179346939827,-88.02261559852718,1.7300604173585237,-102.72390931644335,-87.95090438526891,1.7423295099466243,0.0015848437416706401,0.0038851742262068388,0.00012673711442832942,-0.000501126717789766,-5.285952933284056e-05,-8.632974421227756e-06,0.19179486431982773,0.012269092588100605,0.0739595698194458,27.274017794060498,0,0,9.90050146366423,6,1,7.625691056831796,-0.1743980236931004,3,0,3,0.06570499999725143,0.1414520002072095,0.6811199996263895,0.2570343196026109,0.014033578960079007,22.87431569688408,0.670316301703163,0.6630170316301703,1.0058879411470467,2,1,2795,-0.0017401146148080628,0.00271031361711499,0.00039221552613932786
822,41.150000000000006,-102.96644772103656,-87.6233533660999,1.72623611803317,-102.80425431351824,-87.504368126716,1.7386107071719676,0.0016064644923517355,0.004039258500918997,0.00013619277241026985,-0.0005207877289110622,-6.288406288498395e-05,-1.799237415427889e-05,0.20115712424283502,0.012374589138797631,0.07513802628011154,27.108929509510915,0,0,6.173121516786594,6,1,8.69570275501803,-0.12346550543777216,3,0,3,0.06511499987027491,0.14757999997527804,0.8311860001413152,0.25697379781297336,0.014031682197057778,22.879461035660054,0.669501822600243,0.6622114216281896,1.0059176509076986,2,1,2828,0.0013872246443386936,0.0012897387194912128,-0.00012918164313502345
823,41.2,-103.0298472832938,-87.22315375572042,1.722711690646559,-102.87431222102468,-87.1258446598591,1.7284020823897102,0.0016198268823719205,0.004101601289679422,0.00013833256397955703,-0.0005216300161217998,-6.510405961298162e-05,-2.2929632987938937e-05,0.18346720614978498,0.005690391743151224,0.07564012276597218,21.82249525765887,0,0,4.2406692202427365,6,1,7.807934851648486,-0.38327613573538155,3,0,3,0.0636740001027647,0.15879700004006736,0.6574819999514148,0.25689733811220006,0.014024566310507068,22.878178310201314,0.6686893203883495,0.6614077669902912,1.0055311658333654,2,1,2811,-0.00140911366455821,0.0013924737052562312,0.0011215345089738982
824,41.25,-103.09079082608496,-86.82354832458807,1.7201847502462373,-102.93601400632097,-86.72511853654207,1.7155058444212017,0.0016326897066017438,0.004162573432473893,0.00013758337465048182,-0.0005198509050460193,-6.70535663457411e-05,-2.5916952973956828e-05,0.18342379101695977,-0.004678905825035606,0.0761266256908556,20.218629023572134,0,0,4.065830244328369,6,1,7.901075038266491,-0.2600677483085694,3,2,5,0.06053300012354157,0.14630199984821957,0.9489159997428942,0.2568210034984689,0.014017010590500381,22.87495461409631,0.6678787878787878,0.6606060606060606,1.0051080783601027,2,1,2880,0.0016587510152066638,0.0002794109566677037,-0.0013860741579723168
825,41.300000000000004,-103.15110924274332,-86.42370486231836,1.7176973577881034,-102.99557665766837,-86.37221759447985,1.7130367610794615,0.001639116757838382,0.004172052914077728,0.00013254720525760876,-0.0005084731229607729,-6.586498821495277e-05,-2.6918462813127447e-05,0.1638332193713211,-0.00466059670864194,0.07623102827534278,17.295230045092083,0,0,10.109612508077456,6,1,7.360862116303963,-0.21111839552476955,3,2,5,0.06982000013522338,0.13569399970947416,1.0679229999368545,0.2567287912642989,0.01400946171642629,22.868199499605993,0.6670702179176755,0.6598062953995157,1.005984144519449,2,1,2891,-0.0012551178982159097,0.0006394573926779197,0.0019176456006237963
826,41.35,-103.20918951291186,-86.02522726878976,1.7158913350948666,-103.04830631044202,-85.96321501012088,1.699553424417977,0.0016506593126480282,0.004238020641327476,0.00013521768195347598,-0.0005037992349924121,-6.733784601815189e-05,-2.7987807247143468e-05,0.17242077909048764,-0.0163379106768895,0.07673773487649674,19.24553778731073,0,0,2.3569560014018087,6,1,8.055558144164362,-0.20794377699070404,3,2,5,0.06134799969004234,0.13687300042874995,0.9756409999681637,0.2566435716553336,0.014012510900219002,22.863819013859565,0.6662636033857315,0.6590084643288996,1.005195009198618,2,1,2871,0.0025808260285972435,-0.0005081158348655159,6.738873122102973e-05
827,41.400000000000006,-103.26832813861245,-85.62523718681926,1.71036314530408,-103.1054208437024,-85.53228015076628,1.6776016724275058,0.0016605778957574412,0.004310070611589086,0.0001439651019823818,-0.0004924315513781354,-6.712432364630429e-05,-2.771797906220411e-05,0.18756278225346912,-0.03276147287657416,0.07726997157593969,25.061269889054483,0,0,4.111019794794182,6,1,8.133143187434202,-0.5811538461828338,3,2,5,0.06239300000743242,0.14753200002814992,1.243072999841388,0.25657135914567664,0.014050252544480342,22.866472940037337,0.6654589371980676,0.6582125603864735,1.0047836659551737,2,1,2881,-0.000584807375086451,0.001801688890906763,0.0042639801377641895
828,41.45,-103.32713725860583,-85.22637596341875,1.7002495247483953,-103.15815651981363,-85.11132274426089,1.6820067371752963,0.0016668565887514876,0.004345300730192531,0.00013611695862098,-0.0004760240165203421,-6.790509315899801e-05,-2.7346254810202532e-05,0.20443026517945878,-0.01824278757309905,0.07753810236873236,24.15269378913947,0,0,5.938883482228889,6,1,7.9161011916740325,-0.04345330435797998,3,2,5,0.06208000013430137,0.1414490002389357,1.2212259998705122,0.25651484752997433,0.014056063227438647,22.86802447302781,0.6646562123039808,0.6574185765983113,1.004764449328408,2,1,2794,0.0009830273640835223,0.004788717459607275,0.002137660437538713
829,41.5,-103.38263063920724,-84.82762886596635,1.689886499156624,-103.20917152984116,-84.69372168300025,1.6856014776498665,0.0016766291813877002,0.004415423545516733,0.00013607053750167307,-0.00046559925831899935,-6.937444697694301e-05,-2.7591719522274777e-05,0.21913282791948163,-0.00428502150675758,0.07805160297459901,25.859953231211218,0,0,1.46282846744022,6,1,8.369758179581329,-0.0535948116811919,3,2,5,0.06358000018735765,0.13488200011124718,1.0595099997772195,0.25647308729858764,0.014048380546485956,22.871629206471404,0.6638554216867469,0.6566265060240963,1.0037888599633376,2,1,2841,0.00016813783304063588,0.005639899735012854,0.0015238080163793022
830,41.550000000000004,-103.43412668695191,-84.42943999614924,1.680405113043724,-103.24723495383849,-84.29235042590788,1.6795967589549567,0.00168734176535516,0.0044867942814510765,0.0001372247732517691,-0.00045899135403646655,-7.0183094833913e-05,-2.830798490080877e-05,0.2317802195509802,-0.0008083540887673379,0.07857567083268355,29.403340165906158,0,0,9.859136239397635,6,1,8.490595909825766,0.07273087424025965,3,2,5,0.066389000039635,0.1372570000057749,0.9886220000225876,0.256444801538472,0.01403995330930862,22.879489267794433,0.6630565583634176,0.6558363417569194,1.0046075546026072,2,1,2779,0.000597921070291864,0.005726212978815731,-5.565759852999008e-07
831,41.6,-103.4816332520065,-84.03098303689745,1.672122282579414,-103.29253619179583,-83.9309728399786,1.6876883891792778,0.0016881900361202058,0.004462389515318725,0.00013148621019123537,-0.0004429731296698726,-6.601893492619262e-05,-2.8009632320840032e-05,0.21391525814692822,0.015566106599863794,0.07842563070475704,31.01443290192783,0,0,2.3777146426219296,6,1,7.455517814451286,0.13225583721583029,3,2,5,0.06107199988036882,0.13630000012199162,1.0901059999923746,0.25639791872831574,0.014041887190886894,22.889266844277763,0.6622596153846154,0.6550480769230769,1.0038296495120287,2,1,2839,-0.0002941699888788972,0.0052962505840786845,-0.0009089811617797317
832,41.650000000000006,-103.52545736417585,-83.6321688983737,1.6650992604687662,-103.3267141238682,-83.52270178508344,1.6681298096251584,0.0016948816612792534,0.004513255092504806,0.0001360930671678482,-0.0004350191724699574,-6.574236030397391e-05,-2.837531442572707e-05,0.22689628569037404,0.003030549156392226,0.07879173023727845,30.3090744564856,0,0,4.982762342990755,6,1,8.291354225947345,-0.19361299103223495,3,2,5,0.06268500010264688,0.1398069998685969,1.1329059998388402,0.25636453795274977,0.014033848979124635,22.898174176345243,0.6614645858343338,0.6542617046818727,1.0036082328338505,2,1,2931,0.00023093018829378192,0.004667024209922451,-0.0026987550510830793
833,41.7,-103.56608988225071,-83.2323885829893,1.659187575481008,-103.36561453454554,-83.14844081508264,1.6718672213942245,0.001695618393495626,0.004513120302290116,0.00013228568117182904,-0.0004192147500417791,-6.382137976141886e-05,-2.7945741016490706e-05,0.21734210998795903,0.012679645913216575,0.07879554997451152,31.3322796305249,0,0,3.354112663897772,6,1,7.7866492331812065,0.0748692795105299,3,2,5,0.07197900004030089,0.14176100012264214,0.9188209996864316,0.25632130584690566,0.014032303491357812,22.908287012621237,0.6606714628297362,0.6534772182254197,1.0030411544467108,2,1,2869,-0.0005826365817756033,0.00399510824349518,-0.0004132574625956842
834,41.75,-103.60401070715422,-82.83180493029161,1.6542697822120678,-103.4061125461558,-82.79168112180986,1.677026999780928,0.001691874025263895,0.00447144145719967,0.0001267290125719716,-0.000402613547127477,-6.0092063411329905e-05,-2.7577121989461742e-05,0.20192474373795055,0.022757217568860177,0.07850678621917703,32.436373260734335,0,0,5.545894686895613,6,1,7.259944870253975,0.05903975229651956,3,2,5,0.07107500005076872,0.14007299978402443,1.3424670000858896,0.25626306625192496,0.01404599426664009,22.919697894355505,0.6598802395209581,0.6526946107784432,1.0029408673469689,2,1,2893,5.9110206794578635e-05,0.003400154720271641,0.001625474249341785
835,41.800000000000004,-103.63966361856448,-82.43011455123595,1.6501669162366914,-103.44482155621728,-82.411674467086,1.6686951287958136,0.0016906671122322854,0.004473310055330198,0.00012853671039851725,-0.0003910043994412765,-5.857426133124066e-05,-2.766930076941388e-05,0.19571271282972277,0.01852821255912218,0.07851100029653478,28.68364983230348,0,0,7.833670881314802,6,1,7.70690178242141,-0.1263333158784037,3,2,5,0.06203200018717325,0.13950399988971185,1.1161889997310936,0.2561991864316388,0.014052209851679428,22.92659257370712,0.6590909090909091,0.6519138755980861,1.0033259448866705,2,1,2915,-0.0006143636528105308,0.0028644784962063075,-0.00014436915146953666
836,41.85,-103.67338842868615,-82.0277782039788,1.6467647279441149,-103.47477462709469,-82.08195179229601,1.649810508201277,0.001680902960455933,0.004395757279276892,0.00012522583048930837,-0.00037099854841578884,-5.260530823251189e-05,-2.6754971667361753e-05,0.20586942428096497,0.0030457802571621784,0.07795293605588455,24.175049593804626,0,0,2.878508951166547,6,1,6.617569266424276,-0.32072532678978266,3,2,5,0.06294400009210221,0.1383460003125947,1.025210999614501,0.2561449558688079,0.014044207546362769,22.92808415915526,0.6583034647550776,0.6511350059737157,1.0026606660391157,2,1,2839,0.0001599163073560166,0.002405286223857409,-0.0008360712443131746
837,41.900000000000006,-103.70550862153628,-81.6247666335999,1.6439224692707288,-103.50401183167594,-81.65413702254635,1.651660782154984,0.0016732942569303395,0.004343869721673102,0.00012030147828468894,-0.000355957361270483,-4.527288333918379e-05,-2.5509988045305955e-05,0.20362606923203325,0.007738312884255194,0.07757038080738962,25.796133907423854,0,0,5.826344403776236,8,1,8.279075995139559,0.21020481286612513,4,1,5,0.062041999626671895,0.1457759999539121,0.8866550001584983,0.25608870296083397,0.01403837075936862,22.931506652888277,0.6575178997613366,0.6503579952267303,1.0023124837858581,2,1,2921,-0.00044750552014867116,0.00201538934672982,-0.0006481040383143899
838,41.95,-103.7370951162612,-81.22195076127818,1.638598277619442,-103.54308422809319,-81.22415906791554,1.6511256605921911,0.0016631817988490213,0.00428685606872342,0.00011495289670407141,-0.00034058017992203695,-4.0692350901077546e-05,-2.4697361558895634e-05,0.1940234556592173,0.012527382972749024,0.0771364885613316,25.67979382078457,0,0,7.475001045069621,8,1,8.121608477888273,-0.03594437150390513,4,1,5,0.06231299994396977,0.14319999991130317,0.9916210001392756,0.2560236837051731,0.014036666636941406,22.934782322933447,0.6567342073897497,0.6495828367103695,1.0022263781418121,2,1,2958,0.0005036550182805167,0.003147557221230129,0.0020861483598331176
839,42.0,-103.76729267837831,-80.81919332110263,1.63104888171934,-103.56621796171754,-80.8417574271869,1.6411700394768154,0.0016484569336344698,0.00417913769550544,0.0001077094613745673,-0.00032373571457671964,-3.526647093142123e-05,-2.4028849800452834e-05,0.2023367998254182,0.010121157757475352,0.07633868370059775,26.579921885769174,0,0,11.81992923198237,8,1,7.337291922567686,-0.0006026773563128918,4,1,5,0.0652180001452507,0.1450819995625352,0.9704829999463982,0.255966465467827,0.014032654877974175,22.939121774793968,0.655952380952381,0.6488095238095238,1.0028279791239085,2,1,2911,-0.0002503366451142357,0.004365849121052887,0.0009082617947147043
840,42.050000000000004,-103.79463831440708,-80.41662218119573,1.6237333113629466,-103.5905592563945,-80.42502412228691,1.6245130530200864,0.0016375498517876,0.0041900659522109375,0.00011603948248779193,-0.0003096148470068514,-3.417239372964047e-05,-2.3612777917072546e-05,0.20425193887305518,0.0007797416571397875,0.07633882239069802,25.893988245832293,0,0,10.496307193843526,8,1,8.498107545629347,-0.2345354906380305,4,1,5,0.06359500002872664,0.14651299989054678,1.1231250000491855,0.25591117956874226,0.014024335332352051,22.942635290217318,0.6551724137931034,0.6480380499405469,1.0032188898952188,2,1,2938,0.0004456401105618355,0.004530593629337068,-0.00131792301132716
841,42.1,-103.81889891982622,-80.01395141345914,1.6171772745494444,-103.60976043910509,-80.04268640789921,1.611126117942427,0.0016233248547360296,0.004155906483349624,0.00011531587837455499,-0.00028937308597479477,-3.2186345069159736e-05,-2.280552908062669e-05,0.21110330178331252,-0.006051156607017383,0.07602125583075864,26.99155473467021,0,0,15.028223703887235,8,1,7.980994956032197,-0.20528640705171042,4,1,5,0.06357199981721351,0.14443000009123352,0.9460400001444214,0.25586261779012687,0.014017556134642542,22.947443983144222,0.6543942992874109,0.6472684085510689,1.0043240781188183,2,1,2906,-0.0002622915491422673,0.004242701527248095,-0.0014658731653738322
842,42.150000000000006,-103.84022656291408,-79.61148902008276,1.6115618662329574,-103.630450316132,-79.67159613569665,1.6228131473873173,0.00160860393962464,0.004128252977164227,0.00011611028479767348,-0.00027110215840284174,-3.0475071219562056e-05,-2.2422319575482183e-05,0.21821764149903028,0.011251281154359916,0.07574204193701717,29.472625498997083,0,0,11.095328639839948,8,1,7.961671267328528,0.27746116189897435,4,1,5,0.06020599994371878,0.14327600001706742,1.0896329999923182,0.2558212435905,0.014014598145617353,22.955184411988654,0.6536180308422301,0.6465005931198102,1.0048065396596269,2,1,2876,0.000415426213621706,0.003776356476666489,-0.000316533416742093
843,42.2,-103.85893864093936,-79.20890131816674,1.606827831079233,-103.62885832169502,-79.25868361766415,1.601070003255673,0.0015873212571742414,0.004016454638638323,0.00010352689677084684,-0.00023980666455476768,-2.5294674994256316e-05,-1.816309378729324e-05,0.235404398104253,-0.005757827823559936,0.07485837224928528,33.45246810422514,0,0,19.540000131422183,10,1,8.099838988879505,-0.026633102359377506,5,1,6,0.061920999996800674,0.3681749999486783,1.2107540001125017,0.2557980172740872,0.014007695365525255,22.967621951908363,0.6528436018957346,0.6457345971563981,1.0060019974347938,2,1,2821,-0.0003173145355561975,0.0032433106437624723,-0.00199854740951233
844,42.25,-103.87542462667425,-78.80643012289168,1.602902731106619,-103.64645259296942,-78.85973440412045,1.5948514101330735,0.0015585909388098713,0.0038032752546776766,9.208439468735193e-05,-0.0001886682987052545,-1.5814399689528444e-05,-1.1581113381156182e-05,0.235094743914526,-0.00805132097354555,0.0732247648919923,34.17997674430286,0,0,10.691972608047376,12,1,7.5195371481005004,-0.2694516949809896,6,1,7,0.062307999996846775,0.17435700010537403,1.1798679997809813,0.25577450678171776,0.014002143987483364,22.980891010834277,0.6520710059171597,0.6449704142011834,1.0058573379629732,2,1,2962,0.00036133957189742153,0.0027672986867139705,-8.359142018177224e-05
845,42.300000000000004,-103.89001661070516,-78.40372784812759,1.599651144573687,-103.66981913868497,-78.47938740015127,1.5989805931667753,0.0015306562617137683,0.003649486897409791,8.85852376779759e-05,-0.00014585115381824157,-1.0928914778640342e-05,-8.017803572895934e-06,0.23283319028116636,-0.0006705514069116347,0.07197321139926688,32.50616362840711,0,0,17.00064579931201,12,1,7.618455904852444,-0.2115987046689643,6,1,7,0.06301999974311912,0.16361100006179186,1.3798340000903409,0.2557486042020929,0.013993885031784142,22.992150198325497,0.6513002364066194,0.6442080378250591,1.006373497693266,2,1,2786,-0.00037811785355321983,0.0023124952505265617,-0.00011450467143614418
846,42.35,-103.9030012033383,-78.00103600312941,1.5969761324167573,-103.69039638603013,-78.05768730089416,1.5975221580853027,0.0015039968041442437,0.003573166365007575,8.924831744300536e-05,-0.00011314352145160081,-9.620614533369573e-06,-6.213086228082034e-06,0.2200231303319551,0.0005460256685454468,0.071254215097437,30.554944638381034,0,0,11.601692353474375,12,1,8.164361837612676,-0.1265338526114469,6,1,7,0.05964999991192599,0.16956299987214152,1.6208030001507723,0.25570936833342467,0.013985634323394598,23.001079117381053,0.6505312868949232,0.6434474616292798,1.0063238542784974,2,1,2906,0.0003067798504034575,0.0019000783161045578,0.0008648283475976015
847,42.400000000000006,-103.91470888896785,-77.59802140663355,1.594765708711991,-103.71154527506249,-77.5631516261936,1.5973164803131432,0.0014769442116460787,0.0035148815007431584,8.774752330023287e-05,-8.77285271386042e-05,-7.165430605241302e-06,-5.785979350548432e-06,0.2061343144724247,0.0025507716011521353,0.0706528535332384,28.72362967607021,0,0,16.194669080978237,14,1,9.069995493679064,-0.16264690082811867,7,0,7,0.06055899984858115,0.42980300031558727,1.3847000000168919,0.2556565687428963,0.013977660109293565,23.007827408134226,0.6497641509433962,0.6426886792452831,1.006512373354856,2,1,2891,-0.00039635700668702665,0.0015996369211705149,8.934812567318318e-05
848,42.45,-103.92532534817545,-77.19500339409043,1.592946370213303,-103.7310777748591,-77.13668652513026,1.6037653003392087,0.001448727096231821,0.003407812400887549,8.302862798924664e-05,-6.64982635512438e-05,-4.518166550174935e-06,-5.517851376174041e-06,0.2028126646553604,0.010818930125905624,0.06968887642313779,28.97641939118917,0,0,9.147904182062675,14,1,8.279212131836644,-0.08801357407383481,7,0,7,0.06060700025045662,0.1681329999883019,1.2732349996440462,0.25560075285193107,0.013974359580055102,23.01485755181274,0.6489988221436984,0.6419316843345112,1.0060704576526474,2,1,2953,0.00029945227370044715,0.0013209807238355356,0.0010383909213778075
849,42.5,-103.935038648196,-76.79169732042267,1.5914374231396646,-103.75254334169935,-76.74710931444281,1.6112424894573696,0.0014205703849141695,0.0033145534766427245,8.159403126592297e-05,-5.327631750756067e-05,-2.516340638767855e-06,-5.720184721326806e-06,0.1878633204501762,0.019805066317704956,0.0688122362778372,29.25401700081593,0,0,17.132599232380155,14,1,8.089341100009676,0.14482507739213515,7,0,7,0.059918000260950066,0.1797300001271651,1.3880829997106048,0.2555316119778874,0.01398264784938617,23.022197739399797,0.648235294117647,0.6411764705882353,1.0063425659406156,2,1,2845,-0.000391077596877241,0.0010827719241434184,-0.002011833324253587
850,42.550000000000004,-103.94437981153821,-76.38849847019084,1.5889035585205091,-103.7601290832055,-76.38269184498773,1.603653885931072,0.001392744122167819,0.003264316579385906,8.132157636017435e-05,-4.501900163145597e-05,-2.3129218744807317e-06,-6.1312368533975105e-06,0.1843422029470865,0.014750327410562925,0.06824266042259582,27.21397508632726,0,0,20.494528238387737,14,1,8.360205762856374,0.04692200672946467,7,0,7,0.06178700004966231,0.17107000030591735,1.184235999971861,0.25545960070202306,0.01398357467325099,23.027123447210524,0.6474735605170387,0.6404230317273796,1.0069137922929625,2,1,2925,0.00034825223846655945,0.0015282582773461571,0.00017849764047106476
851,42.6,-103.95290562186099,-75.98511941415767,1.585813226391581,-103.77110647610482,-75.96312424561476,1.58402549159862,0.0013652712553923968,0.003261737865171168,8.55335347649498e-05,-3.315864961376039e-05,-2.615861458371012e-06,-6.103997210571494e-06,0.18312486679013562,-0.0017877347929609044,0.06802212228799955,24.444801268799445,0,0,7.112136322216155,14,1,8.741756121568073,-0.25840194789494975,7,0,7,0.0638920000710641,0.17291199992541806,1.3899470000069414,0.2553867103111812,0.01397550014652406,23.028787388315678,0.6467136150234741,0.6396713615023474,1.0062917174114265,2,1,2872,-0.00035021344260790973,0.0018441560351949383,0.000505026004387954
852,42.650000000000006,-103.96020456155917,-75.58186795573353,1.5829696361376486,-103.77851012231426,-75.52702241268622,1.591877771356307,0.0013374533693090557,0.003211109411046051,8.213217869622609e-05,-1.6362239419314774e-05,-2.2282837079176117e-06,-5.7160990433770315e-06,0.1897917354488212,0.008908135218658408,0.06744303359395325,26.75383971719241,0,0,13.01323382889121,14,1,8.155895491758352,-0.1058395673238946,7,0,7,0.06143500013422454,0.17346699996778625,1.4366159998644434,0.2553196779716277,0.013970635666730217,23.033154389873562,0.6459554513481829,0.6389214536928488,1.0061961071806074,2,1,2930,0.0003657041671541149,0.0018161883597977413,0.001257870918171644
853,42.7,-103.96625888232097,-75.1784784165828,1.580490100004731,-103.78827345559417,-75.15628161831127,1.5912571816142123,0.001310093630599373,0.0032020321213705235,8.275282839033035e-05,-5.269933388386455e-06,-2.7070991740176815e-06,-6.000322414159299e-06,0.1793641825466575,0.010767081609481366,0.06717235854106879,25.854693138485715,0,0,17.973936617089677,14,1,8.520084066304502,-0.09504128864115302,7,0,7,0.06256200003917911,0.17243499996766332,1.384961999974621,0.2552439554674149,0.013967314128348967,23.036458299415262,0.6451990632318502,0.6381733021077284,1.0065414510964354,2,1,2999,-0.0003332217557483089,0.0016435705874687761,-0.0006804360542753685
854,42.75,-103.97115908454549,-74.77528231751943,1.5784028475003806,-103.80116061528328,-74.77267461427488,1.6034885650691937,0.0012829268508742833,0.0031359925410574595,8.239892069335685e-05,1.4267212853451145e-06,-7.762161423073558e-07,-6.5242064584031916e-06,0.1700184686076972,0.02508571756881306,0.06647495311718349,30.232373265458687,0,0,18.463199500783812,14,1,7.702841892716711,0.3712953234896203,7,0,7,0.0611830000707414,0.1734569996187929,1.5639829998690402,0.25516090432979793,0.013985482073485782,23.044874574229347,0.6444444444444445,0.6374269005847953,1.0069293498706533,2,1,2903,0.0003602385542104012,0.0014123568815424842,-0.001128956034006201
855,42.800000000000004,-103.97508700879744,-74.37195535217991,1.5766647354149406,-103.81844812057452,-74.37235688699324,1.5891876610452522,0.0012557682917033058,0.003106990213323431,8.096631303023633e-05,6.7569143272243515e-06,-1.1604797880795077e-06,-7.105781443237203e-06,0.15663940287782502,0.012522925630311654,0.06605118095103779,21.520398742036498,0,0,12.584828284991877,14,1,8.032238813667854,-0.12692700882714342,7,0,7,0.07202000006145681,0.17170299997815164,1.392321999901469,0.2550680122138999,0.013983862725373303,23.04309364451884,0.6436915887850467,0.6366822429906542,1.0067953386500579,2,1,2824,-0.00032569449152982527,0.0012104544834490411,3.577355208150834e-05
856,42.85,-103.97816760075227,-73.9688283594958,1.5752351505417863,-103.82943787808935,-73.98637376585525,1.5927452363702796,0.0012285256166341542,0.003058062137599418,7.823813904179607e-05,1.5171645807441625e-05,-8.631918542636161e-07,-7.410815081535187e-06,0.14976104863317252,0.017510085828493338,0.06547203795692916,22.074207836736434,0,0,14.717710134391474,14,1,7.688607928817984,0.06526715080224527,7,0,7,0.06243900043045869,0.17330599985143635,1.5044259998830967,0.2549704806931912,0.013988495348803032,23.04196308931723,0.6429404900816803,0.6359393232205367,1.006850443570689,2,1,2907,0.000359172819365181,0.0010029984481204715,0.0010694285209629228
857,42.900000000000006,-103.9805610139668,-73.56556010201876,1.5740590986044074,-103.83440659443612,-73.60741863996773,1.580443753036719,0.0012014668051861961,0.0030118927827557486,7.801011390059552e-05,2.3362712478187973e-05,-2.2220582468314745e-07,-7.781072676489532e-06,0.15203042967635702,0.0063846544323116206,0.06491039660903286,18.951018300912086,0,0,10.272414199190404,14,1,7.552813526630442,-0.1672715136482242,7,0,7,0.06110300000727875,0.17524499980936525,1.6687679999449756,0.2548747052547055,0.013982040246494748,23.037195088398338,0.6421911421911422,0.6351981351981352,1.0065124403872734,2,1,2903,-0.000337258499464743,0.0008404947970231261,0.00024238643016660788
858,42.95,-103.9823763994413,-73.16251816016681,1.5730963658703434,-103.82927182002724,-73.22180246374654,1.571281406758632,0.0011746699390404042,0.0030012179946274464,7.87716736618747e-05,3.2343338222386986e-05,-8.629684800436011e-07,-8.2686135829353e-06,0.1641817312872859,-0.0018149591117113673,0.06462111058831975,21.344072834696266,0,0,15.997843727186684,14,1,7.898110254446917,0.1009330913137079,7,0,7,0.06216400015546242,0.17678199992587906,1.3998389999869687,0.25478789516012723,0.013974036531484492,23.03522404968623,0.6414435389988359,0.6344586728754366,1.006680784865621,2,1,2850,0.0004217869958536517,0.0006943568472004824,0.0013166196626626103
859,43.0,-103.98372438863237,-72.75969584627464,1.572305673342699,-103.83056781376698,-72.84806431040262,1.5771457261901336,0.0011484921319349867,0.0030299589690082323,8.10559610213655e-05,4.405695658319931e-05,-2.3634847927888488e-06,-8.804783804487474e-06,0.17682172343022987,0.004840052847434606,0.06464093982100831,23.651498054638882,0,0,15.904562963441814,14,1,8.366991533387313,0.09144126814337433,7,0,7,0.06274999986999319,0.1716050001050462,1.4607680000153778,0.2547110961637024,0.013966884914307918,23.03594064736641,0.6406976744186047,0.6337209302325582,1.0068404878616812,2,1,2914,-4.324392569987577e-05,0.0005807344441898964,0.0027247197582793703
860,43.050000000000004,-103.98467875664505,-72.35813135505586,1.5716613215169541,-103.82990712438006,-72.42101783626717,1.5720606176414353,0.0011230330914566262,0.003059996400638946,8.125972222017779e-05,5.341157870856369e-05,-3.820263273413328e-06,-9.727804254953349e-06,0.1670597727554763,0.00039929612448119656,0.06467634414602894,22.950101131852684,0,0,2.617151541852469,14,0,8.478873166653337,0.01572508798182278,7,0,7,0.06175699991217698,0.1722160000099393,1.4041300000826595,0.2546267964849726,0.013958778340163127,23.03584094990356,0.6399535423925667,0.6329849012775842,1.0058295124091348,2,1,2870,0.0010034497797620412,0.0004776418801337794,0.0002087952525604564
861,43.1,-103.98531131275756,-71.9584049297776,1.571128023508666,-103.82999715248944,-72.00862570419359,1.5710479807102073,0.0010974326477333916,0.0030237049448795716,7.811291536826453e-05,6.360963973195402e-05,-3.0936573552637137e-06,-1.0456774385005853e-05,0.1632317817176939,-8.004279845863493e-05,0.064196087050637,23.142526769033882,0,0,18.117254213688803,14,1,7.718029347334404,0.04373876939355472,7,0,7,0.060647000282187946,0.1704440001049079,1.293976999932056,0.2545397833785376,0.013950679517767715,23.03596471535499,0.6392111368909513,0.6322505800464037,1.0061845125006161,2,1,2909,0.0006452411565232633,0.0003933814186373292,-0.0009235853107227854
862,43.150000000000006,-103.98580840129532,-71.56172968255389,1.5702411908656693,-103.81955003647742,-71.59326180888654,1.569011335011826,0.001076894997442042,0.0030607055373419872,8.465533890744712e-05,6.85214138870376e-05,-6.194684888516872e-06,-1.9854114524557972e-05,0.16922209921572762,-0.0012298558538432758,0.06432418312566456,26.25177987375624,0,0,7.903414851550014,12,1,8.067214209039701,0.0646196179966378,6,0,6,0.060153000049467664,0.16199499987124,1.2988020002921985,0.25445747676986286,0.013942657362696374,23.039691036511886,0.6384704519119351,0.6315179606025493,1.0057570012974124,2,1,2909,0.0016859507910195646,0.0005414049375837124,0.0013352691198940114
863,43.2,-103.9859982013681,-71.16844038881999,1.5691632764144599,-103.81985966726911,-71.21686989079933,1.583949157247206,0.00105636951449945,0.0030486837128085574,8.600988656998757e-05,7.403497405463284e-05,-6.644101746773138e-06,-2.5880208607036023e-05,0.17305325531329563,0.014785880832746123,0.06407068929946054,30.055013421737346,0,0,4.5772244193738985,12,1,7.500990414504157,0.22891920827071252,6,0,6,0.06419600003937376,0.16683400008332683,1.3187909999032854,0.25437831735925,0.013943662791360958,23.047810622605898,0.6377314814814815,0.6307870370370371,1.004990021404272,2,1,2875,0.0011390457428027947,0.000620094997483709,-0.0010821900600173073
864,43.25,-103.98579038999826,-70.77926968513398,1.5681740452275506,-103.82054954758257,-70.82547198980754,1.5753596221460144,0.0010358826751713714,0.0030376549966606428,8.376266917966749e-05,7.78975358615929e-05,-7.606483637412416e-06,-3.0161907300810235e-05,0.17157852126473544,0.007185576918463887,0.06382427180808266,28.226804018953022,0,0,8.425393525898416,12,1,7.534616732533629,0.007019143089767206,6,0,6,0.06330399992293678,0.16529699996681302,1.3141389999873354,0.25429816116319465,0.013937742040097734,23.053797898208607,0.6369942196531792,0.630057803468208,1.004618396994154,2,1,2927,0.0019921185744015304,0.0006202137400549583,0.0017097857790164817
865,43.300000000000004,-103.98517111392533,-70.39396637514079,1.5673165073565443,-103.81747553154253,-70.41101098501758,1.57701790351717,0.0010161602153341061,0.003068438657861599,9.010026849375034e-05,8.339337675033275e-05,-8.339128577883071e-06,-3.4576748980983735e-05,0.16855956536654995,0.00970139616062582,0.06391086662842012,29.27029460036074,0,0,23.830118317250896,12,0,7.993340261165054,0.35891884922950607,6,0,6,0.06283199991230504,0.16421000009358977,1.3011239998377278,0.254215832732703,0.013933593002342669,23.060976300866983,0.6362586605080831,0.6293302540415704,1.005820878361936,2,1,2903,0.0011954315918916883,0.0005563048432736671,0.000441743826713914
866,43.35,-103.98416818251502,-70.01272933624807,1.5665981196524958,-103.82229980155986,-70.02898830087426,1.5791219027155705,0.0009957325925879497,0.0030466449899041264,8.623864094920605e-05,9.150716441386599e-05,-8.46798811168324e-06,-3.770118374303756e-05,0.16268290224777476,0.012523783063074667,0.0635796947341844,28.765808744798605,0,0,10.06795218957144,12,1,7.46744284883784,0.11766432421041939,6,0,6,0.06317399993349682,0.16350499981854227,1.0976980001942138,0.25412925021317373,0.013932049102275487,23.067556269083745,0.635524798154556,0.6286043829296425,1.0056166863636933,2,1,2872,0.0018314108072710936,0.00046064644435583825,-0.00047439562499906884
867,43.400000000000006,-103.98287124638179,-69.6347959077728,1.5659982426169554,-103.82975461989733,-69.64209223930457,1.586679387404847,0.0009757297697578649,0.003047336898917788,8.581566382493812e-05,0.00010083561572083439,-9.294385354151005e-06,-4.0967875199727594e-05,0.1532903707341191,0.020681144787891625,0.0634276490867796,29.799776670502464,0,0,5.709615029203191,12,1,7.7487963533684985,0.06895827826137853,6,0,6,0.06397700008164975,0.16269699972326634,1.014282000141975,0.2540361082965487,0.013941704542467086,23.07531228337109,0.6347926267281107,0.6278801843317973,1.0049689902341943,2,1,2882,0.0009031733740975169,0.0004030708657692971,-0.001129236223471164
868,43.45,-103.98131500967308,-69.26006714084357,1.565508354134435,-103.84072815129066,-69.25455098020531,1.5718873045588193,0.00095624141195415,0.003055659242033884,8.918124951036002e-05,0.00011200977632671509,-9.641059609905233e-06,-4.4759749274104346e-05,0.14069503466016775,0.0063789504243843,0.06333956625986661,21.36827483165224,0,0,13.378422494311172,12,1,7.847280888845736,-0.29234021923797027,6,0,6,0.06225800007086946,0.16350500027328962,1.4195149997249246,0.25393475680741695,0.013935360722430346,23.073347913461173,0.6340621403912543,0.6271576524741082,1.005103177720102,2,1,2907,0.0014808956489227956,0.00033354289144620444,0.0007909300245549922
869,43.5,-103.97953787184946,-68.88771906678468,1.5651007573295983,-103.84678537113514,-68.92629751196407,1.5722391648126894,0.0009358963920868683,0.0029919511060125877,8.48272037400507e-05,0.00012591717720461732,-8.396943757232752e-06,-4.712317811069885e-05,0.13824443163601063,0.007138407483091136,0.06267254181936022,20.562683540986768,0,0,10.836911122415831,12,1,6.958587683568699,-0.21654420285860118,6,0,6,0.061903999721835135,0.16478499992444995,1.3717510000788025,0.25383205028485184,0.013929452169951947,23.070462092343387,0.6333333333333333,0.6264367816091954,1.0049787542434532,2,1,3004,0.0005353986096987121,0.0002677290749712297,0.0006170959801581333
870,43.550000000000004,-103.97758930210126,-68.51769839710542,1.5647727890413554,-103.84084126649165,-68.51126209989845,1.5562213917467123,0.0009176598086772708,0.0030399633386126034,8.985180747909722e-05,0.00014378171517729894,-1.1278933341797301e-05,-5.138099914385343e-05,0.13689941988490933,-0.00855139729464316,0.06290964272104774,21.022207399916436,0,0,4.244828641420604,12,0,8.334778460950503,-0.16315464942588048,6,0,6,0.05856300003870274,0.16339100011464325,1.149439000073471,0.25372870089328275,0.01392446868151879,23.06811047960811,0.6326061997703789,0.6257175660160735,1.0041855227767966,2,1,2917,0.0011782663451259702,0.00021960724672251338,0.0016102440021632525
871,43.6,-103.97549957664778,-68.14940232803875,1.5645026113487663,-103.83484475362863,-68.1744631145038,1.5662943894821026,0.0008988979488866971,0.0029924156712740463,8.544466362721844e-05,0.00016217589027656652,-1.1245479376542085e-05,-5.444340110589982e-05,0.14286994875338352,0.001791778133336308,0.062380394517514426,22.951250648102608,0,0,14.356464303894725,12,1,7.319642745215602,0.09750481065059427,6,0,6,0.07146699999793782,0.1631519999136799,1.14811200000986,0.25362932290549,0.013916614456322316,23.06797646603987,0.6318807339449541,0.625,1.0044193263078764,2,1,2968,0.00035245523367340414,0.00017849780595865733,5.1399307842814324e-05
872,43.650000000000006,-103.9732954639126,-67.78309777891651,1.5642709163339301,-103.83538448341334,-67.75517381864216,1.5684425733926197,0.0008814928625195535,0.0029843909726894836,8.734862713299631e-05,0.00017867787705224474,-1.2481203211475685e-05,-5.867499695008412e-05,0.14070958069610526,0.004171657058689604,0.06217623207632509,22.01193029560549,0,0,14.68504869927397,12,1,7.788804307295466,0.16368824789476133,6,0,6,0.0635809997220349,0.17776799995772308,1.2654000001930399,0.2535287497871019,0.013909358203342288,23.066766791159647,0.6311569301260023,0.6242840778923253,1.0046858326650636,2,1,2917,0.0011223741707952035,0.00014376853176306572,0.00026070854827597856
873,43.7,-103.97099056144144,-67.41850251038699,1.5640789024193351,-103.8393476177931,-67.40949360627802,1.5843601932657423,0.0008636484731269372,0.002907870572075353,8.665923050893083e-05,0.00019093423608024506,-1.1101128012058921e-05,-6.271710050450488e-05,0.13195084298952317,0.020281290846407174,0.06141269449553806,25.654784781408924,0,0,12.648175765617152,12,1,6.881994471284321,0.4078747354873254,6,0,6,0.06470700009231223,0.1672029998189828,1.3544450002882513,0.2534229760095222,0.013918315772755332,23.069727910141623,0.6304347826086957,0.6235697940503433,1.0047456977311675,2,2,2949,0.0004059175641061843,0.00010926787688622601,0.0004766034233472105
874,43.75,-103.9686155716186,-67.0561506104889,1.5639264364469279,-103.83321926643455,-67.0643731187394,1.564076890662954,0.0008469888841271339,0.002858320531473161,8.419652137939779e-05,0.00020391749124816193,-1.25231337004456e-05,-6.669784207160703e-05,0.13564574854900766,0.000150454216026219,0.06087125278487617,22.255295120635427,0,0,13.702627985041328,12,1,7.2341775017660686,-0.08406398112861238,6,0,6,0.06301300027189427,0.16479999976581894,1.2193779998597165,0.2533196303659806,0.013910361105670616,23.068797129810758,0.6297142857142857,0.6228571428571429,1.004911927995033,1,1,2977,0.0012770538042765115,8.674070057194773e-05,0.0012713401659292245
875,43.800000000000004,-103.96625340718565,-66.69593340967083,1.5636216376601686,-103.83000416224338,-66.67586969573826,1.5583917289032314,0.0008520704784195781,0.0029810901978935367,9.793933052775543e-05,0.00020930175063155863,-2.7596293612653218e-05,-3.676429466229466e-05,0.13771858757664096,-0.005229908756937185,0.06191252438976394,21.857507431380917,0,0,6.182762948260844,8,1,7.4229777479354295,-0.15269865473353852,4,0,4,0.06386899985955097,0.15468600031454116,0.9238180000465945,0.2532177558999335,0.0139035420479002,23.067414379013464,0.6289954337899544,0.6221461187214612,1.0046309757438676,1,1,2933,0.0005854009383570223,0.00016742257323932826,0.0004379791624398166
876,43.85,-103.96381625195188,-66.33843907625923,1.563249860371993,-103.8273996975494,-66.33696076724125,1.5523521277162988,0.0008599072813338279,0.0030514551600092396,0.00010027004308235237,0.00020755604485315327,-3.667258725425356e-05,-1.7309960003904733e-05,0.13642456418328547,-0.01089773265569427,0.06254088615732166,22.241491242802432,0,0,5.774875559673498,8,1,6.843688592538078,-0.16689190327394102,4,0,4,0.06545899987031589,0.15627800030415528,0.8901729997887742,0.25311527385199645,0.013900484817657821,23.06647261945108,0.6282782212086659,0.621436716077537,1.0042890512810083,1,1,2946,0.0014700234326033648,0.0001942518724017039,0.0008672853712670126
877,43.900000000000006,-103.96125652593824,-65.9834931947918,1.5629169652357335,-103.82671613725294,-65.98233905691022,1.5631016972922547,0.0008703712231379879,0.0031306439560001005,0.00010106167354191929,0.0002031869279808076,-4.347018264038047e-05,-5.120455918154763e-06,0.1345453389078936,0.00018473205652114189,0.06325357838998588,21.58286807611282,0,0,4.13080083712349,8,1,7.050864618778544,0.0782745612378697,4,0,4,0.06276799967963598,0.14582100038751378,0.8594480000283511,0.2530118377509178,0.013892567967627369,23.06478286484591,0.6275626423690205,0.6207289293849658,1.0036997530362732,1,0,2906,0.0007253387705522384,0.0001779900355818245,0.00016722909099620153
878,43.95,-103.95859490243116,-65.63157648906322,1.5626245501480431,-103.82566935188993,-65.6363557962372,1.5738483422657277,0.0008825369295292804,0.0032161753970952303,0.00010579047042892546,0.0001931334663463821,-4.7807128790066385e-05,2.2173189400768234e-06,0.13301144222867617,0.011223792117684539,0.06402118654495956,23.72175459140871,0,0,3.925973803767291,8,1,7.204134278455292,0.29535363603060616,4,0,4,0.06379000024026027,0.15565799958494608,0.9549850001349114,0.2529076717786759,0.013889823170165797,23.06553027295349,0.626848691695108,0.6200227531285551,1.003080991845,1,1,2946,0.0015448154054070499,0.0001627637310588198,-0.0002423230881074545
879,44.0,-103.9558441801142,-65.2823341979068,1.5623688866833954,-103.82277892298566,-65.25777761062666,1.5713976138254662,0.0008892007002351995,0.0031835925141301073,8.954206077658653e-05,0.00017389211925084437,-4.174118622535898e-05,5.5564821678006396e-06,0.13531218952308274,0.009028727142070814,0.063818439454168,22.581509397210844,0,0,11.246504297820708,12,1,7.577491334737803,-0.0056711940010313825,6,0,6,0.05959999998594867,0.4094009996151726,1.1794150000241643,0.2528050872648689,0.013885265076723222,23.06498024923106,0.6261363636363636,0.6193181818181818,1.003001627627699,1,0,2904,0.000703197713827148,0.00014791339101610993,8.761905612342247e-05
880,44.050000000000004,-103.95301198868235,-64.9360372039075,1.562149974841791,-103.82794555154432,-64.95925534728201,1.5700916121542035,0.0008854512353634149,0.0029708166087595656,7.03744298427748e-05,0.00014982696736830646,-2.918121932280909e-05,5.41212275375675e-06,0.12720336426431583,0.007941637312412375,0.06209885541717319,20.48603234255636,0,0,14.953530461818843,16,1,6.538470508468571,-0.02586333342936051,8,0,8,0.06030299982739962,0.6202750000738888,1.2656809999498364,0.25269791332250136,0.013879961527813525,23.062052953082734,0.6254256526674233,0.6186152099886493,1.0029193099697398,1,0,2923,0.001492006620500693,0.0001241772962796351,0.0008176436646847307
881,44.1,-103.95010429636478,-64.59220108864132,1.5619690130457204,-103.8313118530264,-64.59777514724098,1.571739631696767,0.0008835908901116916,0.002842280681816031,6.718608651134123e-05,0.0001306760334466551,-2.304942484211847e-05,5.100459887695468e-06,0.11892314629025896,0.009770618651046448,0.06103991785649553,18.675914009466272,0,0,16.559750001610187,16,1,7.004239472361732,-0.06195955577673057,8,0,8,0.06186900009197416,0.18375199988440727,1.301882999996451,0.2525863631743307,0.013875991537482625,23.057080006434642,0.6247165532879818,0.6179138321995464,1.0029578497114837,1,0,2979,0.0006087764312815767,9.641910697964006e-05,-0.0007434317832695214
882,44.150000000000006,-103.94715217479164,-64.25103186935493,1.5618256018210195,-103.8281781038372,-64.26871328946585,1.566956763276366,0.0008748791250438627,0.002557805240173855,5.379371805482898e-05,9.69011120813353e-05,-1.2339409797740655e-05,2.1169535959861998e-06,0.12028076395089164,0.005131161455346422,0.058589114733179896,17.42858500435202,0,0,20.84985314396343,24,1,6.74025280865824,0.09473260970702746,12,0,13,0.06235899991224869,0.7769280000502476,1.882798000224284,0.25247574491250907,0.013869207005326352,23.050705719909068,0.6240090600226501,0.6172140430351076,1.0027967285005437,1,0,2980,0.001365094178233872,8.402673487346427e-05,-0.0006964254937997794
883,44.2,-103.94414922899685,-63.91199140756157,1.5616968379823142,-103.82819700897097,-63.93546135203754,1.5660101397339474,0.0008666504287760803,0.0023687790020439454,5.0476318812260746e-05,7.29775659416032e-05,-7.499613783209866e-06,8.270494614636013e-07,0.11830365853444269,0.004313301751633247,0.05688083535620785,16.546217876892477,0,0,22.2231553445638,24,1,6.819202958418314,0.015445733484945117,12,0,14,0.06401400014510727,0.22508099982587737,1.7461749998801679,0.2523642713867804,0.01386211934764859,23.043347701987106,0.6233031674208145,0.6165158371040724,1.002704603893257,1,0,2966,0.0004940340000129945,6.040191059148194e-05,-0.0011565748779442941
884,44.25,-103.94111096309787,-63.57533536383902,1.5615880478517843,-103.82321163282343,-63.59247864847901,1.5540776155263005,0.0008584530752419306,0.002244005213909544,5.1119100070172915e-05,5.5623801683155135e-05,-4.87582387982387e-06,1.2071424564129568e-07,0.11913918032036873,-0.007510432325483762,0.05569971534174546,17.380990750663408,0,0,16.13387186309969,24,1,6.906640688916922,-0.14096851730401494,12,0,14,0.06265599995458615,0.22034700032236287,1.989465999940876,0.25225344501530367,0.013856585473711387,23.03694955853928,0.6225988700564972,0.615819209039548,1.0023088434825616,1,0,3096,0.0012725389394467022,4.3528687004243676e-05,-0.0011018453288715868
885,44.300000000000004,-103.93805878853354,-63.24060599728256,1.5615002966938665,-103.82383347106902,-63.250870729351746,1.5599852747195353,0.0008501940396028177,0.002161129089470857,5.086955644192652e-05,4.43952914299278e-05,-3.901868946493335e-06,-2.0601741983588175e-07,0.11468560447729154,-0.0015150219743311766,0.05487552395261183,15.48771926437097,0,0,29.30305848422243,24,1,7.013717742911934,-0.04890179988880036,12,0,15,0.06290600003922009,0.22327600026983419,1.7695359997560445,0.2521404895433925,0.013848857054810423,23.028428982586494,0.6218961625282167,0.6151241534988713,1.0025703888494197,1,0,2997,0.0004262424290354391,4.487970942952642e-05,-0.002006229281761307
886,44.35,-103.935009504254,-62.90814648093455,1.5614214671255997,-103.82273614750083,-62.93679452228005,1.5673967674143325,0.0008417499670340504,0.002089382564872562,5.141807652438705e-05,3.2231851147039564e-05,-2.8759606027594033e-06,-6.741830410299988e-07,0.11587069046811194,0.005975300288732832,0.05413993472388577,16.27932608705144,0,0,17.981159519478062,24,1,6.781573408388188,0.20843184462836525,12,0,16,0.06392800014509703,0.23119700017559808,1.6739689999667462,0.2520283494254745,0.013842502314561808,23.020820072895926,0.62119503945885,0.6144306651634723,1.002267694215165,1,0,3047,0.0012608048488531077,5.446100358302267e-05,0.0001466506119669475
887,44.400000000000006,-103.9319313611606,-62.57762120802431,1.5613579507336013,-103.8225866531142,-62.61013676134213,1.5724246374798323,0.0008332329115893811,0.002031099019645378,5.116150287062988e-05,2.0584909670664816e-05,-2.289636219184396e-06,-1.1183996362603293e-06,0.11407684421176402,0.011066686746231014,0.05351945376435338,17.47775561982604,0,0,16.298399835616525,24,1,6.679186753736801,0.20306155829990125,12,0,16,0.06344099983834894,0.22261000003709341,1.9999140004074434,0.2519154901580123,0.013839689528143963,23.014577883196527,0.6204954954954955,0.6137387387387387,1.0018820525671166,1,0,3033,0.0004321228698964343,3.1072175252791076e-05,-0.0012208226198313632
888,44.45,-103.928849402032,-62.24944207704822,1.561302690140982,-103.821969220787,-62.27130187499048,1.574017631712393,0.0008248025846151505,0.001993328369304927,5.188048615624064e-05,9.319500943303381e-06,-1.9829419907699175e-06,-1.5693863998534997e-06,0.10909273078001575,0.012714941571410954,0.05308607118557633,17.351628619161225,0,0,33.168334035459786,24,1,6.741516536222777,0.2669416264832537,12,0,17,0.0645209997856,0.22982000018600957,1.7261430002690759,0.2518003499148493,0.013838475702169017,23.008207861527197,0.6197975253093363,0.6130483689538808,1.0023351298800809,1,0,2998,0.0013072176651484375,2.467829691817483e-05,-0.0006111016585625961
889,44.5,-103.92577322623009,-61.92331145189708,1.5612487611289083,-103.81796081184186,-61.914152655965026,1.568054878477282,0.0008162546781168868,0.0019540698253048697,5.031891015329881e-05,1.992054872558026e-06,-1.8599555871929921e-06,-1.7611317036791526e-06,0.10820074047410878,0.006806117348373775,0.05263387220623006,15.271164983931225,0,0,32.11054836288041,24,1,6.58059555453447,-0.13121847084834593,12,0,18,0.06306399973254884,0.22215399985725526,1.6889870003069518,0.2516849832747858,0.01383258059675832,22.99951455492316,0.6191011235955056,0.6123595505617978,1.0027346589101285,1,0,2983,0.0004920482037616288,2.8876313947589326e-05,0.0005120055416685254
890,44.550000000000004,-103.92270604031721,-61.59967884890842,1.5611498246944118,-103.81927229809104,-61.616062152931065,1.5714039786280907,0.0008075462160985171,0.0019048373130756437,4.78031888058286e-05,-3.5826880342391873e-06,-1.5204142442201814e-06,-1.8961568925848327e-06,0.10472321462602661,0.0102541539336789,0.05208054847228628,15.658548737084912,0,0,21.991429770799762,24,1,6.26671284513385,0.0134287097787316,12,0,19,0.06294600007095141,0.223173999984283,1.9572539999899163,0.25156817117116753,0.013829083448527672,22.991275536047922,0.6184062850729517,0.611672278338945,1.0026318942429147,1,0,3000,0.0013633658553285864,3.8820714107894444e-05,-0.0010674478371033302
891,44.6,-103.91964562386642,-61.278209025295595,1.5610405019316635,-103.81264095993168,-61.31775812481184,1.5643433614755686,0.0007987943129725216,0.0018597924923355821,4.68023513238908e-05,-9.024453253274941e-06,-1.063294916312508e-06,-2.0796794348247233e-06,0.11407948709706953,0.003302859543905079,0.05156148567785943,15.37187117273855,0,0,37.41333299841039,24,1,6.119405887928352,0.037782501002963584,12,0,19,0.06056199981685495,0.21650600001521525,1.6691529999661725,0.2514561304409771,0.013821771960070298,22.982733602905196,0.6177130044843049,0.6109865470852018,1.0032925319872033,1,0,2972,0.0005194291770379676,5.830995643038407e-05,0.000393822209278305
892,44.650000000000006,-103.91657739325726,-60.95930647819492,1.5609313123269706,-103.81556662495409,-61.024947897270245,1.5658393895971665,0.0007900470986721537,0.0018296538826462073,4.650144225352119e-05,-1.19640928506416e-05,-9.325351024307379e-07,-2.1420821681293774e-06,0.12046564328230346,0.004908077270195932,0.051183014578259856,15.688696341155469,0,0,37.00617121056608,24,1,6.189314189777656,0.008185200648922662,12,0,20,0.06144500002847053,0.2243290000478737,1.730737999878329,0.2513476275305044,0.013815007188296537,22.974565588054414,0.6170212765957447,0.6103023516237402,1.0039314777386303,1,0,3053,0.001372343654442605,6.0434674792765154e-05,0.0003147132272784958
893,44.7,-103.91349199696326,-60.6425667908227,1.560817994822588,-103.81400948297957,-60.733517399244164,1.5659255896601696,0.000781233767066739,0.001787266672417697,4.571555399651532e-05,-1.511151826533704e-05,-3.6727606302767506e-07,-2.2591877198206927e-06,0.1347916309002505,0.005107594837581608,0.05068037528949876,17.659385398474438,0,0,17.3455398174141,24,1,5.833551393874393,0.07134424571586218,12,0,20,0.06561400005011819,0.22491000027002883,1.849846999903093,0.2512474609561426,0.013808335185464265,22.968620196343473,0.616331096196868,0.6096196868008948,1.0035983016106527,1,1,3020,0.0004947019083411102,5.729168236809196e-05,0.0011712665261263133
894,44.75,-103.91038703270155,-60.32832590969757,1.5607187920719827,-103.81445706809716,-60.3842909508013,1.5680753020641474,0.0007725502260062835,0.001792504667901951,4.731031106172161e-05,-1.7307735600087586e-05,-9.11027150494169e-07,-2.381009857721048e-06,0.11106144216037737,0.007356509992164639,0.05064637098458521,14.684765911051192,0,0,29.828678716858086,24,1,6.479122131719056,0.015551989286410304,12,0,20,0.06021899980623857,0.23409400000673486,1.7668909999883908,0.2511345004483722,0.013802809448068326,22.959364493231416,0.6156424581005586,0.6089385474860335,1.0038814534586902,1,1,3009,0.0013432707020357307,4.6325651415498516e-05,-3.4322838653455534e-05
895,44.800000000000004,-103.90726988459484,-60.01613744599929,1.5606283777529741,-103.81617960043577,-60.07820487134903,1.5627203953631765,0.0007638620171411556,0.0017712625680599003,4.750609950272061e-05,-1.8817305606561165e-05,-5.014331797176107e-07,-2.471737528404784e-06,0.11022615459919052,0.00209201761020239,0.050350020707056874,12.973541026772176,0,0,26.59581789183561,24,1,6.023477676268026,-0.16900921037927935,12,0,20,0.06322699982774793,0.22475600007965113,2.300278999882721,0.2510213305145862,0.013795281874454252,22.94821960096974,0.6149553571428571,0.6082589285714286,1.004004713063144,1,1,3010,0.0004491736239877103,4.316086486522167e-05,0.00035864768008897485
896,44.85,-103.904151133292,-59.70632585650936,1.5605611329354492,-103.81339027676789,-59.768931345762425,1.5558406978440615,0.000755186299910097,0.0017613057367549152,4.772435017160424e-05,-1.9043936776308923e-05,-4.868323954055382e-07,-2.5126686289171383e-06,0.11025869744199986,-0.0047204350913876425,0.050164649272819724,13.446576559702933,0,0,21.260374611858396,24,1,6.133455506766205,-0.14328705211827603,12,0,20,0.06397600009222515,0.2322400000593916,2.1631839999827207,0.25090837797727356,0.013788490874531796,22.937626910845694,0.6142697881828316,0.6075808249721293,1.003865213923944,1,1,2994,0.0012894266897014214,4.19212288229726e-05,0.0004934004759196142
897,44.900000000000006,-103.90100997963043,-59.39843367598,1.5605375639598025,-103.81320669041473,-59.46523360996763,1.5638959276942108,0.0007465030989185699,0.001749061930054445,4.66510880763508e-05,-1.8789902537197823e-05,-5.714964220961182e-07,-2.5388193677688817e-06,0.11032519557130965,0.003358363734408343,0.04995563060329651,12.95111585684855,0,0,22.48907801546327,24,1,6.07261134475512,0.04130213985894647,12,0,20,0.06083900007070042,0.2197499998146668,1.6929849998632562,0.2507956588686911,0.013781267090097365,22.92650607448267,0.6135857461024499,0.6069042316258352,1.003786416404353,1,1,3067,0.0003936409885374987,1.3920543735633763e-05,-9.723728397004194e-05
898,44.95,-103.89788107278083,-59.092799512357125,1.5604941544340338,-103.80470098904323,-59.123104488922884,1.5546780161190874,0.0007379590980256032,0.0017685688599360714,4.781040720804456e-05,-1.9606212752373327e-05,-1.2174202088211171e-06,-2.695036385453968e-06,0.09798428246407032,-0.0058161383149464285,0.05006523702092775,12.884556908775902,0,0,22.736998731971415,24,1,6.549219906976734,-0.01529957776492439,12,0,20,0.062418000197794754,0.2214589999312011,2.104187999975693,0.2506774364450163,0.013774966055907499,22.915335941929047,0.6129032258064516,0.6062291434927698,1.0037199717998315,1,1,3036,0.0012564881492086227,1.326526278556689e-05,-0.0015158147768841168
899,45.0,-103.89476601100118,-58.78900007219679,1.5604407580541775,-103.8009260189768,-58.817001372464006,1.5508445711602405,0.0007294087573877706,0.0017499069593839398,4.695362317633822e-05,-1.828531487255806e-05,-7.622721038197361e-07,-2.668780921668245e-06,0.097928631767177,-0.009596186893936931,0.049792727549027783,14.386283635695182,0,0,15.537265564633357,24,1,5.968990539132181,-0.11483336826204893,12,0,20,0.064510999891354,0.22437400002672803,2.2136889997455,0.2505593969681924,0.013771026669155199,22.905859217144343,0.6122222222222222,0.6055555555555555,1.0033007554391176,1,1,3045,0.00037398264796552534,2.2953681186596474e-05,-0.0008353530674258813
900,45.050000000000004,-103.89165894304445,-58.487425068553726,1.5604201185557294,-103.79678118953628,-58.5413997367805,1.5519863153351379,0.0007207115286758999,0.0017170242687992434,4.461811959964636e-05,-1.7284186331922882e-05,-3.039103669929118e-07,-2.653933229980741e-06,0.10915609429137474,-0.008433803220591507,0.049373432101436326,15.65671107787905,0,0,33.18239274412139,24,1,5.660214182034883,-0.0024275478958423642,12,0,20,0.060165999911987456,0.2248860000690911,1.788320000287058,0.25044671591991535,0.013766250089160152,22.897813547733392,0.611542730299667,0.6048834628190899,1.0037464651244674,1,1,3049,0.0012550519283485433,1.9135846999087585e-05,0.0006483297862951432
901,45.1,-103.88853679852625,-58.18768898429497,1.5604158574979863,-103.78873730875816,-58.24919232432564,1.5531854105455807,0.000712075789690449,0.0017141203712211445,4.628124666906869e-05,-1.6629342361172438e-05,-2.9516864885679917e-07,-2.736184324589344e-06,0.11722883174756456,-0.0072304469524056,0.049256432685605575,17.176778710619335,0,0,27.898562028270348,24,1,6.031621614073527,0.1159678906635464,12,0,20,0.0687849997120793,0.22127500005808542,1.77208300010534,0.2503382809326236,0.013760723146662443,22.89147093704923,0.6108647450110865,0.6042128603104213,1.0039327252411185,1,1,3061,0.00037139530592544877,-1.1269596342524336e-05,-0.0005306581276594002
902,45.150000000000006,-103.88545668233378,-57.890195425413204,1.5603757769235802,-103.781597001264,-57.949193829361135,1.558793304993145,0.0007034780091877137,0.0017144533873179918,4.728079474525452e-05,-1.6413632139929913e-05,-3.6143909307364346e-07,-2.8557595591464056e-06,0.11944724785577691,-0.0015824719304351476,0.04917246583715022,17.256674925672332,0,0,25.90005608258491,24,1,6.062952702448833,0.16063586315403258,12,0,20,0.06307800003924058,0.2168739997614466,1.7018130001815734,0.25023120109895197,0.013753202409221083,22.885230852872734,0.6101882613510521,0.6035437430786268,1.0040209272085274,1,1,3025,0.0012771673424617324,1.4079224211875606e-05,-0.0013195186751611132
903,45.2,-103.88239804059292,-57.59458236515362,1.5603257094950864,-103.78072335503855,-57.67107987348566,1.5735049670931964,0.0006947605387524412,0.0016775479742830856,4.5574484234423326e-05,-1.7828422993971e-05,4.260879688580702e-07,-3.015079037387554e-06,0.1272384001140802,0.013179257598110006,0.04870634982253882,21.834776155828703,0,0,23.124970909949795,24,1,5.386325477322218,0.20673466441392638,12,0,20,0.06199100016601733,0.2169839999623946,1.732866000111244,0.2501285624645261,0.013752580748093034,22.8840688454645,0.6095132743362832,0.6028761061946902,1.0039735261867158,1,1,3138,0.000381662109175696,2.9319899702387425e-05,0.00037935856544057955
904,45.25,-103.87933619516599,-57.301250924819854,1.5603054694708023,-103.7822047215508,-57.372337289330645,1.5715663505961768,0.0006860951541843143,0.0016927652357289645,4.635979304219769e-05,-2.0419071037318072e-05,-3.3833971402881994e-07,-3.2887512108041057e-06,0.12036525406453404,0.011260881125374489,0.048773562407448554,19.19390450672259,0,0,16.903103555301314,24,1,6.193147918676757,-0.029903779203166357,12,0,20,0.06125600020823185,0.22989899980530026,1.6778809999777877,0.25002234810596763,0.01375007667933168,22.879991315808432,0.6088397790055249,0.6022099447513812,1.0036230261344163,1,1,3005,0.0012898849954286254,1.2596225098064943e-05,-0.0006326732324368756
905,45.300000000000004,-103.87627416279192,-57.00981563082094,1.56030187420333,-103.78427829882807,-57.040768278669276,1.5586227678762485,0.0006778095329013282,0.0017457584600610104,5.06325073524121e-05,-2.0874346690761735e-05,-1.3119984280328582e-06,-3.5154807344183757e-06,0.09706340914720395,-0.0016791063270815698,0.04922974703329623,12.987227457163534,0,0,24.83817476638943,24,1,6.7998514183150345,-0.23415900528964045,12,0,20,0.07000100004006526,0.21941499971944722,2.359510000133014,0.2499051349269243,0.013742599463796744,22.86907215040154,0.608167770419426,0.6015452538631346,1.0036595926326235,1,1,3041,0.0003810410097382095,-3.9899452603795326e-06,0.001268142378839432
906,45.35,-103.87324665080152,-56.720661162929154,1.5602733783796667,-103.78604592613036,-56.768737146048736,1.5641656434982947,0.0006692510275706741,0.0017046108753961428,4.516993899117778e-05,-2.0597850046664317e-05,-5.991673453490129e-07,-3.5375288337793257e-06,0.09957543138791954,0.0038922651186279467,0.04872229369566684,12.903692482216467,0,0,28.295467521329936,24,1,5.462591185215998,-0.015560401160133217,12,0,20,0.06048900013411185,0.21506599978238228,1.673692000167648,0.24978921553203876,0.013735629555326041,22.85808496223375,0.607497243660419,0.6008820286659317,1.0038641646521755,1,1,3116,0.0012839935179512678,1.123695142823295e-05,-0.0002192589409433232
907,45.400000000000006,-103.87023981409888,-56.43336041846619,1.560229968853898,-103.78756899641893,-56.50131103601513,1.566813531915507,0.0006606661080894366,0.0016708558409068313,4.4431299226408925e-05,-2.0652000094994797e-05,1.4661711055973888e-07,-3.6104072144337e-06,0.10701285213073815,0.006583563061608899,0.048285835904499655,13.832018210124913,0,0,22.675657806741448,24,1,5.401619525767654,-0.14634381829834936,12,0,20,0.05972700000711484,0.21462199993038666,1.8914960000984138,0.24967688655309714,0.01372980227768578,22.84814436008385,0.6068281938325991,0.6002202643171806,1.003795347531696,1,1,3029,0.00036921781166227583,2.2761027658744382e-05,0.001710353397412323
908,45.45,-103.86722915919535,-56.14829926256852,1.560211326726268,-103.78352011513047,-56.18843467684559,1.558895611659441,0.0006521174518761301,0.0016676879310932949,4.613323442851302e-05,-2.0568761387151803e-05,1.1812152155931217e-07,-3.7478932773871053e-06,0.09283348284669173,-0.001315715066827039,0.048164358014712756,11.632065583824879,0,0,34.16032067048265,24,1,5.810106241820438,-0.19366106114581438,12,0,20,0.059453999710967764,0.22717000001648557,1.8580189998829155,0.24955850862602838,0.01372231744407623,22.83580543953791,0.6061606160616062,0.5995599559955995,1.0042837658635608,1,1,3078,0.0012606574103407725,4.172543253427259e-06,0.002804060809197928
909,45.5,-103.86423751816793,-55.86502699745229,1.560178969319023,-103.78546853594048,-55.888817164811094,1.5674222154415274,0.0006435548894597773,0.0016575585905499797,4.483144776953076e-05,-2.010407143578432e-05,-4.9968603913494625e-08,-3.8511125007672885e-06,0.08228319770224883,0.0072432461225044875,0.047969922660035184,11.072121873360615,0,0,15.242014110021437,24,1,5.703142829180987,0.03779427465450072,12,0,20,0.060169000335008604,0.2237969997622713,1.6847829997459485,0.2494362652250106,0.013716877348290225,22.822878314739913,0.6054945054945055,0.5989010989010989,1.0038544637186622,1,1,3142,0.0003329465198633501,1.1490753755051422e-05,-0.0010508215068609772
910,45.550000000000004,-103.86125756542928,-55.58391404994301,1.5601601940333385,-103.78549596027283,-55.58858498840815,1.5668131993141579,0.0006350637314836293,0.0016652826019222995,4.516084365347347e-05,-2.091157085268737e-05,-4.883952436666429e-07,-4.090703103235684e-06,0.07590545752466155,0.006653005280819357,0.0479619258725703,10.037011935918182,0,0,35.35722757386069,24,1,5.978005831613961,0.010012122184501985,12,0,20,0.061330999869824154,0.21827199998369906,2.0809570000892563,0.2493120094544569,0.013711118721991319,22.808843335180285,0.6048298572996706,0.5982436882546652,1.0043996011772671,1,1,3065,0.0012390714261495445,7.47493734313393e-06,-0.0005586172542506596
911,45.6,-103.85828727038266,-55.30452938191793,1.560156465607812,-103.7828378461056,-55.29935910563256,1.5655446318569668,0.0006266108826565024,0.001657951917653883,4.4821168668418916e-05,-2.1711265647682138e-05,-4.083014379908134e-07,-4.310747027604429e-06,0.07562636696687212,0.0053881662491548354,0.04779710033370628,9.786057512693398,0,0,18.119375810471183,24,1,5.731808112975792,0.05984639013219409,12,0,20,0.0610249999226653,0.23049500032357173,1.6652320000503096,0.2491878713731745,0.013704761059073742,22.79456396476089,0.6041666666666666,0.5975877192982456,1.0041102443221925,1,1,3035,0.00030239757151269306,1.9102177565346654e-06,-0.0011630369968949061
912,45.650000000000006,-103.85532706530454,-55.02725429646871,1.560156465607812,-103.78204153176327,-55.00834988870881,1.5623983728453483,0.000618134884990084,0.001637538190757162,4.390053655087599e-05,-2.1606076728767135e-05,-4.290078285710472e-08,-4.435182306098428e-06,0.07568451664099375,0.002241907237536367,0.04749392672486921,9.091266566034601,1,0,32.54837763253787,24,1,5.460098811700403,-0.07717684864599611,12,0,20,0.059857999985979404,0.2189669999097532,1.9471129999146797,0.24906396290345056,0.013697454611757294,22.779554876700953,0.6046002190580504,0.5969331872946331,1.0045182074242014,1,1,3063,0.0012181414344833985,-9.924765238848417e-06,0.0006031288299710447
913,45.7,-103.85239940841255,-54.751669100300475,1.5601550008692122,-103.78330050314516,-54.724521021605106,1.5581684940843816,0.0006096659942238433,0.0016177608092758466,4.4086415639605664e-05,-2.058981533149942e-05,3.6995069843094447e-07,-4.5219945782151e-06,0.07424066867965597,-0.0019865067848305884,0.04719562271545625,8.455038587674723,1,0,29.28769398793724,24,1,5.3723095694996985,-0.16359118532411804,12,0,20,0.061453999933291925,0.2261179997731233,1.6936020001594443,0.2489397884046356,0.013690117112214404,22.763882539404424,0.6050328227571116,0.5962800875273523,1.004767978692033,1,1,3112,0.00028324191680665094,4.8435719867104314e-06,0.0001417577023659078
914,45.75,-103.84949052232666,-54.478162388676985,1.5601179829300609,-103.78048453022559,-54.45450519833753,1.5615279251185168,0.0006011683871498084,0.0016033371320953553,4.34217010062696e-05,-1.980611551742248e-05,3.9161982450024295e-07,-4.651559477135149e-06,0.0729485407709435,0.001409942188455915,0.0469521620295079,8.388272003012233,1,0,21.80838829324953,24,1,5.411695600939069,0.0682025371642797,12,0,20,0.061361999996734085,0.23885000018708524,1.6860760001691233,0.24881540586903975,0.0136827135215074,22.748171489637876,0.6054644808743169,0.5956284153005464,1.0046568976132586,1,1,3122,0.001226107144500902,6.760356494520884e-06,6.225705425721983e-05
915,45.800000000000004,-103.84660101470176,-54.206734967785906,1.5601000065927026,-103.78154677822612,-54.17440200863354,1.5651543825764014,0.0005927503559554872,0.0016129659175500915,4.4089575698716215e-05,-1.9020978597564203e-05,-1.428709455360862e-07,-4.846481385883572e-06,0.07264622447847974,0.005054375983698733,0.04696505374750016,8.481788326547797,1,0,17.666622514602892,24,1,5.800036419288041,0.011164135370100687,12,0,20,0.061252000250533456,0.22968399980527465,1.7001539999910165,0.24869113629504275,0.01367626241894677,22.7325968355297,0.6058951965065502,0.5949781659388647,1.004346796428303,1,1,3089,0.00085598059039731,1.1437140560147632e-05,-0.001199820772990634
916,45.85,-103.84375746574902,-53.939889240963666,1.5600984086960485,-103.77953498529459,-53.89683881881783,1.558645144892016,0.0005844017074963001,0.0016005126062529106,4.42781522411394e-05,-1.8354981565769407e-05,1.55359209161984e-07,-5.030123086107813e-06,0.07731665954149178,-0.0014532638040325452,0.0467430670126513,8.36705974770262,1,0,20.077266737756503,24,1,5.406762301255805,-0.16500241782434194,12,0,20,0.06031200018696836,0.22585899978366797,1.7213510000146925,0.2485686122050443,0.013668887564631884,22.716931037178746,0.6063249727371864,0.5943293347873501,1.004153262384833,1,1,3027,0.0027795270533824265,1.1039833045095484e-05,0.002194412678044433
917,45.900000000000006,-103.84105247962128,-53.685799521693966,1.5600739076140195,-103.77933581654469,-53.664158087773025,1.5559600139883365,0.0005760067868835336,0.0015571544114867004,4.17351814311768e-05,-1.7396311251298434e-05,9.956175030095197e-07,-5.089398323566308e-06,0.06540105628706923,-0.0041138936256830405,0.046186158081943054,7.379294348511035,1,0,28.85565439443093,24,1,4.753669671507234,-0.13258690365407427,12,0,20,0.061126999753469136,0.22030700029063155,1.7759689999365946,0.24844256668726913,0.013662115332262876,22.70022337194054,0.6067538126361656,0.593681917211329,1.0043815638487923,1,1,3163,0.018902930131022774,1.6460728977390457e-05,0.0011956474403778117
918,45.95,-103.83899691502235,-53.491577650558646,1.5600487407417187,-103.7778063354855,-53.49783123383001,1.5554802205593887,0.0005677371276100094,0.00146374591130687,3.543824459731706e-05,-1.7680159333909802e-05,2.9307388733099887e-06,-5.034236801775188e-06,0.06150930277436232,-0.004568520182330005,0.04507197620381072,7.2858992789949015,1,0,18.889291922730415,24,1,3.3355074037624486,-0.03570985413963765,12,0,20,0.06236200033526984,0.2299969996784057,1.7194109996125917,0.2483156495467509,0.013655511759919099,22.683450440392182,0.6071817192600653,0.5930359085963003,1.0041314743968532,1,1,3021,0.026617969706977013,2.9486091542094877e-05,-0.0018377830492042335
919,46.0,-103.83765217403241,-53.364673973705166,1.560039153361794,-103.77761304949117,-53.395394481184,1.559003459689177,0.0005601894573576539,0.001349735014110396,2.9049873304872654e-05,-1.877408119637121e-05,5.5053775009629375e-06,-4.906841707066324e-06,0.06744216822905777,-0.0010356936726170218,0.043702682657567486,7.148509937205429,1,0,26.586254368742367,24,1,1.9315668457063824,0.04052824839246001,12,0,20,0.06212900007085409,0.21685899992007762,1.6939429997364641,0.24819061890901437,0.013648130982539248,22.666564635497412,0.6076086956521739,0.592391304347826,1.004250588332831,1,1,3087,0.026385988365610152,1.9826976217361854e-05,-0.0005308489974660269
920,46.050000000000004,-103.83701481230122,-53.30445893963157,1.5600366233587586,-103.77633168262916,-53.345164681282014,1.5559692102853369,0.0005539187947222477,0.0012381152195301626,2.36440837172077e-05,-2.0172627734467477e-05,8.240637137077105e-06,-4.74520435453074e-06,0.0730711956252817,-0.004067413073421733,0.04233242273072037,8.955846528156068,1,0,20.661756328878027,24,1,0.6951311367792765,-0.02876760664849517,12,0,20,0.062275999880512245,0.22661599996354198,1.6574030000811035,0.24806752795246248,0.013641377975597238,22.651677862308112,0.6080347448425625,0.5917480998914224,1.0040860141943357,1,1,3171,0.026124262377794853,1.0482393959927098e-05,0.0008846662285977303
921,46.1,-103.8369413481375,-53.29866828081845,1.5600400854681755,-103.7748008855034,-53.35742036282033,1.5563960059214725,0.0005488819417163249,0.001141390186425536,1.9961659458653972e-05,-2.1515089156183148e-05,1.0612685521650712e-05,-4.576236050927189e-06,0.0855175083590273,-0.003644079546702983,0.041112919236437846,11.108144098528637,0,0,14.73477237079811,24,1,-0.00013331693738685018,0.005334724344327643,12,0,20,0.0705770003150974,0.22018999970896402,1.726742999835551,0.24794896020940835,0.013634506440435219,22.63915776061204,0.6073752711496746,0.5911062906724512,1.0036386091881302,1,1,3161,0.00579329100128791,-1.1165366638478616e-05,-0.00025691456470600116
922,46.150000000000006,-103.836941163537,-53.298508065518966,1.5600402186262299,-103.77466796207669,-53.35472547376258,1.5562930878215138,0.0005443529711449659,0.0010587091264868407,1.75125247699196e-05,-2.264044990105028e-05,1.2230487241906798e-05,-4.406126987852606e-06,0.08389486640877256,-0.0037471308047161145,0.040038257924537704,11.500838642686814,0,0,20.080082529981524,24,1,-0.0004458730158817801,0.0073779648633508724,12,0,20,0.06225600009202026,0.2183769997827767,1.9299290001981717,0.24782999197161407,0.01362767661843442,22.627090242607785,0.6067172264355363,0.590465872156013,1.0034473508791129,1,1,3085,0.00018298658560619505,1.5386807145577143e-06,-0.0003585987003780211
923,46.2,-103.836941901939,-53.298267731648394,1.5600396859940115,-103.77523998770286,-53.35839966012957,1.5580717264367214,0.0005401387829111231,0.0009872214881925993,1.5797691827483354e-05,-2.3587836611927734e-05,1.3397257916758752e-05,-4.246219189818892e-06,0.08615668890613852,-0.001967959557290122,0.03908145687028213,11.285219293529222,0,0,18.15038287434703,24,1,-0.00027611957675252797,0.017257226504968,12,0,20,0.059396000324341,0.23506099978476414,1.8097539996233536,0.2477120645049459,0.013620454203756455,22.614815490498394,0.6060606060606061,0.5898268398268398,1.0031645346345117,1,1,3168,0.00026511066937367394,3.3234305346945914e-06,-0.0008502254350943872
924,46.25,-103.8369413481375,-53.298050299861416,1.5600400854681755,-103.77637692943009,-53.35136817277297,1.5572658518133569,0.0005361455008535957,0.0009247976184750051,1.4551355507193276e-05,-2.4390512015791976e-05,1.4271182313161607e-05,-4.0980858778959035e-06,0.08068980347714273,-0.0027742336548186586,0.03822228563715939,11.087699739565037,0,0,31.084054102991907,24,1,-0.0005575230931436528,0.012419720852432576,12,0,20,0.062403000356425764,0.21984199975122465,1.6870629997356446,0.24759234468624228,0.013613395404746882,22.602353743740625,0.6054054054054054,0.5891891891891892,1.0034982539331672,1,1,3103,0.00023883925454791743,1.7849776395018466e-06,-0.0006192058025695779
925,46.300000000000004,-103.83693371874297,-53.29787100908993,1.5600400854681755,-103.77598475168024,-53.3347167368762,1.561410323929728,0.0005323111671124948,0.0008698172387574745,1.3626419404393855e-05,-2.5073186485193744e-05,1.4944867258167526e-05,-3.962851024528871e-06,0.07122067285636649,0.0013702384615523755,0.03744500508572497,8.324064504032114,1,0,27.033846152211098,24,1,-0.0006830945115367325,0.03246105035101385,12,0,20,0.06293700016613002,0.21763799986729282,1.7413959999430517,0.24746968714042733,0.01360611728433391,22.58693442490725,0.6058315334773218,0.5885529157667386,1.0036385644382002,1,1,3125,0.0001964009931356409,-5.700495568132349e-06,-0.0016174444928767073
926,46.35,-103.83693353414247,-53.297741311368576,1.5600402186262299,-103.77568344788652,-53.321792177545966,1.564063980361479,0.0005285957620147742,0.0008210234227131027,1.2923272261733019e-05,-2.5653783592045925e-05,1.5474988302255617e-05,-3.83986051342468e-06,0.06580286642878405,0.0040237617352492094,0.03673716353677672,8.010657174950737,1,0,23.766115428746165,24,1,-0.00036858997219796103,0.031921727430576564,12,0,20,0.06054999994375976,0.21927399984633666,1.6877190000741393,0.2473456147620757,0.013599418675884021,22.57121028547903,0.6062567421790723,0.5879180151024811,1.0036233036002218,1,1,3066,0.00014277003018095912,1.2104346398650668e-06,-0.0015697017522788848
927,46.400000000000006,-103.83693353414247,-53.29763449984514,1.5600402186262299,-103.77924420497109,-53.321165096102675,1.5653765904593016,0.0005249781394163241,0.0007774272382411641,1.23828283610563e-05,-2.6148937277452053e-05,1.5897808953357663e-05,-3.7274833694899565e-06,0.062303672929284196,0.005336371833071674,0.036088853925519554,7.9261092744416874,1,0,25.668610228117373,24,1,-0.00010261204921904796,0.037347511546469495,12,0,20,0.061096999615983805,0.22126900012153783,1.6965360000540386,0.24722077075739599,0.013593218209527535,22.555428926630928,0.6066810344827587,0.5872844827586207,1.0036983629653373,1,1,3091,0.00011667073753817138,1.1488541450562653e-06,-0.0019220475107433188
928,46.45,-103.83693371874297,-53.29754675982235,1.5600400854681755,-103.77963846143076,-53.31481083437924,1.5639508560154844,0.0005214481708026426,0.0007382400665956761,1.1954465947659023e-05,-2.6575518351845166e-05,1.623704664810169e-05,-3.6242527891913506e-06,0.059839742485888574,0.003910770547308928,0.03549208696876416,6.950084690050705,1,0,19.74153526776469,24,1,-0.00012872941762611013,-0.0026819335186531916,12,0,20,0.0619580000602582,0.2244310003334249,1.6932949997681135,0.24709547712800742,0.01358650606308527,22.538630924223416,0.6071044133476857,0.5866523143164694,1.003492294258312,1,1,3119,9.510648156375017e-05,1.128318629722824e-06,0.0001503233659341241
929,46.5,-103.83693353414247,-53.29748191195451,1.5600402186262299,-103.78239154294133,-53.3182913571306,1.5646955351890277,0.0005179919184110275,0.0007028248367396182,1.1617950954013423e-05,-2.694086654883892e-05,1.651106477378315e-05,-3.529068949875675e-06,0.05837689451077873,0.004655316562797829,0.03494018825293656,6.935656167512427,1,0,17.245560348634804,24,1,-0.00021642907530255588,0.011084189983355428,12,0,20,0.06303600002866006,0.2255029999105318,1.7884499998217507,0.24697001312665387,0.013580057545659848,22.5218535320119,0.6075268817204301,0.5860215053763441,1.0031685132586168,1,1,3130,7.033058574196882e-05,5.129117383826389e-07,-0.0005496974313889957
930,46.550000000000004,-103.83693353414247,-53.29743232089006,1.5600402186262299,-103.78724490810664,-53.32330712734659,1.566402184914379,0.0005146045395160286,0.0006706619311130391,1.135091657058366e-05,-2.7255738138950857e-05,1.6731871222493094e-05,-3.440786229653542e-06,0.05602200609128029,0.006361966288149112,0.034427699177102554,7.614270315615141,1,0,37.8048317093045,24,1,-9.564855392831106e-05,-0.007741267159914048,12,0,20,0.06192899991219747,0.22104199979366967,1.6665470002408256,0.24684416896271447,0.013574363756691266,22.50584109031867,0.6079484425349087,0.5853920515574651,1.0038178127001178,1,1,3082,5.3657259509628154e-05,5.333965655418553e-07,0.00037569100968548597
931,46.6,-103.83693353414247,-53.29739798861467,1.5600402186262299,-103.78750280464348,-53.32203094205123,1.5666853019806029,0.0005112801371915341,0.0006413232772584766,1.1137919840285997e-05,-2.7528462216347758e-05,1.690906015191175e-05,-3.3588312711302097e-06,0.0552284293983665,0.0066450833543729715,0.0339500134675969,7.829513554993757,1,0,20.96663846273591,24,1,-1.8271810818516395e-05,-0.005499752932320749,12,0,20,0.06524600030388683,0.23583699976370553,1.6553179998481937,0.24671833889324,0.013568825403778711,22.490093957770036,0.6083690987124464,0.5847639484978541,1.00367018472194,1,1,3124,3.734613258729835e-05,3.6927454825534137e-07,0.00027302305679777206
932,46.650000000000006,-103.83693353414247,-53.29737128573381,1.5600402186262299,-103.79029829971557,-53.323896700604195,1.56871427932332,0.0005080110381828731,0.0006144518839889232,1.097121338777427e-05,-2.7761259454563452e-05,1.705069997178223e-05,-3.2823268190691923e-06,0.053651120436558015,0.008674060697090091,0.0335031777921408,9.957894882641218,0,0,25.98900201108045,24,1,6.062843610966834e-05,0.027988966426732445,12,0,20,0.06092300009186147,0.22225100019568345,1.7344429998047417,0.2465923413286594,0.013564524716193117,22.476661804420488,0.6077170418006431,0.5841371918542336,1.0037598844943896,1,1,3119,2.8934388718748522e-05,2.8721353777377313e-07,-0.0014318404719233513
933,46.7,-103.83693353414247,-53.29735221224748,1.5600402186262299,-103.79137134103841,-53.32332320884268,1.5685720285178109,0.00050479494821152,0.0005897490254590099,1.0833730152172631e-05,-2.7960934975525147e-05,1.7162279006946286e-05,-3.2108147207916644e-06,0.05244431432099725,0.008531809891580977,0.03308389296425875,9.685893912850402,0,0,26.492672629769643,24,1,-0.00011430151579230825,-0.009038043428812316,12,0,20,0.06230400003914838,0.2337270002499281,2.0905950000269513,0.24646627126186238,0.013560135253309409,22.46296719211688,0.607066381156317,0.5835117773019272,1.0038731214571492,1,1,3057,2.0724204493282076e-05,2.0515253166021232e-07,0.00047214445658028126
934,46.75,-103.83693353414247,-53.29734458285295,1.5600402186262299,-103.78814530676473,-53.32126873633569,1.5671676462270225,0.0005016271823496389,0.000566962168358217,1.0722659566752277e-05,-2.8130372008536304e-05,1.7248428953845597e-05,-3.1437129013459327e-06,0.05433834972216073,0.007127427600792657,0.03268928495253232,8.38652002508024,1,0,22.66881434463793,24,1,-4.085109789328791e-07,0.0055684597294819145,12,0,20,0.06266699983825674,0.23780999981681816,1.8419180000819324,0.24634084559861394,0.013554886192766962,22.44791216840882,0.6074866310160428,0.5828877005347594,1.0038060715244592,1,1,3145,8.524209472329519e-06,8.206100876953012e-08,-0.00028489320538938046
935,46.800000000000004,-103.83693353414247,-53.29733695345842,1.5600402186262299,-103.79029313153173,-53.32223065460027,1.5674004880939174,0.0004985045398419849,0.0005458759617480043,1.0632951461332812e-05,-2.8270657602337654e-05,1.73130794446448e-05,-3.080242664134502e-06,0.05286798191942261,0.00736026946768753,0.03231687642068753,8.463189831020244,1,0,8.867007758389551,24,0,6.415154502538015e-05,0.006290066873035213,12,0,20,0.06569199967998429,0.22530200021719793,2.321362000202498,0.2462152822506514,0.013549779312907614,22.43297122574067,0.6079059829059829,0.5822649572649573,1.0030901037875237,1,1,3126,8.588681468891098e-06,8.206101608969862e-08,-0.00029632279183733345
936,46.85,-103.83693353414247,-53.29732550936662,1.5600402186262299,-103.7923022889514,-53.319913055859736,1.5669120596441601,0.0004954259399752302,0.000526307623330138,1.0562490589325872e-05,-2.8388225378154033e-05,1.735891599899272e-05,-3.0204414856731082e-06,0.050021448438484606,0.006871841017930258,0.031964567309841194,7.536100584399565,1,0,27.052469420807974,24,1,0.0001978245840233899,-0.02176744031140543,12,0,20,0.0635189999229624,0.2233919999525824,1.9126920001326653,0.24608928797864044,0.013544407549370632,22.417072751203488,0.608324439701174,0.5816435432230523,1.0032300092239155,1,1,3123,1.226329585476422e-05,1.2309150990577867e-07,0.0010629612021149093
937,46.900000000000006,-103.83693353414247,-53.29732169466936,1.5600402186262299,-103.79001716011477,-53.313484866808935,1.566744047504332,0.0004923894103109888,0.0005080989983260905,1.0508834209156836e-05,-2.8485537976982555e-05,1.738899342521575e-05,-2.9640716177529225e-06,0.049622517928062736,0.006703828878102058,0.03163049807760035,7.350909343989533,1,0,22.89144857495902,24,1,-0.0002564505886649946,0.034143654602785366,12,0,20,0.06420899990189355,0.2244870001959498,1.7754169998625002,0.24596341186919005,0.013538955313718386,22.40101074330667,0.6087420042643923,0.5810234541577826,1.0031743564627287,1,1,3160,4.459920352117129e-06,4.1030504825089645e-08,-0.0017007926478980195
938,46.95,-103.83693353414247,-53.29731787997209,1.5600402186262299,-103.78906724301491,-53.30803401136048,1.5644595588197863,0.0004893902868840359,0.0004911123391511449,1.0464477292178147e-05,-2.8562365932054056e-05,1.7405234724666624e-05,-2.9105969377212087e-06,0.049051170202573206,0.004419340193556387,0.03131297855578707,5.543439608006626,1,0,17.38632539971221,24,1,0.00020643894938794467,-0.03200116655477887,12,0,20,0.06221100011316594,0.22018199979356723,1.885004000087065,0.2458376175081458,0.013532512668374916,22.383058058391548,0.6091586794462194,0.5804046858359957,1.002860808508314,1,1,3164,4.306692383485867e-06,4.103050387526523e-08,0.0015173985622825015
939,47.0,-103.83693353414247,-53.29731025057756,1.5600402186262299,-103.79034738453439,-53.31016155636628,1.5634985611967158,0.0004864287160098415,0.00047522848923087045,1.0423243938067774e-05,-2.862168891493076e-05,1.7409549213779614e-05,-2.859828987455008e-06,0.048326239205865075,0.0034583425704859394,0.031010598272860068,4.990860810559894,1,0,27.05121542678497,24,1,4.80173373126708e-05,0.0059441162982391185,12,0,20,0.06209299999682116,0.21681600037481985,1.7063049999705981,0.24571187378190562,0.013525782960259327,22.364555720893854,0.6095744680851064,0.5797872340425532,1.003000441280907,1,1,3180,7.998785696388135e-06,8.206100389932047e-08,-0.0002897374331949365
940,47.050000000000004,-103.83693353414247,-53.297306435880294,1.5600402186262299,-103.78789856331974,-53.30766851401739,1.5639788569411763,0.00048350573414043867,0.0004603437646532323,1.0390019984582357e-05,-2.866662108810623e-05,1.7402898636181304e-05,-2.811446178175256e-06,0.05011787133254281,0.003938638314946452,0.030722133695329022,5.565558598408906,1,0,30.3898363609263,24,1,5.780771059788453e-05,0.011723898949777753,12,0,20,0.062308999986271374,0.22414300019590883,2.157946999886917,0.24558671473905097,0.013519203851266103,22.34670343914839,0.6099893730074389,0.5791710945802337,1.0032958876786895,1,1,3125,4.0894559106911585e-06,4.103050708502676e-08,-0.0005768868140876293
941,47.1,-103.83693353414247,-53.29730262118303,1.5600402186262299,-103.79186379896554,-53.306231104110225,1.5656814962032364,0.0004806185074388157,0.00044636631803231155,1.0362975502724641e-05,-2.869679778943808e-05,1.7386962236381214e-05,-2.7651374362297575e-06,0.045945607366760705,0.005641277577006498,0.03044642549579716,5.947743490291561,1,0,22.628221539778412,24,1,0.0001371424577355631,0.013350458100649245,12,0,20,0.06291699992289068,0.22928199996385956,2.0309359997554566,0.24546089111748198,0.013513276215157053,22.329294776782298,0.6104033970276008,0.578556263269639,1.003228114894473,1,1,3137,4.0186025727824835e-06,4.1030501118919695e-08,-0.0006076976656914646
942,47.150000000000006,-103.83693353414247,-53.29730262118303,1.5600402186262299,-103.79289260707702,-53.302178255310686,1.5650135491428205,0.00047776693502776785,0.0004332162660947537,1.0340142145303038e-05,-2.871659908576317e-05,1.7362756478046085e-05,-2.72117569229757e-06,0.04430998832014403,0.004973330516590657,0.03018249825846962,5.237675873703653,1,0,27.365437244899013,24,1,1.4512173365336209e-05,-0.008497885924268525,12,0,20,0.06230000008144998,0.23664099990128307,1.941170999998576,0.24533495098165076,0.01350708024175169,22.3111700483591,0.6108165429480382,0.5779427359490986,1.003381528597694,1,1,3104,7.844133599494308e-08,-5.429598285519627e-15,0.000419124821200878
943,47.2,-103.83693353414247,-53.29730262118303,1.5600402186262299,-103.79414683871082,-53.30798872751946,1.5647526922130597,0.0004749493920903451,0.00042082211502437073,1.0324538020073574e-05,-2.8725746565758877e-05,1.7331581699970663e-05,-2.6792388354847528e-06,0.044100954350160905,0.004712473586829802,0.02992944214506371,5.015780576912306,1,0,21.85639818680452,24,1,-0.0002011524269946992,0.02660665911347672,12,0,20,0.06032900000718655,0.21984399973007385,1.7256950000046345,0.24520917327094707,0.013500795437762116,22.29284866120714,0.611228813559322,0.5773305084745762,1.0032778392567385,1,1,3141,1.0707772260489755e-07,-1.3617510115507162e-15,-0.0013521561399101323
944,47.25,-103.83693353414247,-53.29730262118303,1.5600402186262299,-103.79191418191452,-53.305791840665,1.56494048471649,0.00047216739026632626,0.00040912005047758236,1.0307851258780123e-05,-2.8725610256441802e-05,1.72935489865535e-05,-2.6388790208977185e-06,0.04581275938466971,0.004900266090260175,0.02968648582678503,5.452006296913398,1,0,26.600245152811596,24,1,-2.7575826300202167e-05,0.0013262103660783232,12,0,20,0.060788000155298505,0.21761200014225324,1.9616679996943276,0.24508392969146506,0.013494591796305489,22.275027663996248,0.6116402116402117,0.5767195767195767,1.0033952311101206,1,1,3098,9.864579973502857e-08,-6.12580664780632e-16,-6.742302211915074e-05
945,47.300000000000004,-103.83693353414247,-53.29730262118303,1.5600402186262299,-103.79480255701648,-53.304357470257294,1.5659211149193002,0.000469417868786407,0.0003980537675190608,1.0299021778434647e-05,-2.8715497693903795e-05,1.725011573470842e-05,-2.6000149409960346e-06,0.04271756230230827,0.005880896293070315,0.029452871444147308,5.759741870705763,1,1,27.56353456007897,24,1,-9.227151035509208e-06,0.03161935525600199,12,0,20,0.062168000113160815,0.21771999990960467,1.7036300000654592,0.24495829582173023,0.013488812695425711,22.25756964518727,0.6120507399577167,0.5771670190274841,1.0035571567524866,1,1,3082,7.649553001321316e-08,-1.736440964007348e-15,-0.0015066241845489436
946,47.35,-103.83693353414247,-53.29730262118303,1.5600402186262299,-103.79483463251425,-53.30395282978234,1.5657411923968283,0.0004667001755811713,0.0003875728366419308,1.0286757984357495e-05,-2.8698332861860256e-05,1.7201659096594156e-05,-2.5628532940025558e-06,0.04262091966062047,0.0057009737705984165,0.029227949162113687,5.611386516982342,1,1,12.102072411628008,24,0,0.00019311217943248298,0.00881820384761985,12,0,20,0.05825400012327009,0.22941999986869632,1.7086630000449077,0.2448328452329784,0.013482961729016847,22.239991838293708,0.6124604012671595,0.5776135163674763,1.0030005189156959,1,1,3103,6.052023390942508e-08,-6.992003238209036e-15,-0.00040365913882833837
947,47.400000000000006,-103.83693353414247,-53.2972949917885,1.5600402186262299,-103.79570041214508,-53.30629871112932,1.5671240582734178,0.0004640147582744396,0.0003776320816527101,1.0280248029007636e-05,-2.8673809131298006e-05,1.7149095439324783e-05,-2.5270638468039133e-06,0.042204707221118,0.0070838396471879506,0.029011150268942278,6.952421011887564,1,1,18.95769371924783,24,1,-0.00012262968011894138,0.02888423181612987,12,0,20,0.0636670001767925,0.22800699980507488,1.8518510000831157,0.24470751910337074,0.01347781244966281,22.22386570872999,0.6128691983122363,0.5780590717299579,1.0027632175638619,1,1,3096,7.675169308507686e-06,8.206101068810233e-08,-0.0014703611843289721
948,47.45,-103.83693353414247,-53.2972949917885,1.5600402186262299,-103.79657380974534,-53.30449580263965,1.5679044063698946,0.00046136088563217205,0.00036819045539581135,1.0270682959416415e-05,-2.8642925513192074e-05,1.7092515649550794e-05,-2.4925342792263465e-06,0.04099706124012733,0.007864187743664708,0.028801932939092532,7.777981021307754,1,1,21.44345053455101,24,1,7.992692548839224e-05,0.009228465399721818,12,0,20,0.06989699977566488,0.22291400000540307,1.6668480002408614,0.24458217663424173,0.013473128218122275,22.20864349093502,0.613277133825079,0.5785036880927292,1.0026416534793705,1,1,3132,3.375515557746977e-08,-6.023692823908216e-15,-0.0004808604251591575
949,47.5,-103.83693353414247,-53.2972949917885,1.5600402186262299,-103.7963685119724,-53.30390716977972,1.566361840661191,0.0004587372367485773,0.00035921143664411796,1.0262017947403117e-05,-2.8606204303809862e-05,1.703278346894886e-05,-2.4593051761664556e-06,0.041100388336924046,0.006321622034961116,0.028599801981704268,6.027177294152912,1,1,13.20956578149281,24,1,-3.684172391085674e-07,-8.911970673059964e-06,12,0,20,0.06355800042001647,0.23317699969993555,1.9319609996273357,0.24445705224259215,0.01346759707805663,22.19161036862262,0.6136842105263158,0.5789473684210527,1.0021391611690924,1,1,3101,2.5909542423158607e-08,5.606587535007413e-15,4.491460914302081e-07
950,47.550000000000004,-103.83693353414247,-53.2972949917885,1.5600402186262299,-103.79639644879303,-53.29865825807997,1.5650969168363407,0.00045614374493100165,0.0003506618650891305,1.0257203819880048e-05,-2.8563858371958626e-05,1.6970347822207466e-05,-2.427201348023364e-06,0.040560002263429255,0.005056698210110788,0.028404323790932468,4.918745112442611,1,1,18.126442654206205,24,1,-0.0001936139951968437,-0.022863312298156954,12,0,20,0.06818900010330253,0.2183010001317598,1.8521970000620058,0.24433203216206836,0.013461513184811017,22.173447523978894,0.6140904311251314,0.5793901156677181,1.001865164812551,1,1,3133,0.0,0.0,0.001272921543568284
951,47.6,-103.83693353414247,-53.2972949917885,1.5600402186262299,-103.79657306980044,-53.29938325585069,1.56781399059963,0.00045357714628793737,0.00034251234885966745,1.026886752985849e-05,-2.8516254535563128e-05,1.690544615699885e-05,-2.396296763725312e-06,0.04041445197819321,0.007773771973400123,0.028215057950456257,7.674412358544368,1,1,17.112188729496637,24,1,0.0004566107884048125,0.060256897788615225,12,0,20,0.059937000060017454,0.21939999987807823,1.8199329997514724,0.2442071855796897,0.013456800014481372,22.158217445023606,0.6144957983193278,0.5798319327731093,1.0015449239022587,1,1,3077,1.1971305467554198e-08,-2.381048740504059e-15,-0.0029866944998504508
952,47.650000000000006,-103.83693353414247,-53.2972949917885,1.5600402186262299,-103.79658368256693,-53.299438690844866,1.5647239807719835,0.00045104052635145563,0.0003347338099367118,1.026086904328615e-05,-2.8464203363322625e-05,1.683859514455353e-05,-2.3663655171244436e-06,0.04040675646241001,0.004683762145753612,0.028031666669824814,4.659887798298515,1,1,23.85895298748963,24,1,-3.4363769068479917e-05,-0.01764153791924112,12,0,20,0.06032700002833735,0.21632300013152417,1.7044979999809584,0.24408253601061508,0.013450593665220075,22.139856133746875,0.614900314795383,0.5802728226652676,1.001536704762993,1,1,3069,1.024028062418622e-08,-4.8929580396483535e-15,0.0008630019612612116
953,47.7,-103.83693353414247,-53.2972949917885,1.5600402186262299,-103.79805750817485,-53.298809503876896,1.563918595344818,0.0004485323048165127,0.0003273021794055596,1.025279506971665e-05,-2.8407978810170805e-05,1.6769878168794835e-05,-2.3373670636741534e-06,0.03890551557171978,0.00387837671858815,0.02785380556085779,3.985341067849914,1,1,22.31191126017501,24,1,-1.7426396963876604e-05,-0.010175869842064917,12,0,20,0.06448100020861602,0.2187619998039736,1.8634429998201085,0.24395782847409767,0.013444128645510306,22.120826243740694,0.6153039832285115,0.5807127882599581,1.001457198418315,1,1,3111,8.700075899940277e-09,-1.3253289773510405e-15,0.0005502115935085428
954,47.75,-103.83693353414247,-53.2972949917885,1.5600402186262299,-103.79853620407401,-53.3009791577714,1.561992898481849,0.0004460520054635198,0.00032019490643815716,1.024601008706252e-05,-2.8348401577323044e-05,1.66996260116656e-05,-2.3093476493000106e-06,0.03857367023470905,0.0019526798556190883,0.027681165291614386,3.3372787044169767,1,1,20.283198227362345,24,1,-0.00010252926424078724,-0.012661718605810167,12,0,20,0.06229000018720399,0.21920200015301816,1.9032499999411812,0.2438332633172411,0.013437236557707719,22.101157607573864,0.6157068062827226,0.581151832460733,1.0012844647841217,1,1,3118,6.918805677751159e-09,-4.259092114596787e-15,0.0006946240086107558
955,47.800000000000004,-103.83693353414247,-53.2972949917885,1.5600402186262299,-103.79651946561476,-53.304464608463284,1.5602729023785562,0.0004435992313118384,0.00031339120666704426,1.0242364135837781e-05,-2.8285502057621304e-05,1.6627792436317196e-05,-2.2821339250452653e-06,0.04104510126952808,0.00023268375232632366,0.02751345921506205,3.925447987017099,1,1,18.507993613066382,24,1,0.0001850071630510254,-0.025015628646334057,12,0,20,0.06109300011303276,0.23267300002771663,1.8730110000433342,0.24370931757223233,0.013430208983974002,22.0821453590168,0.6161087866108786,0.5815899581589958,1.0010304713357334,1,1,3177,4.8624114873634435e-09,3.670307984085299e-15,0.0012275636196137363
956,47.85,-103.83693353414247,-53.2972949917885,1.5600402186262299,-103.79554905482249,-53.30381890113555,1.5575660899320036,0.000441173921168049,0.00030687202351181025,1.0244627240547283e-05,-2.821889558821678e-05,1.655467104387775e-05,-2.255539053159191e-06,0.04189554298198078,-0.002474128694226252,0.027350428601392324,5.630101493336816,1,1,14.207037461456363,24,1,0.00038636811472837887,-0.04168875978318295,12,0,20,0.0600210000811785,0.22539100018548197,1.8430129998705524,0.2435857192790147,0.013423428577444026,22.06495409060961,0.6165099268547545,0.5820271682340648,1.000579456366485,1,1,3071,3.8001739137308194e-09,3.875577644605117e-15,0.0020611245185135907
957,47.900000000000006,-103.83693353414247,-53.2972949917885,1.5600402186262299,-103.79541626214397,-53.30111962532537,1.5586678346065845,0.0004387755249323887,0.00030061925243345865,1.0237727644306075e-05,-2.814919369801732e-05,1.64809226439574e-05,-2.2296985033866496e-06,0.041693065321332205,-0.0013723840196453452,0.027191814528748304,4.829749107981459,1,1,19.451588437807125,24,1,5.9201505231581265e-06,0.011667942635660488,12,0,20,0.06407000000763219,0.2246560002276965,1.727384999867354,0.24346228018666208,0.013416494052007968,22.046963271212295,0.6169102296450939,0.5824634655532359,1.0003700988722215,1,1,3092,2.8093357981555192e-09,4.660211898303475e-15,-0.0005819430109115231
958,47.95,-103.83693353414247,-53.2972949917885,1.5600402186262299,-103.79636112992411,-53.302272558627855,1.558551796150347,0.00043640251049233353,0.0002946172928541272,1.0230942091605867e-05,-2.8076813934106214e-05,1.6406603721977482e-05,-2.2046631124809413e-06,0.040876596674610646,-0.001488422475882878,0.027037377893325023,4.742160580084092,1,1,33.86681143692716,24,1,-1.928893826903515e-05,0.0030442971903737424,12,0,20,0.05825600010211929,0.22768600001654704,1.9748119998439506,0.2433388916617126,0.01340958332074919,22.028918638583384,0.6173096976016684,0.5828988529718456,1.0008219658076813,1,1,3110,2.854074177915333e-09,2.6926109469116072e-15,-0.00015235852915784776
959,48.0,-103.83693353414247,-53.2972949917885,1.5600402186262299,-103.79599952797379,-53.30019200433871,1.5592012381584635,0.000434055575777842,0.00028885145174890414,1.0225723727072357e-05,-2.8002380969674943e-05,1.6331675651560664e-05,-2.1803542221331295e-06,0.041036392905979276,-0.0008389804677664259,0.02688693042217252,4.450250045784522,1,1,18.371970297655047,24,1,-0.00011713772570518252,0.013148223444965813,12,0,20,0.06304299995463225,0.22090900029070326,1.6701320000720443,0.24321572582425893,0.0134026246965403,22.010607525465886,0.6177083333333333,0.5833333333333334,1.0005633688808624,1,1,3215,5.902536110255827e-10,-3.542994943069209e-15,-0.0006892257370054722
960,48.050000000000004,-103.83693353414247,-53.2972949917885,1.5600402186262299,-103.79630061166976,-53.30146462733824,1.5602008060004184,0.00043173282261983536,0.0002833080542552695,1.0223141139503822e-05,-2.792563254274421e-05,1.6256284730498132e-05,-2.156747743071568e-06,0.040846300313381684,0.00016058737418855884,0.026740248257544372,4.029572685207441,1,1,24.92382480257841,24,1,0.0001737214333808204,0.024434074927814187,12,0,20,0.06206399984876043,0.22043699982532416,1.9723840000551718,0.24309272079213806,0.013395650613282527,21.991896771209635,0.6181061394380853,0.5837669094693028,1.000605003712066,1,1,3149,1.097638891975241e-09,-3.1254487697606964e-15,-0.001263041794300257
961,48.1,-103.83693353414247,-53.2972949917885,1.5600402186262299,-103.79629750078477,-53.30068914834755,1.562930502535984,0.00042943625753956313,0.0002779747083267994,1.0226690524617922e-05,-2.784712947740126e-05,1.618084786742528e-05,-2.1337717028914648e-06,0.04077753677940174,0.00289028390975421,0.026597198458979895,4.038658442674091,1,1,27.620864429001916,24,1,-0.0004946798806188741,0.042283463147298576,12,0,20,0.06208800004969817,0.22532200000568992,2.5000010000439943,0.24296989740320518,0.01338901069598873,21.973234361304712,0.6185031185031185,0.5841995841995842,1.0007697672509874,1,1,3200,1.2065713261260436e-09,3.251285515562961e-15,-0.001956555061042309
962,48.150000000000006,-103.83693353414247,-53.2972949917885,1.5600402186262299,-103.79553185929677,-53.29997240291376,1.563731356697236,0.0004271639550690355,0.00027283932192664586,1.0228033983239907e-05,-2.776685959941479e-05,1.6105257053461713e-05,-2.111427069377964e-06,0.04148815747129384,0.0036911380710060726,0.026457575039970715,4.484622748052762,1,0,23.573311113959,24,1,-0.0005491455541611004,0.039729230363056735,12,0,20,0.06236100034584524,0.2168169999094971,1.8874200000027486,0.2428473921605658,0.013382585778313449,21.95507380926603,0.6188992731048806,0.5835929387331257,1.0007494512916928,1,1,3045,1.9221996019045625e-10,6.925284191413216e-15,-0.0022257963195442265
963,48.2,-103.83693353414247,-53.2972949917885,1.5600402186262299,-103.79482116183716,-53.30059776534421,1.5626158305189932,0.00042491458107309527,0.0002678906837676927,1.0221651205891133e-05,-2.768474342602496e-05,1.6029325489079508e-05,-2.089649798614979e-06,0.04224168810951398,0.002575611892763341,0.026321194213803977,4.275726813977787,1,0,10.771001558156424,24,0,-1.6237871285454636e-05,-0.015231079038673533,12,0,20,0.06017800023983,0.22005199980412726,1.83699399985926,0.24272521426269544,0.013375900039997486,21.936734237694154,0.6192946058091287,0.58298755186722,1.0001455588193713,1,1,3111,1.2449925821118649e-09,4.3917814848289855e-15,0.0008522025309503078
964,48.25,-103.83693353414247,-53.2972949917885,1.5600402186262299,-103.7922046558174,-53.29904624260355,1.5653552193978548,0.00042268917208332325,0.0002631192848744735,1.0219106915210865e-05,-2.760106209641013e-05,1.5953424967863692e-05,-2.068394528498987e-06,0.044763148187281394,0.005315000771624945,0.02618794487847026,6.1102423019138,1,0,26.09968019569535,24,1,-0.00015719873831911504,0.02917676489751875,12,0,20,0.05976100010229857,0.22487799969894695,1.7803209998419334,0.2426036967782525,0.013370062522690374,21.920333727916145,0.6196891191709845,0.5823834196891192,1.0002410135909574,1,1,3107,1.2120499051220342e-09,5.335039218759355e-15,-0.001371821574866594
965,48.300000000000004,-103.83693353414247,-53.2972949917885,1.5600402186262299,-103.79369467573419,-53.29489974931999,1.567144215961381,0.00042048727219176217,0.0002585159144996542,1.022380139004345e-05,-2.7515511228888846e-05,1.5877927461516015e-05,-2.0476105562771274e-06,0.04330515053587577,0.007103997335151213,0.026057689588515256,7.68762166865809,1,0,16.32115799821112,24,1,-0.0005999626972318136,0.04744780268449345,12,0,20,0.06028699999660603,0.21909499992034398,1.8470220002200222,0.24248209608699756,0.01336509500979215,21.9056000715401,0.6200828157349897,0.5817805383022774,0.9998914581721086,1,1,3054,-5.116203292365867e-10,-3.33691002102543e-15,-0.0023311378434298646
966,48.35,-103.83693353414247,-53.2972949917885,1.5600402186262299,-103.7948389149776,-53.297650266035475,1.566294247619063,0.00041830635505057625,0.00025407107064918575,1.0215517231283755e-05,-2.7429039499739608e-05,1.5802378551821632e-05,-2.0274976447545014e-06,0.04209611837718641,0.006254028992833227,0.025930241527987393,6.53042780799297,1,0,31.421460744008264,24,1,1.742246350045195e-06,-0.0008081548960283145,12,0,20,0.060182000197528396,0.21769299974039313,1.7988820000027772,0.2423604657901696,0.0133596965046086,21.88970020363571,0.6204756980351603,0.5811789038262668,1.0002287930388787,1,1,3167,5.53402716500206e-10,-2.0035385647618023e-15,3.848382330051692e-05
967,48.400000000000006,-103.83693353414247,-53.2972949917885,1.5600402186262299,-103.79562071971588,-53.294359013970976,1.5644296458304474,0.00041614860627623194,0.00024977722602332746,1.0208217920885302e-05,-2.734186688791974e-05,1.5726816341914604e-05,-2.007866634274734e-06,0.041417008602635974,0.004389427204217533,0.02580553879111148,5.075466585236135,1,0,16.459985428542048,24,1,1.853696830315532e-05,0.0010341992399112128,12,0,20,0.06824199999755365,0.22551800020664814,1.9077590000051714,0.24223890497998776,0.013353539343153246,21.872330127583645,0.6208677685950413,0.5805785123966942,0.9998863136632256,1,1,3164,1.630074167761827e-11,4.799180949815148e-15,-5.3943839156911366e-05
968,48.45,-103.83693353414247,-53.2972949917885,1.5600402186262299,-103.79817381164912,-53.29521191676422,1.5641061528612656,0.00041401231283524366,0.00024562680983809907,1.0201785327439598e-05,-2.725388989795507e-05,1.56516211012548e-05,-1.9888030231954744e-06,0.03881565778546733,0.004065934235035762,0.025683440631530323,4.430710740564825,1,1,20.95287383300954,24,1,1.276109118860627e-05,-0.0028692665632921027,12,0,20,0.0639039999441593,0.2258979998259747,2.2103330002209987,0.24211708941978102,0.013347286316210755,21.854330520373097,0.6212590299277606,0.5810113519091847,0.9997482832998364,1,1,3114,1.251409634666168e-10,-4.027645964025031e-15,0.00013719839043924154
969,48.5,-103.83693353414247,-53.2972949917885,1.5600402186262299,-103.79864643430146,-53.296509412243864,1.5631052006582866,0.0004118986294667892,0.00024161288374979577,1.0197237819094857e-05,-2.7165694712363552e-05,1.557674787033841e-05,-1.9702650630486464e-06,0.03829515830306394,0.00306498203205674,0.025563871248631045,3.881259184652093,1,1,39.15319301638705,24,1,-0.0003160730959396829,0.015614135897847693,12,0,20,0.06689700012429967,0.22444900014306768,1.7661469996710366,0.2419953784034997,0.013340767474698322,21.835801580851737,0.6216494845360825,0.5814432989690722,1.0004348428205427,1,1,3080,2.2325123493579163e-10,-3.66338925319673e-16,-0.0008093872107566291
970,48.550000000000004,-103.83693353414247,-53.2972949917885,1.5600402186262299,-103.79895278679018,-53.300501749980654,1.5649103425571287,0.00040980625598209194,0.00023772858286847816,1.0191753016178523e-05,-2.7076848028092e-05,1.550195112014062e-05,-1.95213964052863e-06,0.03811588209056273,0.0048701239308988065,0.025446705854600713,4.74787522400041,1,1,31.78648136641254,24,1,-1.4097794936099703e-06,-0.0015489833867074517,12,0,20,0.0616429997535306,0.22803600040788297,1.9688470001710812,0.2418738278598251,0.013334812025582624,21.818203304480107,0.6220391349124614,0.5818743563336766,1.0007866363935938,1,1,3166,-4.4827887680572497e-10,-4.163607372385658e-15,7.471519056689857e-05
971,48.6,-103.83693353414247,-53.2972949917885,1.5600402186262299,-103.79856047599992,-53.30109746410403,1.5651595635145918,0.0004077359455392941,0.00023396777036729948,1.0186736267489803e-05,-2.6987481777000317e-05,1.542732548838379e-05,-1.934358502681571e-06,0.03856099566819076,0.005119344888361965,0.025331871543701496,5.015596932859902,1,1,19.194189683593763,24,1,-5.5244619864214905e-06,-0.0001937126785303329,12,0,20,0.06096500010244199,0.21999899990987615,1.7923620002875396,0.24175253911631425,0.013328962258388042,21.80091667241054,0.6224279835390947,0.5823045267489712,1.0005686008915216,1,1,3179,-3.442850404094991e-10,5.937693848851672e-15,9.210263669956475e-06
972,48.650000000000006,-103.83693353414247,-53.2972949917885,1.5600402186262299,-103.79804228724096,-53.299119804440664,1.5650554248822033,0.0004056866725110071,0.00023032466062077015,1.018293372883198e-05,-2.6897473419172673e-05,1.535312254277443e-05,-1.9169534957143774e-06,0.03893403429867015,0.005015206255973403,0.02521926511878919,5.041083093194914,1,1,37.63137003090769,24,1,-5.934846731033647e-05,0.012491399007494824,12,0,20,0.06422099977498874,0.2345769999010372,2.1686620002583368,0.24163150046705323,0.013323081247927507,21.78369176636818,0.6228160328879754,0.5827338129496403,1.001183341032796,1,1,3097,-2.035254168333659e-10,-6.275972358152285e-16,-0.0005947079043835402
973,48.7,-103.83693353414247,-53.2972949917885,1.5600402186262299,-103.79806320503215,-53.30162980195111,1.5642922825965577,0.0004036573657053018,0.00022679374851926112,1.0178931777310213e-05,-2.680681938135141e-05,1.527942649725105e-05,-1.8999550330201508e-06,0.039111290752042185,0.004252063970327846,0.025108785598363034,4.558410268475562,1,1,12.070267012940416,24,0,1.4393893468595874e-05,0.008800397786985223,12,0,20,0.06185500024002977,0.22276999970927136,1.7258299999411975,0.24151067928768472,0.013316937103162455,21.76600667242784,0.6232032854209446,0.5831622176591376,1.0006441034258404,1,1,3051,-9.026048867647353e-10,-2.314957504560814e-15,-0.00046372720971721293
974,48.75,-103.83693353414247,-53.2972949917885,1.5600402186262299,-103.79800776381309,-53.303291343828484,1.5653756855107748,0.0004016487374116782,0.00022337002675766786,1.017668837148767e-05,-2.671578555706379e-05,1.5206044996371863e-05,-1.8832856723373672e-06,0.039384918858917047,0.005335466884544893,0.02500037528057021,5.3679702431409595,1,1,18.848681633338106,24,1,6.370451073129826e-05,0.01937634835137737,12,0,20,0.061017999996693106,0.2320879998478631,1.7426849999537808,0.24139009128936859,0.013311202910731948,21.749188173526004,0.6235897435897436,0.5835897435897436,1.0004113657299447,1,1,3187,-3.302083216950894e-11,1.0257974669046209e-16,-0.0009808991104365283
975,48.800000000000004,-103.83693353414247,-53.2972949917885,1.5600402186262299,-103.79873889591975,-53.30249302384205,1.5626188955360352,0.00039966038044408154,0.00022004859025951236,1.01739837441309e-05,-2.6624412576733375e-05,1.513308244968768e-05,-1.8669506634288032e-06,0.03854672393594787,0.0025786769098052886,0.024893954501115204,3.813602310824299,1,1,25.04757877125521,24,1,5.383582728775185e-05,-0.017379511119991926,12,0,20,0.06472100039900397,0.22593799985770602,1.7309679997197236,0.24126955161217933,0.013304637943645543,21.73081154866668,0.6239754098360656,0.5840163934426229,1.0004580587642202,1,1,3052,6.286541633645733e-11,-5.947190546365824e-15,0.0009436843916774684
976,48.85,-103.83693353414247,-53.2972949917885,1.5600402186262299,-103.80026932329886,-53.30336792369487,1.5635574853873049,0.00039769156218570574,0.00021682489557689878,1.0169738330676471e-05,-2.653286766190042e-05,1.5060679184466187e-05,-1.8510099196597932e-06,0.03716375732786205,0.0035172667610749997,0.02478944246574748,3.9072702305932006,1,1,19.371310334871623,24,1,-2.414365971687128e-06,0.0002563610034468158,12,0,20,0.06262199985940242,0.2237290000266512,1.7784279998522834,0.24114897641532512,0.013298303375576505,21.712568415280728,0.6243602865916069,0.5844421699078812,1.000249514936664,1,1,3137,5.5738167849800986e-11,2.6584580844110686e-15,-1.2500896991785027e-05
977,48.900000000000006,-103.83693353414247,-53.2972949917885,1.5600402186262299,-103.80005800402643,-53.30428991407383,1.5598680253479582,0.00039574234272985197,0.00021369497765728426,1.016980790159446e-05,-2.644137137995809e-05,1.4988744767537604e-05,-1.8354436545531316e-06,0.03753310084601912,-0.00017219327827167064,0.02468678432658122,3.795241228716626,1,1,22.778951969268707,24,1,-4.7951728302834316e-05,-0.028028262071866265,12,0,20,0.0635119999969902,0.2226149999842164,1.8932470002255286,0.24102864617914915,0.013291504053649863,21.694248039834342,0.6247443762781186,0.5848670756646217,1.0001944217079817,1,1,3106,1.2358481203884129e-10,-6.554747768464741e-15,0.0014242702163755894
978,48.95,-103.83693353414247,-53.2972949917885,1.5600402186262299,-103.80234216065506,-53.303881790166734,1.562055005894452,0.00039381202420688194,0.0002106547264269843,1.0172928643406375e-05,-2.6349624636273466e-05,1.4917208553495726e-05,-1.8201778294429534e-06,0.0352129100277362,0.002014787268222129,0.024585905528043222,3.1750286594876984,1,1,31.07605301344067,24,1,0.0001607681511118946,0.03837333440117174,12,0,20,0.06099499978517997,0.22960600017540855,1.9617460002336884,0.24090814402349045,0.01328487007258642,21.675331574685877,0.6251276813074566,0.585291113381001,1.0005115811487983,1,1,3102,1.7388703099065806e-10,-5.521491757847793e-15,-0.0019453357905150348
979,49.0,-103.83693353414247,-53.2972949917885,1.5600402186262299,-103.8048706736003,-53.30303769120811,1.564553949603824,0.0003919002405179269,0.00020770004725356687,1.017037450670649e-05,-2.625810581566165e-05,1.4846138863682765e-05,-1.8053065238892414e-06,0.03257308126000056,0.004513730977594221,0.024486736976810402,3.8094236033551576,1,1,17.287345526699724,24,1,0.0002828291093083912,0.02379640003958684,12,0,20,0.06260200007091044,0.22222000006877352,1.683005999893794,0.24078744850727746,0.01327887317658703,21.657101056347784,0.6255102040816326,0.5857142857142857,1.0002102848933832,1,1,3090,1.589717674982467e-10,4.582255247951524e-15,-0.0011392381973562848
980,49.050000000000004,-103.83693353414247,-53.2972949917885,1.5600402186262299,-103.80468405624167,-53.30194622469768,1.5650599210598335,0.0003900072742941877,0.00020482754199982117,1.0167099379889568e-05,-2.616691254761673e-05,1.477576989713599e-05,-1.7908256196863715e-06,0.03258316731765031,0.005019702433603612,0.024389235664407545,4.191282047804783,1,1,16.01730491074424,24,1,-2.2518141568437857e-05,0.020775823731783195,12,0,20,0.06299100004980573,0.23708799972155248,1.8648059999577526,0.2406669401047697,0.013273071034030548,21.63929695949912,0.6258919469928644,0.5861365953109072,0.9998527955482929,1,1,3124,1.2023789079371216e-10,7.904732972486194e-17,-0.0010325419716536999
981,49.1,-103.83693353414247,-53.2972949917885,1.5600402186262299,-103.80229334863799,-53.302442031983766,1.5651589551621505,0.00038813222358821594,0.00020203371723307258,1.0162772483968197e-05,-2.60755679848883e-05,1.4705988706584925e-05,-1.7766334657735971e-06,0.03502048649800444,0.005118736535920654,0.024293331200584422,4.6312240333548,1,1,26.17761606515264,24,1,2.8648212907001136e-05,-0.014159565913457886,12,0,20,0.06518999998661457,0.22537799986821483,2.1299919999364647,0.24054696572115958,0.013267316711695811,21.621977129635425,0.6262729124236253,0.5865580448065173,0.9999503075731495,1,1,3109,3.6886419607048874e-11,-1.1573300204706307e-15,0.000682630902156145
982,49.150000000000006,-103.83693353414247,-53.2972949917885,1.5600402186262299,-103.80067564233507,-53.29984107073412,1.56252603596828,0.0003862754584465685,0.00019931539190852504,1.015950282512603e-05,-2.598379936861576e-05,1.4636887791178866e-05,-1.7626286219038445e-06,0.03634717645588341,0.0024858173420501117,0.02419898449016185,3.5320850016886807,1,1,21.5275864045076,24,1,-0.0001635817878427396,-0.01847935371454929,12,0,20,0.06239300000743242,0.2206979997936287,2.2537750000992673,0.24042737606123382,0.013260803635880001,21.603574390949824,0.6266531027466938,0.5869786368260427,0.9998399457931725,1,1,3129,3.310609236552167e-11,8.145235121166083e-16,0.0008793894201515329
983,49.2,-103.83693353414247,-53.2972949917885,1.5600402186262299,-103.80283877698946,-53.29716612674543,1.559556620205396,0.00038443716930011397,0.0001966701883738263,1.0167616227276932e-05,-2.5891802364725056e-05,1.4568924916103765e-05,-1.7488898271132732e-06,0.034095000682245226,-0.00048359842083378624,0.02410616845693111,3.3784454461729068,1,1,20.265082761887268,24,1,-0.0010701503921075755,-0.049933888491489976,12,0,20,0.062261000039143255,0.21617200036416762,1.763651999681315,0.24030763467602126,0.013254072675767784,21.585052918444966,0.6270325203252033,0.5873983739837398,0.9996734987938349,1,1,3156,5.27395452556003e-11,-1.172941179392426e-15,0.002303425781428725
984,49.25,-103.83693353414247,-53.2972949917885,1.5600402186262299,-103.80143368086273,-53.29728066191198,1.5590516034456359,0.0003826142355223467,0.00019409395400958726,1.0160863305404358e-05,-2.580005005851113e-05,1.4500996502302984e-05,-1.7355125995378539e-06,0.035499856171945274,-0.0009886151805940102,0.024014749416388547,3.8862979556335158,1,1,36.19548217724011,24,1,3.333919215039941e-05,-0.002537560188398446,12,0,20,0.06300200038822368,0.2247989996249089,2.130632999978843,0.2401882835361788,0.013247380462237278,21.567084639294904,0.6274111675126903,0.5878172588832488,1.0002173186782461,1,1,3027,-1.536998453781261e-11,5.212529625495085e-15,0.00012737291399389505
985,49.300000000000004,-103.83693353414247,-53.2972949917885,1.5600402186262299,-103.80129457361576,-53.299107629579616,1.5589043793858446,0.0003808086259520214,0.00019158465127755916,1.0155825881180047e-05,-2.570814883820848e-05,1.4433671348100075e-05,-1.722333809810228e-06,0.035685027156866014,-0.0011358392403852946,0.02392474194697992,3.979727785539606,1,1,28.353291212847545,24,1,-4.567953576291672e-05,-0.01378140405322319,12,0,20,0.062368999806494685,0.2256410002701159,1.7568240000400692,0.240069143175605,0.01324071042969138,21.549247563378316,0.6277890466531441,0.5882352941176471,1.0004108761731076,1,1,3069,-4.6322951252926524e-11,-8.652019393210396e-16,0.0007030121516438115
986,49.35,-103.83693353414247,-53.2972949917885,1.5600402186262299,-103.79996293718263,-53.299052100225744,1.5594931964666179,0.0003790200506949535,0.00018913967921356013,1.0150876436909819e-05,-2.5616337069999872e-05,1.4366711808045453e-05,-1.7093606324834858e-06,0.03701232861666089,-0.0005470221596119984,0.023836101399107062,4.00325684749682,1,1,18.791921462501115,24,1,0.00014922682170278182,-0.010805668270099992,12,0,20,0.07159800043154974,0.22709199993187212,1.6950889998952334,0.23995038897165222,0.013234012630819308,21.531470470454423,0.6281661600810537,0.5886524822695035,1.000178843997474,1,1,3100,-1.425434412276956e-11,3.0012645927651667e-15,0.0005514018237589013
987,49.400000000000006,-103.83693353414247,-53.2972949917885,1.5600402186262299,-103.79892359645339,-53.297994348343195,1.560391096216362,0.0003772484023902226,0.00018675654205051824,1.0145845896012526e-05,-2.5524466459161134e-05,1.430041611114642e-05,-1.696587465128246e-06,0.03801637098301912,0.00035087759013219255,0.023748788273104393,3.970739329249654,1,1,12.09447176016528,24,0,-1.3642475278348813e-05,0.003658335412126921,12,0,20,0.06304699991233065,0.22203400021680864,1.8718149999585876,0.2398319754965493,0.013227318270811795,21.513696451080733,0.6285425101214575,0.5890688259109311,0.9996498007984789,1,1,3121,2.502677169005648e-11,-8.208142471184489e-16,-0.00018118172883996309
988,49.45,-103.83693353414247,-53.2972949917885,1.5600402186262299,-103.79871586277578,-53.29800063890349,1.560499093090554,0.0003754927798849365,0.00018443307165906916,1.0143550386696667e-05,-2.5432567359123925e-05,1.4234646773710912e-05,-1.68403330019198e-06,0.03822418530908931,0.0004588744643241327,0.02366275240845844,4.00974314622667,1,1,12.088858018244522,24,0,0.00016216760071550691,0.021249211543571525,12,0,20,0.06202399981702911,0.23050100026011933,1.8786989999171055,0.23971377658112114,0.013220637413119622,21.49599781275429,0.6289180990899899,0.58948432760364,0.9991216353209799,1,1,3094,4.5257045952224234e-11,3.611443873021757e-15,-0.0010175378993153572
989,49.5,-103.83693353414247,-53.2972949917885,1.5600402186262299,-103.79934876290966,-53.30060337633049,1.5613192770394928,0.00037375320227489946,0.00018216687528474195,1.0139362294469474e-05,-2.534081375347467e-05,1.4169348354622122e-05,-1.6716994640793113e-06,0.03773009987928429,0.0012790584132629235,0.023577957450967663,3.785048285124562,1,1,32.795187301079345,24,1,0.00031973032393226464,0.009279845827561906,12,0,20,0.06262299984882702,0.24066300011327257,2.0671699999184057,0.23959567921120095,0.013214021165547499,21.47810796474658,0.6292929292929293,0.5898989898989899,0.9995124273446224,1,1,3097,5.4736207696108246e-11,6.092527462217064e-15,-0.0004633593373002398
990,49.550000000000004,-103.83693353414247,-53.2972949917885,1.5600402186262299,-103.80187709676287,-53.301833125674364,1.5612771788278517,0.00037203052676862083,0.00017995593893646082,1.0135082235673056e-05,-2.5249427091167596e-05,1.4104597930219991e-05,-1.659566290293409e-06,0.035348952755583724,0.001236960201621784,0.023494392218252457,3.330571590439092,1,1,30.65117518780014,24,1,6.1000397920007795e-05,-0.0029422737115881465,12,0,20,0.06066900004952913,0.21856999956071377,1.7624380002416729,0.23947739550275282,0.013207410919984517,21.459795617244758,0.6296670030272452,0.5903128153380424,0.9998074537762346,1,1,3195,7.814998782771407e-11,2.133209238120841e-15,0.00015526378992936074
991,49.6,-103.83693353414247,-53.2972949917885,1.5600402186262299,-103.80267586972343,-53.30253085878764,1.56133385984851,0.0003703237816274,0.00017779839753624276,1.0132130182777089e-05,-2.5158634304910563e-05,1.4040239703607869e-05,-1.6476991991557449e-06,0.034655473949732424,0.0012936412222801508,0.02341200929360064,3.2171545091803067,1,1,31.761740691683155,24,1,0.00017057791369643442,-0.014145512645950615,12,0,20,0.06303400004981086,0.2255990002595354,1.7046509997271642,0.23935918976686976,0.013200816178184438,21.44140585806324,0.6300403225806451,0.5907258064516129,1.0001509765027496,1,1,3144,7.1115257403948e-11,-2.477646269516676e-15,0.0006649191956968892
992,49.650000000000006,-103.83693353414247,-53.2972949917885,1.5600402186262299,-103.80373713494323,-53.30361752150964,1.56249295678401,0.00036863318260324697,0.0001756923727585514,1.0132050513442096e-05,-2.506822291041037e-05,1.3976539262486316e-05,-1.6360498929134001e-06,0.03379312506812803,0.002452738157780132,0.02333078557103893,3.2289831626088654,1,1,29.61141664238141,24,1,-0.00012356440666204768,0.027184978423644354,12,0,20,0.06217800000740681,0.22530100022777333,1.9262559999333462,0.23924103964979845,0.013194397148994823,21.423065049709308,0.6304128902316214,0.5911379657603223,1.0003987581043012,1,1,3091,0.0,0.0,-0.0012475796975195408
993,49.7,-103.83693353414247,-53.2972949917885,1.5600402186262299,-103.80194695213315,-53.30309637097819,1.5621430749649896,0.0003669577640348535,0.00017363575267891073,1.0128191965631286e-05,-2.4978197109446e-05,1.391318033426392e-05,-1.6246102112822135e-06,0.03546430488812311,0.0021028563387597288,0.023250667016534478,3.464357427042648,1,1,28.316274422957854,24,1,0.0001672563534772572,0.009110336904337036,12,0,20,0.06114000007073628,0.22035599977243692,1.7053540000233625,0.23912331253109487,0.01318792712477578,21.404997939424934,0.630784708249497,0.5915492957746479,1.0005888492160797,1,1,3141,-4.3438008920076144e-11,1.7433929794064283e-15,-0.0004439535550773144
994,49.75,-103.83693353414247,-53.2972949917885,1.5600402186262299,-103.80159894751151,-53.29973514769514,1.561584844882117,0.0003652973273144523,0.00017162698026917847,1.0126265407723806e-05,-2.488817799173501e-05,1.3850423181415169e-05,-1.6133236521457266e-06,0.03541874324746717,0.0015446262558871382,0.0231716272105269,3.422228989737398,1,1,23.63391105087765,24,1,0.0002098255079569518,-0.02006303303920147,12,0,20,0.06289099974310375,0.23150200013333233,2.1539590002248588,0.23900575744551084,0.01318138931634759,21.38692480480213,0.6311557788944724,0.5919597989949749,1.0005720846071595,1,1,3114,-2.676054852619184e-11,-3.616919346502717e-15,0.0009770399890838277
995,49.800000000000004,-103.83693353414247,-53.2972949917885,1.5600402186262299,-103.80351664899571,-53.298197335706284,1.5613591127741389,0.0003636518290398472,0.00016966440975293284,1.0125212908878308e-05,-2.4798382620913176e-05,1.3788565267795422e-05,-1.6022677718199783e-06,0.03342906575807897,0.0013188941479089777,0.02309364065695966,3.0823825668307516,1,1,19.569437753915576,24,1,-0.00020086965699991647,-0.024136198111206802,12,0,20,0.06350699959511985,0.2223220003543247,1.6935430003286456,0.23888809287561885,0.013174836771862148,21.368546750346336,0.6315261044176707,0.5923694779116466,1.000376335299696,1,1,3068,-2.030842944184609e-11,-5.2729361073800375e-15,0.0011128362268211234
996,49.85,-103.83693353414247,-53.2972949917885,1.5600402186262299,-103.8032985546469,-53.29787274312788,1.5608076007912999,0.0003620206772004769,0.0001677463373932205,1.0121222948136215e-05,-2.4709104328830002e-05,1.3727179627650872e-05,-1.5914612192747304e-06,0.03363994117530268,0.0007673821650699963,0.023016668190546114,3.1689396191574546,1,1,19.828009014877995,24,1,-6.410580654079979e-05,-0.007388084142065002,12,0,20,0.06167799983813893,0.2354910002395627,1.707623000129388,0.23877063623886272,0.013168250301111213,21.35029238010442,0.6318956870611836,0.5927783350050151,1.000192376172966,1,1,3130,-6.394514700954921e-14,-6.878274441052823e-16,0.0003734495025127238
997,49.900000000000006,-103.83693353414247,-53.2972949917885,1.5600402186262299,-103.80353270138873,-53.296377532331064,1.55974497835044,0.00036040377024374907,0.00016587169712714765,1.0124815856392712e-05,-2.4620077734391205e-05,1.3666228663226775e-05,-1.5808213873962479e-06,0.033413430840000063,-0.00029524027578986534,0.02294069457036767,3.4076788744639686,1,1,34.9921399761427,24,1,0.00013257136915030982,-0.038327281804394986,12,0,20,0.06426900017686421,0.22404099991035764,1.8508619996282505,0.23865332546728796,0.01316165464588678,21.33231380945749,0.6322645290581163,0.593186372745491,1.0006753017596395,1,1,3114,1.3046338495379386e-11,-1.783528090409558e-15,0.001948617957532317
998,49.95,-103.83693353414247,-53.2972949917885,1.5600402186262299,-103.80352596483156,-53.296259468154474,1.5583111880024028,0.0003588009284204384,0.00016403844149117132,1.0122011382609228e-05,-2.4531376739964677e-05,1.3605825226863341e-05,-1.570371997105838e-06,0.03342361435362537,-0.0017290306238271214,0.022865681050684008,4.1048324367219875,1,1,24.0702690166162,24,1,0.00018308852040983876,-0.02061548226457038,12,0,20,0.06407999990187818,0.2279959999214043,1.8341400000281283,0.2385361934605925,0.01315517932228434,21.315069083358654,0.6326326326326326,0.5935935935935935,1.0006776753886517,1,1,3166,2.067865454395027e-12,-6.180311311506637e-15,0.000973324012011112
999,50.0,-103.83693353414247,-53.2972949917885,1.5600402186262299,-103.80451076106668,-53.29567533853546,1.5593775622914148,0.0003572129709975218,0.00016224542905677152,1.0118702693816773e-05,-2.4443048401914922e-05,1.3546182738873557e-05,-1.5600848364235831e-06,0.03246320209998555,-0.0006626563348151038,0.02279163004381857,3.401548863055825,1,1,23.659370874215114,24,1,-0.00033768114259947725,0.017415172230818496,12,0,20,0.059779000366688706,0.22679399990011007,1.7009289999805333,0.23841910564082133,0.013148616785497783,21.297155563138354,0.633,0.594,1.0006620221721994,1,1,3152,5.1716270052904374e-11,2.0318523837117764e-15,-0.0008851515129206788
1000,50.050000000000004,-103.83693353414247,-53.2972949917885,1.5600402186262299,-103.80402825887957,-53.2958986522886,1.5603192748779335,0.00035563833251226303,0.00016049133571084703,1.0114620402337078e-05,-2.4355134698831245e-05,1.3486809053767147e-05,-1.5499808706617405e-06,0.032934888858572826,0.00027905625170365767,0.02271848736652839,3.223296883953047,1,1,21.227377404632485,24,1,0.00010795292125983784,0.01078660470829052,12,0,20,0.06360999987009563,0.24322300032508792,1.8478870001672476,0.238302259063565,0.013142050363490058,21.279099760262042,0.6333666333666333,0.5944055944055944,1.0005398476573248,1,1,3117,1.3100321334466468e-10,2.1830724038042397e-15,-0.0005166134797036648
1001,50.1,-103.83693353414247,-53.2972949917885,1.5600402186262299,-103.80501287070612,-53.296182492956824,1.5611519067462618,0.00035407759160188435,0.00015877491287707684,1.0110656595837608e-05,-2.426751503671662e-05,1.3427945932861902e-05,-1.5400105351794779e-06,0.0319400439553136,0.0011116881200319284,0.022646247028568798,2.947791231769306,1,1,24.086333900116912,24,1,7.556147260614177e-05,-0.008512812351382473,12,0,20,0.06267099979595514,0.21996200030116597,1.717080000162241,0.23818545334991828,0.01313553776554131,21.260805041171732,0.6337325349301397,0.5948103792415169,1.000543059210036,1,1,3132,4.254262401139932e-11,2.8370554719083796e-15,0.0004148922394962007
1002,50.150000000000006,-103.83693353414247,-53.2972949917885,1.5600402186262299,-103.8042990717574,-53.29696449653244,1.5612669160325865,0.0003525310554161792,0.0001570950751483332,1.0108252653125986e-05,-2.418040396503444e-05,1.3369720179645496e-05,-1.5302075233258824e-06,0.03263613583556127,0.0012266974063566138,0.022574900455251453,3.0634904960522924,1,1,19.653713911907932,24,1,-0.00029606550957240405,-0.017593621641881857,12,0,20,0.06081300034566084,0.23692900003879913,1.8474129997230193,0.23806891753597975,0.013129045144337896,21.242662155284275,0.634097706879362,0.5952143569292123,1.000352462869133,1,1,3123,1.3290766342336863e-10,-5.7550201537492486e-15,0.0009192222729326183
1003,50.2,-103.83693353414247,-53.2972949917885,1.5600402186262299,-103.80441602929652,-53.295683840335364,1.561985292977412,0.0003509978309683292,0.00015545051708553345,1.0105302556008615e-05,-2.4093565139455823e-05,1.3311855159414493e-05,-1.520518375460563e-06,0.032557394404523224,0.0019450743511821855,0.022504407302878757,3.163624287934718,1,1,26.94825533570362,24,1,-0.00010096099240116156,0.014020917654009727,12,0,20,0.06198000028234674,0.22515799992106622,1.8116339997504838,0.23795254621912568,0.013122648724905777,21.22465514545624,0.6344621513944223,0.5956175298804781,1.0004808606777826,1,1,3127,2.350114126241025e-10,-1.7728085006131508e-15,-0.0006623381748793733
1004,50.25,-103.83693353414247,-53.2972949917885,1.5600402186262299,-103.80523615889031,-53.29568209761229,1.559952869319055,0.00034947748968744527,0.00015384017370159407,1.010212813200343e-05,-2.4007082015894255e-05,1.3254449287658898e-05,-1.5109891796836793e-06,0.03173838410348237,-8.734930717491096e-05,0.022434742329454985,3.1386006914510842,1,1,23.836201174629643,24,1,4.6807172272020475e-05,-0.01110277620111124,12,0,20,0.06068199991204892,0.2198990000579215,1.9166379997841432,0.23783623956401084,0.013116118708502305,21.206659071372652,0.6348258706467662,0.5960199004975124,1.0004732106131389,1,1,3134,2.0798072062666055e-10,5.916144502116834e-15,0.0005806880537422288
1005,50.300000000000004,-103.83693353414247,-53.2972949917885,1.5600402186262299,-103.80670119618357,-53.29383763449917,1.5602189368455814,0.00034797024981418726,0.0001522630171690338,1.0099054922329047e-05,-2.3921068700578108e-05,1.3197493318019134e-05,-1.5016143823490915e-06,0.03042938674846458,0.00017871821935155907,0.02236589517509239,2.9233663145874074,1,1,14.762141439705523,24,1,6.961961041569599e-05,-0.01025207841176564,12,0,20,0.06672100016658078,0.2258200001961086,1.8807729998115974,0.23771993725885732,0.0131095993529336,21.188484824099504,0.6351888667992047,0.5964214711729622,1.0000700892910062,1,1,3105,-5.619296532047379e-10,-4.446591303210147e-15,0.00048647820949554443
1006,50.35,-103.83693353414247,-53.2972949917885,1.5600402186262299,-103.80793360194139,-53.29048867532164,1.5623806710826011,0.00034647582580383374,0.00015071803464850728,1.0095855533648756e-05,-2.3835586137705047e-05,1.314110759871107e-05,-1.4924275388284076e-06,0.029787950777365405,0.002340452456371267,0.022297844300567287,3.1164016237595713,1,1,30.882992502894986,24,1,-3.23062219009853e-05,0.006706909683840027,12,0,20,0.06378499983838992,0.2271920002385741,2.1147450001990364,0.23760372846678873,0.013103296070376667,21.170538366105127,0.6355511420059583,0.5968222442899702,1.0003696935386512,1,1,3123,1.657151922523026e-10,6.059674621331509e-15,-0.00033786704298099934
1007,50.400000000000006,-103.83693353414247,-53.2972949917885,1.5600402186262299,-103.80910985985915,-53.29132542136165,1.5616143791506962,0.00034499355586180947,0.00014920425995968142,1.0092841123950717e-05,-2.375057190344281e-05,1.308524697164158e-05,-1.483432546259975e-06,0.028456855443033696,0.0015741605244663504,0.02223056040277642,2.696821568718416,1,1,35.88605981402003,24,1,6.39947003583364e-05,0.0062422314638955565,12,0,20,0.06142899974292959,0.2304700001332094,1.7254320000574808,0.2374875316201049,0.013096888658168599,21.15221126610772,0.6359126984126984,0.5972222222222222,1.0008862726604804,1,1,3162,1.1078714911516572e-10,-2.0963351732013874e-15,-0.00028606553096333087
1008,50.45,-103.83693353414247,-53.2972949917885,1.5600402186262299,-103.80991035005178,-53.289719144331166,1.5622627717880446,0.0003435241376096619,0.0001477207432790123,1.0089824743604228e-05,-2.366608732084096e-05,1.302980317528434e-05,-1.4745664274360497e-06,0.02806503060921771,0.0022225531618147443,0.022164044777266495,2.8943846181411494,1,1,20.2181796444601,24,1,1.0847287975582123e-05,-0.002322434383847262,12,0,20,0.06365999979607295,0.22716500006936258,1.8108009999195929,0.237371462149448,0.01309058400912346,21.134116294206862,0.6362735381565907,0.597621407333994,1.0007210358296064,1,1,3153,6.435051760088889e-11,-4.1843414575985546e-15,0.00012091619428256095
1009,50.5,-103.83693353414247,-53.2972949917885,1.5600402186262299,-103.81005791966764,-53.289720976471614,1.5617145733340747,0.0003420669053162715,0.00014626658737397808,1.0086992010835542e-05,-2.358205265306407e-05,1.2974839101613116e-05,-1.4658483325098717e-06,0.027922470546500832,0.0016743547078448273,0.0220982689975991,2.775900738298752,1,1,24.326289960649405,24,1,4.719005828003673e-05,-0.002332494880503288,12,0,20,0.0641199999336095,0.22463400000560796,1.8081600001096376,0.23725554925061879,0.013084207988413556,21.11593984316141,0.6366336633663366,0.598019801980198,1.0007344466412704,1,1,3071,6.089763251291637e-12,-5.553705610807244e-15,0.00011635174741986276
1010,50.550000000000004,-103.83693353414247,-53.2972949917885,1.5600402186262299,-103.80980615026388,-53.29098721777127,1.5619547317737732,0.0003406220817705137,0.000144841030151716,1.0086749621636372e-05,-2.3498428414065743e-05,1.2920346432763398e-05,-1.4572396695886373e-06,0.027851085600906045,0.0019145131475433175,0.022033227451334264,2.7153589305628025,1,1,22.813092478929182,24,1,-2.3659760726935555e-05,0.02194325092619965,12,0,20,0.06137199989098008,0.2230139998573577,1.764682000157336,0.23713980086227843,0.01307787407562033,21.09773946639326,0.6369930761622157,0.5984174085064293,1.0006822209111084,1,1,3128,1.1930698080336335e-11,4.2773694232033484e-16,-0.0010617381893096578
1011,50.6,-103.83693353414247,-53.2972949917885,1.5600402186262299,-103.80917531311503,-53.29122153823567,1.5635548746922971,0.0003391891310459803,0.0001434432080418582,1.0087758631185143e-05,-2.3415158453152846e-05,1.2866066348237097e-05,-1.4487138155189051e-06,0.028414884702680193,0.0035146560660672677,0.0219688948080653,3.3694721918624158,1,1,23.21119498184438,24,1,0.00034326195630769,0.027942286691207706,12,0,20,0.061891000314062694,0.23367799985862803,2.1898509999118687,0.23702429099377875,0.01307187797953373,21.08022141572673,0.6373517786561265,0.5988142292490118,1.0006473465902481,1,1,3161,2.779803376155655e-11,5.649763265329924e-16,-0.0015069271437821996
1012,50.650000000000006,-103.83693353414247,-53.2972949917885,1.5600402186262299,-103.81042050963862,-53.29130134233188,1.564323168719321,0.0003377686560425799,0.00014207207191521456,1.0085625974579493e-05,-2.333225331672016e-05,1.2812406327569866e-05,-1.4402793705271252e-06,0.027182058460516325,0.004282950093091209,0.021905267128199884,3.657379598955044,1,1,14.00430934755018,24,1,-2.214097023111282e-06,0.016739453450547986,12,0,20,0.0623500000074273,0.23015300030237995,1.9674440000017057,0.2369088102265103,0.013066117289650769,21.06302216418006,0.6377097729516288,0.5992102665350444,1.0002141851602284,1,1,3076,-1.529182935813427e-11,6.053207612734866e-15,-0.0008900001645089084
1013,50.7,-103.83693353414247,-53.2972949917885,1.5600402186262299,-103.80935183216286,-53.29013798539073,1.564861782682728,0.00033636020610987213,0.00014072708852154412,1.008436292583072e-05,-2.324988780270102e-05,1.2759204677927958e-05,-1.4319762722125455e-06,0.028495140369366956,0.00482156405649814,0.021842328049716135,4.365471846536068,1,1,18.288986495661337,24,1,-0.00011317489431594261,0.021029063404979544,12,0,20,0.06311599963737535,0.22716500006936258,2.255906000300456,0.2367936533210711,0.013060550571963347,21.046555152032482,0.6380670611439843,0.5996055226824457,0.9999671176486368,1,1,3127,-3.073271120874769e-11,-3.70854814623131e-15,-0.0010141837410628796
1014,50.75,-103.83693353414247,-53.2972949917885,1.5600402186262299,-103.81034078242521,-53.290696923805456,1.563571840225709,0.0003349624994896345,0.00013940745802350782,1.0083245216271798e-05,-2.3167758375077984e-05,1.2706204552487135e-05,-1.4237662911479771e-06,0.027399068323661523,0.0035316215994791733,0.02178003575555243,3.308522711827091,1,1,25.66146274040921,24,1,0.000490389714764385,0.02206868381964827,12,0,20,0.06362200019793818,0.2233489999525773,1.9079270000474935,0.23667853994931703,0.013054585866625449,21.029079258002724,0.638423645320197,0.6,1.0000388901839063,1,1,3135,-3.956531646620182e-11,7.650679771934735e-16,-0.001123427692800938
1015,50.800000000000004,-103.83693353414247,-53.2972949917885,1.5600402186262299,-103.81228790204248,-53.291258396189775,1.562377441370547,0.0003335768298989284,0.0001381124275746878,1.0081293394336562e-05,-2.3086165137001908e-05,1.265374484913944e-05,-1.415671669179203e-06,0.02537415354313433,0.0023372227443170246,0.021718408262891096,2.4738936183477307,1,1,20.786119389398234,24,1,0.00019790960968825376,-0.018949540543103886,12,0,20,0.059641000007104594,0.2253609995932493,1.9864350001626008,0.2365633750242226,0.013048365810940163,21.010816280010943,0.6387795275590551,0.6003937007874016,0.999900224984846,1,1,3127,-3.375990671882908e-11,6.364384172484832e-15,0.0008902363479137421
1016,50.85,-103.83693353414247,-53.2972949917885,1.5600402186262299,-103.81273116389293,-53.29363140779528,1.5631913541428428,0.00033220294883877917,0.00013684128420730815,1.0077490431269267e-05,-2.30051943765335e-05,1.2601751517560507e-05,-1.4077089538995995e-06,0.024478083531420034,0.0031511355166129462,0.021657429049776137,2.503497987535216,1,1,28.369083577169775,24,1,-5.452552611930674e-06,0.0005253795890597622,12,0,20,0.06388199972207076,0.2229320002697932,1.8139000003429828,0.23644828776809962,0.013042323420052454,20.992618326920994,0.63913470993117,0.6007866273352999,1.0000885858163495,1,1,3091,-2.7918819039241253e-11,-1.8642059431762833e-15,-2.4301618395838886e-05
1017,50.900000000000006,-103.83693353414247,-53.2972949917885,1.5600402186262299,-103.81291040170302,-53.2947174453292,1.5623965715205541,0.0003308408613869148,0.00013559365408016345,1.0078380250727185e-05,-2.292470934234658e-05,1.2550142247661063e-05,-1.3998226735079037e-06,0.02416101483699186,0.002356352894324232,0.021597095070103253,2.1012665784474858,1,1,12.652579410000437,24,1,-0.00014108875210073064,-0.029109694835748812,12,0,20,0.061284999901545234,0.23374900001726928,1.9741010000871029,0.23633333868703052,0.013036125187991666,20.974061006932317,0.6394891944990176,0.6011787819253438,0.9996000550549172,1,1,3092,2.7464097993840017e-11,-3.027011437127924e-15,0.0014705234207212925
1018,50.95,-103.83693353414247,-53.2972949917885,1.5600402186262299,-103.81372004772606,-53.29543860467684,1.5607730742169768,0.0003294900805139153,0.00013436854147478244,1.007603956965178e-05,-2.2844663046546717e-05,1.2498916072891106e-05,-1.3920233146493e-06,0.02328759594104039,0.0007328555907468726,0.021537377323822365,1.7277885589652644,1,1,25.868389610862028,24,1,-0.0001577493506391949,-0.01778239235460794,12,0,20,0.06085599989091861,0.22534600020662765,1.758970000082627,0.2362184733602691,0.013029747314747746,20.95517359530526,0.6398429833169774,0.6015701668302257,0.9996808079053449,1,1,3165,6.203443512641947e-12,-4.330901265731192e-15,0.0008790562860667706
1019,51.0,-103.83693353414247,-53.2972949917885,1.5600402186262299,-103.81572828380054,-53.29574932942789,1.5590666221847957,0.0003281501436619513,0.00013316548293834202,1.0073897193795582e-05,-2.27650929381135e-05,1.2447967351965925e-05,-1.3843259676521183e-06,0.02126150780629539,-0.0009735964414341325,0.021478259394101126,1.764359703761963,1,1,26.29030681705852,24,1,5.053463824728572e-05,-0.018457196854831333,12,0,20,0.061967000419826945,0.2180389997192833,1.828679999562155,0.23610359014375748,0.013023394295773304,20.93635907188218,0.6401960784313725,0.6019607843137255,0.9997795178463814,1,1,3104,4.8426341788993524e-11,-4.932983014349251e-15,0.0009863422252238685
1020,51.050000000000004,-103.83693353414247,-53.2972949917885,1.5600402186262299,-103.81477636675551,-53.29636444169224,1.5610701392281445,0.0003268205802102648,0.00013198409130714723,1.0074914795071371e-05,-2.2686083585060523e-05,1.2397183117947777e-05,-1.3767546698959126e-06,0.02217669926061172,0.0010299206019146467,0.02141972622414703,1.5530315885120287,1,1,18.09975729231246,24,1,0.0004997073282434336,0.030608721581290067,12,0,20,0.06155599976409576,0.22725600001649582,1.7522650000501017,0.2359889587017268,0.013017054875396348,20.91737442204538,0.6405484818805093,0.6023506366307542,0.9995265590781012,1,1,3054,9.305088843691353e-11,6.0866443579756384e-15,-0.0017182381823657167
1021,51.1,-103.83693353414247,-53.2972949917885,1.5600402186262299,-103.81418095078834,-53.29556397030881,1.5631419775162474,0.00032550232156825653,0.00013082334425841162,1.0071684456739803e-05,-2.260743165120936e-05,1.2347033102835962e-05,-1.3692492200796804e-06,0.022818336588146082,0.003101758890017514,0.02136178049289591,2.2033549285409353,1,1,26.431439416722668,24,1,9.308924190108032e-05,0.014828731963718143,12,0,20,0.06093899992265506,0.21850499979336746,1.7033220001394511,0.23587455592309942,0.013011046661679055,20.899063248372677,0.6409001956947162,0.6027397260273972,0.9996312745272973,1,1,3157,6.297909659780764e-11,-4.724386201289797e-15,-0.0007363638840613973
1022,51.150000000000006,-103.83693353414247,-53.2972949917885,1.5600402186262299,-103.81523681772633,-53.29743033606028,1.5614157080533966,0.00032419473910738335,0.0001296830705302021,1.0071919399485528e-05,-2.2529134732750083e-05,1.2297423336536905e-05,-1.3618322890123855e-06,0.021697138551304448,0.0013754894271666984,0.021304408220778757,1.4991658997036597,1,1,36.49093101552617,24,1,-7.104070934790566e-05,-0.029081333671108517,12,0,20,0.06039499976395746,0.21699699982491438,1.6893440001695126,0.2357602179838981,0.01300475695276371,20.88009951684905,0.6412512218963832,0.603128054740958,1.0001665511814113,1,1,3165,-8.726030012438212e-12,5.6199951969335966e-15,0.001535156834870488
1023,51.2,-103.83693353414247,-53.2972949917885,1.5600402186262299,-103.81537571160746,-53.2989511215739,1.5628396309049988,0.0003228976242864351,0.0001285624509356985,1.0068456507550707e-05,-2.2451347726698725e-05,1.2248019976228288e-05,-1.3545019074192728e-06,0.02162134312010538,0.002799412278768898,0.02124758986855059,1.8482088244708843,1,1,19.82328141855308,24,1,0.00014972828844514842,0.014054591527182332,12,0,20,0.0617290002082882,0.21828199987794505,1.77317799989396,0.23564604124204605,0.012998699803060723,20.861513686094774,0.6416015625,0.603515625,0.9999877046803075,1,1,3128,-8.727389875487836e-11,-7.930292489533373e-16,-0.000699453894049018
1024,51.25,-103.83693353414247,-53.2972949917885,1.5600402186262299,-103.81361831007193,-53.29861750546412,1.5619535917064447,0.00032161126306969826,0.00012746106558903466,1.0064275847480258e-05,-2.237401042643289e-05,1.2199052918462868e-05,-1.3472455699222402e-06,0.02335270253914678,0.0019133730802147753,0.021191326731914,1.8015063420825534,1,1,19.297452954292076,24,1,-1.7599512955146938e-05,-0.0012938224343078883,12,0,20,0.060986999869783176,0.2175200002056954,1.7665660002421646,0.23553219336443285,0.01299249487989939,20.842918556978663,0.6419512195121951,0.6039024390243902,0.99978675374193,1,1,3170,-9.215565637877984e-11,3.5429398594984493e-15,6.248953868626117e-05
1025,51.300000000000004,-103.83693353414247,-53.2972949917885,1.5600402186262299,-103.81266942993653,-53.29878998980672,1.5601945031972901,0.0003203349868841507,0.00012637857798779992,1.0063342353415668e-05,-2.229691933857463e-05,1.2150516761619617e-05,-1.340048484706613e-06,0.024310116659350418,0.00015428457106025917,0.02113559946800541,1.8992165199823952,1,1,22.575127612989842,24,1,2.738705591206508e-05,-0.023456299013519,12,0,20,0.07224599994515302,0.22714199985784944,1.6274730000986892,0.23541860697975756,0.012986162604446653,20.824454909769116,0.6423001949317739,0.6042884990253411,0.9997261426389239,1,1,3090,-2.3619825605303263e-11,1.742985348645912e-15,0.0011571124196052551
1026,51.35,-103.83693353414247,-53.2972949917885,1.5600402186262299,-103.81345988578768,-53.300016514738495,1.5599549095943335,0.00031906886973467684,0.00012531425099103922,1.0059456810568974e-05,-2.2220165136935736e-05,1.2102413074693353e-05,-1.332921354636053e-06,0.023630887716121107,-8.530903189640782e-05,0.02108039659792282,1.836534409190724,1,1,30.048786116281494,24,1,-2.0818643107145814e-05,0.0019877785607527567,12,0,20,0.06060999976398307,0.21918899983575102,1.744504000271263,0.2353051197512959,0.012979838960510102,20.80596618484158,0.6426484907497566,0.6046738072054528,0.9999843889154911,1,1,3148,6.1252883329636085e-12,-5.1715792529709855e-15,-9.086752543208121e-05
1027,51.400000000000006,-103.83693353414247,-53.2972949917885,1.5600402186262299,-103.81346805975058,-53.29921297991538,1.5598744463232244,0.0003178128707399369,0.00012426778945508275,1.0055930709873534e-05,-2.2143903576161143e-05,1.2054628245736612e-05,-1.3258836501006505e-06,0.023543728823015517,-0.00016577230300551804,0.021025714261233067,1.8496137172517322,1,1,27.354770772462473,24,1,2.3413964394206294e-06,-0.0005488134610904761,12,0,20,0.062164999690139666,0.2297470000485191,1.6806510002425057,0.23519179021071226,0.012973525303468623,20.787526153258323,0.6429961089494164,0.6050583657587548,1.000127331376231,1,1,3050,3.82862606754677e-11,-3.115841905104319e-16,2.8036479489124133e-05
1028,51.45,-103.83693353414247,-53.2972949917885,1.5600402186262299,-103.81288503789185,-53.29987494416231,1.5593446001477522,0.0003165667509119509,0.00012323885826536686,1.0055175978091494e-05,-2.2068052487389658e-05,1.200731823264886e-05,-1.3189420869929778e-06,0.024186490571549462,-0.0006956184784776553,0.020971542842082882,2.1041149497132494,1,1,19.53458535194067,24,1,-0.00010869973874800687,-0.021820360232540296,12,0,20,0.062431000060314545,0.23193000015453435,1.9880830000147398,0.23507868987922273,0.01296723795516271,20.76936929105857,0.6433430515063168,0.6054421768707483,0.999937151320005,1,1,3135,7.044723301797178e-11,4.548410871950235e-15,0.0010640352964399469
1029,51.5,-103.83693353414247,-53.2972949917885,1.5600402186262299,-103.81293156429618,-53.29738854436418,1.5604798229534271,0.0003153302049331642,0.00012222682383490976,1.0052908507215006e-05,-2.1992558034410902e-05,1.196027508337806e-05,-1.3120660671642767e-06,0.024002152165731178,0.0004396043271972516,0.020917863867232572,1.870135077214811,1,1,29.982444236661916,24,1,9.215355037915151e-05,0.014709827025158186,12,0,20,0.0600150001446309,0.22676099979435094,1.6024890001062886,0.23496573652563468,0.012960948888880035,20.751020519977168,0.6436893203883495,0.6058252427184466,1.0001915710736182,1,1,3145,8.836822412091823e-11,-1.6475115984784241e-15,-0.000691473251208663
1030,51.550000000000004,-103.83693353414247,-53.2972949917885,1.5600402186262299,-103.81333895809813,-53.29705228761489,1.5604058056832422,0.0003141032558742591,0.00012123180056751959,1.0059902011296745e-05,-2.1917466905705126e-05,1.1913824432075264e-05,-1.3053022316667373e-06,0.023595824292198347,0.00036558705701228433,0.020864684431876238,1.830523620674671,1,1,36.15256140902596,24,1,-0.00015543780747297585,0.044703892009191636,12,0,20,0.06364199998643016,0.23221300034492742,2.133182999841665,0.23485290818141824,0.01295466674718469,20.732668922596662,0.6440349175557711,0.6062075654704171,1.0007075396305014,1,1,3095,6.719282983573291e-11,-2.0342981682745714e-15,-0.0022484745830295694
1031,51.6,-103.83693353414247,-53.2972949917885,1.5600402186262299,-103.81359698942214,-53.29615055303494,1.560470578003165,0.00031288550561740986,0.00012025246776121457,1.0055985545358076e-05,-2.1842804861772037e-05,1.1867623146642289e-05,-1.2986267999878882e-06,0.023364589864684624,0.00043035937693503,0.020811967071342016,1.8258563386453919,1,1,20.75345646933021,24,1,7.778702726204996e-05,-0.013401465136262924,12,0,20,0.06046800035619526,0.2185939997616515,1.7007009996632405,0.2347402220108395,0.012948395670214038,20.71434836776725,0.6443798449612403,0.6065891472868217,1.0005690669352452,1,1,3116,2.8018289267922774e-11,2.9341597451178317e-15,0.0006473174318673003
1032,51.650000000000006,-103.83693353414247,-53.2972949917885,1.5600402186262299,-103.8150176513122,-53.29590230531575,1.5587869610988436,0.00031167727407797375,0.00011928888018778092,1.0052012251712783e-05,-2.176857847533327e-05,1.1821902069537226e-05,-1.2920424423056236e-06,0.02196008870295253,-0.0012532575273862534,0.02075972433019655,2.061137111263478,1,1,21.304941009191126,24,1,-0.0001108823837763149,-0.00946567637146806,12,0,20,0.059130000408913475,0.23212899986901903,1.870539999799803,0.23462756872448065,0.012942185519531092,20.696291048061052,0.6447241045498547,0.6069699903194579,1.0004542518878878,1,1,3191,4.951340928815586e-11,6.760083535440569e-15,0.0005110787227748936
1033,51.7,-103.83693353414247,-53.2972949917885,1.5600402186262299,-103.81381601882423,-53.29623024899482,1.558166389286563,0.00031047788781989716,0.00011834080349452427,1.0050403336744402e-05,-2.1694843121538276e-05,1.1776332103448315e-05,-1.2855561010360429e-06,0.023142022204338808,-0.0018738293396669548,0.020707937881750113,2.564683468426553,1,1,17.471097785562645,24,1,0.00026291910240333806,-0.02160657723438405,12,0,20,0.060991000282228924,0.23444899989044643,1.748413999848708,0.2345151892960806,0.01293605694863082,20.678755644212277,0.6450676982591876,0.6073500967117988,1.000177329282038,1,1,3177,5.283901548428182e-11,-1.0298737745092792e-16,0.0011037624441088134
1034,51.75,-103.83693353414247,-53.2972949917885,1.5600402186262299,-103.8136125597372,-53.29744168339635,1.558545564985109,0.00030928784713986324,0.00011740766186110266,1.004763788399261e-05,-2.162143217746275e-05,1.173118091344445e-05,-1.2791166908363592e-06,0.023321435754248505,-0.001494653641120891,0.020656609329727033,2.3641325980985313,1,1,25.306492322599908,24,1,0.00015648805711929514,-0.01567176908393033,12,0,20,0.06256699998630211,0.2220169999418431,2.122378999956709,0.23440299048458751,0.01292988960302678,20.661060356245017,0.6454106280193237,0.6077294685990338,1.0002324154250088,1,1,3135,0.0,0.0,0.0007882070727647239
1035,51.800000000000004,-103.83693353414247,-53.2972949917885,1.5600402186262299,-103.81541456042027,-53.296328230165656,1.5574398504576843,0.00030810723106553743,0.00011648911354599435,1.0043803516528201e-05,-2.154843792829373e-05,1.1686414185772335e-05,-1.2727336458127417e-06,0.02154067914650141,-0.002600368168545586,0.02060573572119015,2.7652112264501296,1,1,21.58470516101879,24,1,-3.387937042925255e-06,-0.0006188224386956432,12,0,20,0.06122900003902032,0.22597999986828654,2.0355840001684555,0.2342907901324503,0.012923900319199925,20.643786370598498,0.6457528957528957,0.6081081081081081,1.0001301134976432,1,1,3114,6.893371168820264e-11,2.479860696913808e-15,3.0250140116372393e-05
1036,51.85,-103.83693353414247,-53.2972949917885,1.5600402186262299,-103.81493655251074,-53.29625639955723,1.56120265608339,0.00030693602590247537,0.00011558547965503701,1.005111063510573e-05,-2.1476002417900253e-05,1.1642222427297656e-05,-1.266466005757511e-06,0.02202148666029449,0.0011624374571601592,0.020555327911699985,1.6465976105484947,1,1,27.779070697523526,24,1,-0.00046966646826198836,0.04560651209120628,12,0,20,0.06166599996504374,0.21900000001551234,1.9639140000435873,0.23417879569666172,0.012917717864000772,20.625466998602306,0.6460945033751205,0.6084860173577628,1.0002895169075376,1,1,3095,1.2738630147882856e-10,5.912707182438406e-15,-0.0021720061078669417
1037,51.900000000000006,-103.83693353414247,-53.2972949917885,1.5600402186262299,-103.81494562957039,-53.298396764655,1.5618784327980215,0.00030577292717964166,0.00011469532682663078,1.0047518776049527e-05,-2.140389310014018e-05,1.1598048686832692e-05,-1.2602540430715902e-06,0.022015491157830715,0.0018382141717916411,0.020505322577474182,1.6881676222349709,1,1,29.3990388633733,24,1,0.00017790692202689022,0.016783179906945094,12,0,20,0.06185099982758402,0.22745700016457704,1.9746620000660187,0.2340669630750252,0.0129116200197748,20.60722297222816,0.6464354527938343,0.6088631984585742,1.0005169161339882,1,1,3154,1.588367721878932e-10,3.130175088173604e-15,-0.0008760314434765881
1038,51.95,-103.83693353414247,-53.2972949917885,1.5600402186262299,-103.81358085933412,-53.29845374036255,1.559596263897168,0.0003046190633074383,0.00011381876048159572,1.0042824855053103e-05,-2.133222017480736e-05,1.1554217625090039e-05,-1.2540875029266083e-06,0.023381405410334778,-0.0004439547290617796,0.020455752828704057,1.9758899703082746,1,1,31.380989353799546,24,1,1.3082170888227122e-05,-0.000793887880269404,12,0,20,0.06220199975359719,0.22368500003722147,1.7638030003581662,0.2339554199676657,0.012905412389400933,20.589290986663272,0.6467757459095284,0.6092396535129933,1.000827355271441,1,1,3170,-6.427514328752705e-10,-6.895637313040427e-15,3.947103687096387e-05
1039,52.0,-103.83693353414247,-53.2972949917885,1.5600402186262299,-103.81429485001146,-53.298829991099296,1.559555181667763,0.00030347385625944774,0.00011295555532969697,1.0039288515617901e-05,-2.126084676204086e-05,1.1510742368357074e-05,-1.2479659195358098e-06,0.02269066420508239,-0.00048503695846680017,0.020406602156879148,1.8768413188678075,1,1,14.153428409582414,24,1,2.067816576033341e-05,-0.010837475217275497,12,0,20,0.06488400003945571,0.2324080001017137,2.381161999892356,0.2338439728858641,0.012899215140481111,20.57129824659808,0.6471153846153846,0.6096153846153847,1.000412101562816,1,1,3066,1.0172007831867657e-10,-1.4475301149597145e-16,0.0005438538733870679
1040,52.050000000000004,-103.83693353414247,-53.2972949917885,1.5600402186262299,-103.81555122171528,-53.298648146137886,1.5592626818922763,0.00030233744629091033,0.00011210539067055196,1.003569452171916e-05,-2.1189940396256332e-05,1.1467641149505958e-05,-1.241921063850775e-06,0.021425086030803762,-0.0007775367339535322,0.020357869165545352,1.7751257912553762,1,1,21.321462708183624,24,1,-0.00012074931639737249,-0.006140256654821807,12,0,20,0.06256400001802831,0.22019900006853277,2.148901000055048,0.23373257220150703,0.012893040585386113,20.55324236527691,0.6474543707973103,0.6099903938520653,1.0002990664245162,1,1,3075,6.670953587445095e-11,6.9788160339409085e-15,0.0002788884332405317
1041,52.1,-103.83693353414247,-53.2972949917885,1.5600402186262299,-103.81711170125955,-53.2992956787907,1.5574123383166034,0.0003012092867940524,0.00011126799788560888,1.0032477619080863e-05,-2.11195076962474e-05,1.1424755724473495e-05,-1.235963008170688e-06,0.019922545201841283,-0.0026278803096264625,0.020309536791361375,2.499690361994195,1,1,21.84966380792749,24,1,7.641375935582869e-05,-0.00639823749024681,12,0,20,0.06135800003903569,0.2264429999740969,1.8584399999781454,0.23362120476551246,0.012887109556232013,20.535916499630762,0.6477927063339731,0.6103646833013435,1.000208445045725,1,1,3099,1.641411623788231e-12,3.444205063246864e-15,0.00030579473823300063
1042,52.150000000000006,-103.83693353414247,-53.2972949917885,1.5600402186262299,-103.81696944284971,-53.29909917914481,1.5551755939079719,0.00030008972908768976,0.00011044308910026831,1.0029443583657045e-05,-2.1049594660535448e-05,1.1382199922106323e-05,-1.2300865489588388e-06,0.020045449188343837,-0.004864624718257993,0.02026160946687005,4.62509835150286,1,1,37.27227433022149,24,1,-2.4756242141120016e-05,-0.004439925936167576,12,0,20,0.06367700007103849,0.22894399990036618,1.7769969999790192,0.23351000800468788,0.012881810858316158,20.52066164042834,0.6481303930968361,0.610738255033557,1.0007651449302972,1,1,3108,-1.975423816776333e-11,6.882350748657434e-16,0.0002105632331224072
1043,52.2,-103.83693353414247,-53.2972949917885,1.5600402186262299,-103.81523244256998,-53.2995089369014,1.5551551758509445,0.00029897842580762563,0.00010963036600944686,1.0026610934593076e-05,-2.098005988233531e-05,1.1339974305438899e-05,-1.2242700992866058e-06,0.02181373256462012,-0.004885042775285342,0.02021407410239392,4.978724238775115,1,1,12.920394964576625,24,1,-1.2691378653430164e-05,0.0026587053445860645,12,0,20,0.06108399975346401,0.22019200014256057,1.7163269999400654,0.23339912332421536,0.01287652754115401,20.505774727208365,0.6484674329501916,0.6111111111111112,1.0002999383359916,1,1,3069,-2.576584623937663e-11,7.082618672912768e-15,-0.0001324187614955008
1044,52.25,-103.83693353414247,-53.2972949917885,1.5600402186262299,-103.81601509146267,-53.29955162154079,1.5556105386403365,0.00029787533415206964,0.00010882954776525389,1.00241463708607e-05,-2.0910796597247213e-05,1.1298077662092482e-05,-1.2184824894271985e-06,0.02103981040758304,-0.004429679985893387,0.02016692544532566,4.321730402161342,1,1,23.29250895703448,24,1,9.640533140433027e-07,-0.005793482875560758,12,0,20,0.0625789998593973,0.23592300021846313,1.8299809999007266,0.23328833028841126,0.012871094498084962,20.490287603452337,0.6488038277511962,0.6114832535885167,1.0002700099623305,1,1,3018,-9.138816176412211e-11,-2.413163480027065e-15,0.00027363058179608046
1045,52.300000000000004,-103.83693353414247,-53.2972949917885,1.5600402186262299,-103.81716342849877,-53.30056377609811,1.5528675482795666,0.0002967803518312021,0.0001080405638763199,1.002520121268841e-05,-2.084197473449469e-05,1.1256475520048934e-05,-1.2127679337437954e-06,0.020038513618177035,-0.007172670346663246,0.020120161920509538,7.90296556385142,1,1,18.327049853181876,24,1,1.5926671983655003e-05,-0.02622081647949681,12,0,20,0.06260400004975963,0.22019800007910817,2.098561999900994,0.23317761228290923,0.012866851933193302,20.47825383477203,0.6491395793499044,0.6118546845124283,1.0000324166563601,1,1,3110,-1.7899599628671703e-10,-6.798180492641319e-15,0.0012567733414470261
1046,52.35,-103.83693353414247,-53.2972949917885,1.5600402186262299,-103.81850495409499,-53.30196638329143,1.5556612501582396,0.00029569305858245814,0.00010726311256594687,1.0027481014416069e-05,-2.0773597334782954e-05,1.1214935678214211e-05,-1.2071172393869564e-06,0.01901142975002626,-0.004378968467990241,0.020073768234898124,3.9563069230605143,1,1,29.748481311823173,24,1,0.0004292510803053981,0.03174449453267075,12,0,20,0.061561999700643355,0.22245199988901732,1.8849290004254726,0.23306697114687405,0.01286141785348437,20.462473560739834,0.6494746895893028,0.612225405921681,1.0002726249191516,1,1,3057,5.27018733839737e-10,-1.5699185182005218e-15,-0.0015641935169696808
1047,52.400000000000006,-103.83693353414247,-53.2972949917885,1.5600402186262299,-103.82049447556273,-53.3016679051666,1.5569057641712654,0.0002946141639814897,0.00010649661958029076,1.0025081160696075e-05,-2.0705730077045625e-05,1.1173779091382231e-05,-1.2015336170468495e-06,0.017010732447512045,-0.0031344544549645192,0.0200277503370144,2.4969383119293735,1,1,26.14360916072741,24,1,0.00017531979791599994,0.01541973834606415,12,0,20,0.05937400010225247,0.21938400004728464,1.9344579995959066,0.232956341160497,0.012855644840104735,20.445330874433715,0.6498091603053435,0.6125954198473282,1.0003618477883345,1,1,3088,4.42899768038416e-10,3.1498074711291466e-15,-0.0008057234808802605
1048,52.45,-103.83693353414247,-53.2972949917885,1.5600402186262299,-103.82125209747632,-53.29991424393961,1.5582629444768283,0.0002935431893091046,0.0001057410550277601,1.0022508205667614e-05,-2.0638378817062355e-05,1.1132960173758303e-05,-1.1960394330434592e-06,0.01589867723258092,-0.001777274149401542,0.019982098096467865,1.4489242422819943,1,1,23.552230760744955,24,1,0.00010023720020283978,0.01318883412093279,12,0,20,0.061016999552521156,0.22090200036473107,1.888051000150881,0.2328457947707361,0.012849632977163466,20.427221811867316,0.6501429933269781,0.6129647283126788,1.0003428098509732,1,1,3090,-3.708466484783279e-10,4.460682106230841e-15,-0.0006418153643608093
1049,52.5,-103.83693353414247,-53.2972949917885,1.5600402186262299,-103.82182527129248,-53.29964026215528,1.556308812272201,0.0002924795509789297,0.00010499648263758506,1.0025764846143867e-05,-2.0571419130928115e-05,1.1092406257620377e-05,-1.1906241685330218e-06,0.01528920859422603,-0.003731406354028799,0.01993680098753345,2.730162386851807,1,1,17.66219852087577,24,1,0.0003115077439918663,-0.03557043428819053,12,0,20,0.06300199993347633,0.22242700015340233,1.891368000087823,0.23273536769573736,0.01284402886487867,20.410367469557777,0.6504761904761904,0.6133333333333333,1.000078391979492,1,1,3156,-4.169777642902258e-10,5.658962499226543e-15,0.0017059765756131107
1050,52.550000000000004,-103.83693353414247,-53.2972949917885,1.5600402186262299,-103.82057416601711,-53.299781889831955,1.5571659969031426,0.00029142430965243686,0.00010426221058317138,1.0024798622072186e-05,-2.0504915059622326e-05,1.1052486565214086e-05,-1.1852733536197606e-06,0.016547313598881928,-0.002874221723087267,0.019891870707291665,2.211182206866771,1,1,17.16751303281888,24,1,-0.00035744730363163713,0.02468247574699194,12,0,20,0.06033399995430955,0.21910100031163893,1.8348909998167073,0.2326251804007886,0.012838223157453392,20.393051403656074,0.6508087535680305,0.6137012369172217,0.9997939111114148,1,1,3089,3.602944764174072e-10,-4.271949033293906e-15,-0.0012032620608808386
1051,52.6,-103.83693353414247,-53.2972949917885,1.5600402186262299,-103.82110400328483,-53.29850781190372,1.5587962825959405,0.00029037629765048977,0.00010353799348009877,1.0020625395541517e-05,-2.04386824394286e-05,1.1012706958518978e-05,-1.1799486374882447e-06,0.015875924533865514,-0.0012439360302893832,0.01984727414862274,1.21743385288033,1,1,28.28635188477063,24,1,-3.05447727589358e-05,0.0027925351756635454,12,0,20,0.06185500024002977,0.22111999987828312,1.8270789996677195,0.23251510602192002,0.012832177202336946,20.374823630318836,0.6511406844106464,0.6140684410646388,0.9999723583011226,1,1,3163,-6.999205342094115e-12,-4.228729149801208e-15,-0.00014037581859138726
1052,52.650000000000006,-103.83693353414247,-53.2972949917885,1.5600402186262299,-103.82095309808895,-53.29888750715869,1.5591371435264971,0.00028933543839391405,0.00010282390253276009,1.0018630386730967e-05,-2.0372828440838927e-05,1.0973155874531408e-05,-1.1746915535825792e-06,0.016059590333040535,-0.000903075099732753,0.0198030134304523,1.122578437890188,1,1,31.484740594744324,24,1,0.00017439358378473966,0.018288626645399413,12,0,20,0.061780000123690115,0.21818699997311342,1.8304310001440172,0.23240520070886211,0.012826112795668927,20.356540396517858,0.6514719848053181,0.6144349477682811,1.0002833172574004,1,1,3108,-5.1048398517471305e-11,5.152123143610056e-15,-0.0009018122218549252
1053,52.7,-103.83693353414247,-53.2972949917885,1.5600402186262299,-103.82084495030631,-53.299095314712154,1.5609827971254884,0.00028830235953122526,0.00010211974318696134,1.0019047366383373e-05,-2.0307353755479453e-05,1.0934018645677698e-05,-1.1694773902841367e-06,0.0161889991192401,0.0009425784992584951,0.01975910176901234,0.9135600119154933,1,1,16.114317438667623,24,1,-0.00010415202524244984,0.028040190908486116,12,0,20,0.06011100003888714,0.2223360002062691,1.822193999942101,0.23229546061592665,0.01282005973375298,20.338093546058083,0.6518026565464896,0.6148007590132827,0.9999557740064247,1,1,3136,-1.1787871966960695e-10,-3.125922506974244e-15,-0.00140806492418033
1054,52.75,-103.83693353414247,-53.2972949917885,1.5600402186262299,-103.82059504455755,-53.29964300193906,1.5603974976947512,0.0002872764842964628,0.00010142513673071576,1.0017861560935565e-05,-2.0242231516315667e-05,1.0895078726336282e-05,-1.1643063284499423e-06,0.016506344040514872,0.0003572790685213434,0.01971551726501688,0.9509833214318832,1,1,29.46341007734042,24,1,5.17416188220339e-05,-0.023240598363727858,12,0,20,0.06178800003908691,0.21442799970827764,1.7865230001916643,0.23218589801973497,0.012813987156757273,20.31971713826223,0.6521327014218009,0.6151658767772512,1.00018232755125,1,1,3151,-2.028859653632704e-10,6.250677205237547e-15,0.0011029170826075685
1055,52.800000000000004,-103.83693353414247,-53.2972949917885,1.5600402186262299,-103.82110209100433,-53.30035805462083,1.5606199111170698,0.000286257910549726,0.00010073985703444351,1.0014680495783862e-05,-2.0177462800873006e-05,1.0856392243798918e-05,-1.1591739510785281e-06,0.016125040953466504,0.0005796924908398893,0.019672258832787084,0.9138139170217209,1,1,33.602503551647644,24,1,7.961465138832082e-05,0.012634745979202274,12,0,20,0.060677999954350526,0.22238199971980066,1.7710950000946468,0.2320764659659413,0.012807930913829778,20.30134033596939,0.6524621212121212,0.615530303030303,1.0005798643177517,1,1,3150,-3.0266606852157106e-10,-1.1605359829833454e-15,-0.0006059010513128626
1056,52.85,-103.83693353414247,-53.2972949917885,1.5600402186262299,-103.82230537981168,-53.30067824727637,1.5586002042690392,0.00028524677750454253,0.00010006378773642769,1.0011210916258508e-05,-2.0113104458349084e-05,1.0818024507636704e-05,-1.1540906059174307e-06,0.015014303740825121,-0.0014400143571906554,0.0196293292101633,1.2246481406359164,1,1,18.582347410468664,24,1,-6.801154711858294e-05,-0.006497481370442833,12,0,20,0.06083900007070042,0.21957199987809872,1.7033460003403889,0.23196711896238156,0.012801947478357218,20.283292377411836,0.6527909176915799,0.6158940397350994,1.0003551221242248,1,1,3111,-4.1137114214967295e-10,-5.091661578154142e-15,0.00034117968752989114
1057,52.900000000000006,-103.83693353414247,-53.2972949917885,1.5600402186262299,-103.82325206520835,-53.30063934538923,1.5572380140478757,0.000284242678957692,9.93967740462293e-05,1.0007965696850384e-05,-2.0049174721213643e-05,1.0779842565021753e-05,-1.1490675642038395e-06,0.014084292428166643,-0.002802204578354228,0.019586716238408144,1.8720451543117917,1,1,18.368852046124722,24,1,5.527679074582023e-05,-0.0037673479576434497,12,0,20,0.060324000060063554,0.21860600008949405,1.7025239999384212,0.23185787208090006,0.012796185985323864,20.265890442418357,0.6531190926275993,0.6162570888468809,1.0001220008078866,1,1,3069,3.5021123543455654e-10,9.608519630834816e-16,0.00019505135715025546
1058,52.95,-103.83693353414247,-53.2972949917885,1.5600402186262299,-103.82137446274824,-53.30189099845888,1.5584560765091489,0.00028324556659490517,9.8738783893604e-05,1.0007931290278981e-05,-1.998565287085958e-05,1.0741897410455969e-05,-1.1441029230640515e-06,0.016223685770044186,-0.0015841421170810221,0.019544419932259673,1.4791848668855012,1,1,13.553974457015398,24,1,0.00011656469893838559,0.02395987900947328,12,0,20,0.06111899983807234,0.21972100012135343,1.7743439998412214,0.23174891226721842,0.012790235559133929,20.248150399381974,0.6534466477809254,0.6166194523135033,0.9996905111497113,1,1,3092,3.3963064330829826e-10,8.438839497525713e-16,-0.0012196259573102886
1059,53.0,-103.83693353414247,-53.2972949917885,1.5600402186262299,-103.82135475096386,-53.30269237444799,1.5611535711599647,0.0002822556656827963,9.808931376118822e-05,1.0004704989660312e-05,-1.9922393874449024e-05,1.0704276947940995e-05,-1.1391461270162626e-06,0.016487274635281844,0.0011133525337347905,0.019502435218299904,1.077524324584953,1,1,27.02841572590924,24,1,-5.242967333894358e-06,-0.0011401410781507364,12,0,20,0.06054300001778756,0.23173599993242533,2.1282190000420087,0.23164012448792665,0.012784246741257282,20.230064903084994,0.6537735849056604,0.6169811320754717,0.9998157522164736,1,1,3080,-4.936710709188459e-10,4.982901263603106e-15,5.739059415654779e-05
1060,53.050000000000004,-103.83693353414247,-53.2972949917885,1.5600402186262299,-103.82117494605629,-53.30151985296754,1.5598445483305596,0.00028127275484393427,9.744836782953474e-05,1.000188036060852e-05,-1.9859495317891433e-05,1.0666906342587193e-05,-1.1342290158262573e-06,0.016315101913633227,-0.00019567029567024719,0.019460758532839077,1.051376432291335,1,1,17.662075101610107,24,1,-1.549219851953662e-05,-0.0038945558071169298,12,0,20,0.060520999795699026,0.23329299983743113,1.656225000260747,0.23153147930923162,0.012778222111562139,20.2119888536309,0.6540999057492931,0.6173421300659755,0.9995547275316901,1,1,3130,5.5738167849800986e-11,2.6584580844110686e-15,0.0002119290409607899
1061,53.1,-103.83693353414247,-53.2972949917885,1.5600402186262299,-103.82078170850762,-53.30206432632671,1.5602341418823107,0.00028029642191949617,9.681602987237725e-05,1.0004492484230535e-05,-1.979691876825772e-05,1.0629793949698672e-05,-1.129366293573408e-06,0.016841259551350758,0.00019392325608080796,0.01941938340400831,1.0882521144624122,1,1,17.186888011168513,24,1,9.875534651605268e-05,0.031968180694910586,12,0,20,0.06383899972206564,0.2247200000056182,2.1656970002368325,0.23142302336547776,0.012772205968810539,20.193981568565768,0.6544256120527306,0.6177024482109228,0.9992746540200962,1,1,3132,6.088991609440944e-11,1.2266492955151227e-15,-0.0015993241220710885
1062,53.150000000000006,-103.83693353414247,-53.2972949917885,1.5600402186262299,-103.82067557738108,-53.30174631676419,1.5600781548691227,0.0002793271047225332,9.619177671795177e-05,1.0004362855063936e-05,-1.9734687746342194e-05,1.059303013600717e-05,-1.1245399888667085e-06,0.016856317868815095,3.793624289283315e-05,0.019378309560962353,1.0978102061922197,1,1,20.082156597849362,24,1,-9.863912839457243e-05,-0.025044576709240315,12,0,20,0.06409900015569292,0.23547399996459717,2.022140999997646,0.23131472180185977,0.012766196985526463,20.176017155242747,0.6547507055503292,0.6180620884289746,0.9991142215135712,1,1,3105,6.673810879033167e-11,-6.9255155485787785e-15,0.001205596793442787
1063,53.2,-103.83693353414247,-53.2972949917885,1.5600402186262299,-103.8208599001098,-53.30174814811061,1.55922664753973,0.0002783642723751781,9.557540412100167e-05,1.0001014772697435e-05,-1.9672788806048834e-05,1.0556460888413004e-05,-1.1197598850119804e-06,0.016679098064514467,-0.0008135710864998202,0.019337519915857353,1.2598817593684706,1,1,16.906976348142877,24,1,5.6223374224300637e-05,-0.006601287634460668,12,0,20,0.06334600038826466,0.22138499980428605,1.7754109999259526,0.23120656114568036,0.012760220798523101,20.158238832502263,0.6550751879699248,0.618421052631579,0.9988236328807564,1,1,3108,2.0457634784868373e-11,6.87786681029236e-15,0.0003367626341059804
1064,53.25,-103.83693353414247,-53.2972949917885,1.5600402186262299,-103.81973555158028,-53.30225317585058,1.5587204568025754,0.00027740800029815455,9.496695865481516e-05,9.998930773855852e-06,-1.9611243254587574e-05,1.052012114326977e-05,-1.11502662974518e-06,0.017898441088626846,-0.0013197618236544528,0.019297019431844125,1.6271074881509513,1,1,26.313009693064487,24,1,0.00011081837458977265,-0.01479193406710375,12,0,20,0.06177400018714252,0.22055299996281974,1.748079999742913,0.23109863878147013,0.012754292792097081,20.140838709174233,0.6553990610328638,0.6187793427230047,0.9989197429999651,1,1,3067,-5.2192458997851935e-11,7.057687090070968e-15,0.000780649762600838
1065,53.300000000000004,-103.83693353414247,-53.2972949917885,1.5600402186262299,-103.81983289634562,-53.30000887413021,1.5592359966341478,0.0002764584357235143,9.43661708627348e-05,9.995856659012668e-06,-1.9549991365513524e-05,1.0484094565430649e-05,-1.1103188846730927e-06,0.01731464612471107,-0.000804221992082077,0.019256806759851152,1.3038441255791988,1,1,29.412363212662918,24,1,-4.775792212562501e-06,0.000689013689771115,12,0,20,0.060244999986025505,0.21868399971936014,1.9021250000150758,0.23099082687424585,0.012748332871188746,20.12316798254797,0.6557223264540337,0.6191369606003753,0.999142769959474,1,1,3042,-3.5358688244610956e-11,3.378730738641435e-15,-3.3123584580518894e-05
1066,53.35,-103.83693353414247,-53.2972949917885,1.5600402186262299,-103.82222556159864,-53.299891949995555,1.5593761179164467,0.0002755151552586067,9.377297236007708e-05,9.993220688586203e-06,-1.94890718416855e-05,1.0448402776989801e-05,-1.1056765648954565e-06,0.014935482860601122,-0.0006641007097831775,0.019216870911224954,0.9685543261988766,1,1,26.78230408437667,24,1,-3.1578473649897056e-05,-0.0048081391060505255,12,0,20,0.06096800007071579,0.22033999994164333,1.7321889999948326,0.23088301112053594,0.012742373775623745,20.105216142195253,0.6560449859418932,0.619493908153702,0.999257604341863,1,1,3028,4.198132772098217e-11,-3.200540981904691e-15,0.00024587516672891496
1067,53.400000000000006,-103.83693353414247,-53.2972949917885,1.5600402186262299,-103.82223097306499,-53.29966376756871,1.559140963700563,0.0002745777202403825,9.318739313988734e-05,9.993446571378476e-06,-1.9428588265592784e-05,1.0412648403975116e-05,-1.1011048191686611e-06,0.01489215904206263,-0.0008992549256667814,0.01917720296029298,1.0292284037935657,1,1,19.540058556805086,24,1,0.0005301368795979342,-0.02293777813132265,12,0,20,0.06250399974305765,0.22081199995227507,1.7686989999674552,0.23077534441850495,0.012736436572415246,20.087354730455175,0.6563670411985019,0.6198501872659176,0.9990757885286917,1,1,3100,1.126346062126514e-10,3.564202765495855e-15,0.0011102555319668639
1068,53.45,-103.83693353414247,-53.2972949917885,1.5600402186262299,-103.82260854263792,-53.2994908492052,1.5604278407427294,0.0002736475521834978,9.260927027623911e-05,9.996675226685246e-06,-1.936849399805271e-05,1.0377591047283597e-05,-1.0965784881863592e-06,0.014492314218231614,0.00038762211649956413,0.01913783745514986,0.7678777158229674,1,1,21.098604182975,24,1,-0.0003677106268653805,0.034135898538953914,12,0,20,0.06133299984867335,0.22322700033328147,1.8448669998178957,0.23066780521325567,0.012730483525595918,20.069282254295555,0.656688493919551,0.6202057998129092,0.9989580581254487,1,1,3115,-7.284052350553639e-10,-4.473737313447767e-15,-0.0017364688217638147
1069,53.5,-103.83693353414247,-53.2972949917885,1.5600402186262299,-103.8231153694642,-53.299107831782244,1.5619830988645012,0.00027272237982193555,9.20388221485926e-05,1.0008050692751845e-05,-1.9308675924962545e-05,1.0342166996810694e-05,-1.092091076190084e-06,0.01393657289001534,0.0019428802382712718,0.019098722521952303,0.9162285944786549,1,1,31.42103540091942,24,1,0.0008628995031816746,0.05373995333728671,12,0,20,0.06355499999699532,0.22367100018527708,2.2869740000714955,0.23056038497647527,0.012724671933562793,20.051382204146197,0.6570093457943925,0.6205607476635514,0.999262226508043,1,1,3117,1.0755390813138687e-10,5.760264270064444e-15,-0.0028491029515862465
1070,53.550000000000004,-103.83693353414247,-53.2972949917885,1.5600402186262299,-103.82244293642556,-53.29960944511911,1.5632518081619633,0.0002718044265731875,9.147465309280664e-05,1.0003800261742519e-05,-1.9249280470423394e-05,1.0307488418117367e-05,-1.0876543658337046e-06,0.014674267150799414,0.0032115895357334168,0.019059881417941564,1.5254246275137806,1,1,22.854756881147573,24,1,-0.00012386240669717054,0.017851981736478558,12,0,20,0.06147400017653126,0.22229199976209202,1.9002349999936996,0.2304531581632692,0.012719108580863857,20.03408439128286,0.6573295985060691,0.6209150326797386,0.9992162121203901,1,1,3119,1.7819312944093046e-10,-1.8378751944584342e-15,-0.0009109247475862503
1071,53.6,-103.83693353414247,-53.2972949917885,1.5600402186262299,-103.82319755267157,-53.299479299121636,1.5644791573058523,0.00027089290225027423,9.091749624116743e-05,1.0002191730522402e-05,-1.9190195484904283e-05,1.0273131332749202e-05,-1.083241525249269e-06,0.013908572374422567,0.004438938679622417,0.019021314320820253,2.30615842839824,1,1,19.175162663219446,24,1,-0.00034545797264708513,0.02690566735667599,12,0,20,0.061439000091922935,0.21851899964531185,1.7547719999129185,0.23034603730979605,0.012713897658236373,20.0175471469145,0.6576492537313433,0.621268656716418,0.9990202717083031,1,1,3135,2.366101941498844e-10,1.212844933229741e-15,-0.0013748390600083482
1072,53.650000000000006,-103.83693353414247,-53.2972949917885,1.5600402186262299,-103.82502711634798,-53.29978815060447,1.5636324068090683,0.0002699871831600721,9.036692432116844e-05,9.99701904772698e-06,-1.913146277162916e-05,1.0238846774158471e-05,-1.0788750382256022e-06,0.012164646545570581,0.0035921881828384628,0.018982995218912124,1.5780492227252707,1,1,17.963119171134842,24,1,-6.684996766115682e-05,0.00484510793291557,12,0,20,0.06189499981701374,0.21958500019536586,1.7773660001694225,0.2302389743959671,0.012708444969955778,20.000362153508913,0.6579683131407269,0.6216216216216216,0.9987753479811174,1,1,3156,2.4554937465235445e-10,-2.114392116686028e-15,-0.00026645704638195156
1073,53.7,-103.83693353414247,-53.2972949917885,1.5600402186262299,-103.82512932162771,-53.299733372820775,1.5638445833485406,0.00026908747058885726,8.982301779288755e-05,9.992451416948628e-06,-1.9073148920696973e-05,1.0204712074271513e-05,-1.0745638433398208e-06,0.012053428356787615,0.0038043647223107158,0.018944933052976058,1.7155795579644404,1,1,17.39970175692948,24,1,1.1214416987900977e-05,-0.002173044950370982,12,0,20,0.06720000010318472,0.2245679997940897,1.9016709998140868,0.23013205573640907,0.012703057617192147,19.983337216269113,0.6582867783985102,0.6219739292364991,0.998507977107313,1,1,3138,-5.361497497832356e-10,2.8336732358006603e-15,0.0001096024294384712
1074,53.75,-103.83693353414247,-53.2972949917885,1.5600402186262299,-103.82574445908195,-53.29971530922407,1.5643141961212885,0.0002681937337757777,8.928564459259777e-05,9.98848418106118e-06,-1.9015162056681856e-05,1.0170808786354153e-05,-1.0702878226408692e-06,0.011447852951495795,0.004273977495058645,0.018907125068829883,2.035242847682866,1,1,34.48442368195196,24,1,8.565687745618065e-06,0.0023129429625490293,12,0,20,0.05994200000714045,0.231257999985246,2.029664000019693,0.23002525765973664,0.012697816970349529,19.966641314530897,0.6586046511627907,0.6223255813953489,0.9989356288240356,1,1,3113,-5.519176152357744e-10,3.7663876535292734e-15,-0.00012064498150721192
1075,53.800000000000004,-103.83693353414247,-53.2972949917885,1.5600402186262299,-103.82796700748925,-53.30023830607195,1.563642253168525,0.0002673057268207876,8.875472112078685e-05,9.985507205340186e-06,-1.8957515286741602e-05,1.013703382846724e-05,-1.066052078536236e-06,0.009437250616262735,0.0036020345422951294,0.018869564063368673,1.463897488615883,1,1,27.860104931742796,24,1,0.0001984902456421048,-0.010077345963842983,12,0,20,0.06442800031436491,0.22595900009036995,2.0939209998687147,0.22991852375411978,0.012692390153102966,19.949445455956624,0.6589219330855018,0.6226765799256505,0.999093428119031,1,1,3234,1.5914228789027217e-10,6.416461765565463e-15,0.0004920566454531539
1076,53.85,-103.83693353414247,-53.2972949917885,1.5600402186262299,-103.82879521697214,-53.300075047129916,1.5647976497124425,0.0002664234707258786,8.823016903489073e-05,9.98366717308636e-06,-1.89002914164621e-05,1.010335706856396e-05,-1.0618706767680415e-06,0.008600053143226401,0.004757431086212627,0.01883224999198899,2.358173568457744,1,1,26.823583475041623,24,1,0.00037886856829048664,-0.016122093577075374,12,0,20,0.06704799989165622,0.23555400002805982,1.8401359998279077,0.2298119081152206,0.012687324525795721,19.933111870174358,0.659238625812442,0.6230269266480966,0.9992088671485744,1,1,3085,0.0,0.0,0.0008147475309669971
1077,53.900000000000006,-103.83693353414247,-53.2972949917885,1.5600402186262299,-103.82944363008184,-53.29968037961525,1.5646581276286824,0.0002655473809803885,8.771173456372841e-05,9.980622596201046e-06,-1.8843442594196064e-05,1.0070090359605567e-05,-1.0577321505893316e-06,0.007860581271225225,0.004617909002452514,0.01879518862752159,2.201444675526336,1,1,23.280280490974498,24,1,1.3162080965265605e-05,-0.0028963251689540703,12,0,20,0.061174000165920006,0.222301999656338,1.7781420001483639,0.22970541635387404,0.01268221843962792,19.91666319930734,0.6595547309833024,0.6233766233766234,0.9991804652224805,1,1,3081,6.2389685943139185e-12,-3.948774907894921e-15,0.0001479819417000705
1078,53.95,-103.83693353414247,-53.2972949917885,1.5600402186262299,-103.82823628051533,-53.300075812590435,1.5636479923831939,0.0002646771825281307,8.719946397413383e-05,9.97940090823283e-06,-1.8786942852872433e-05,1.0037134436178366e-05,-1.0536344508758539e-06,0.009131001313515437,0.0036077737569639723,0.018758375369478685,1.454008273567201,1,1,17.729083988657766,24,1,-0.00016342649618250049,-0.01725286418110771,12,0,20,0.062397999954555416,0.22090600032242946,1.7644199997448595,0.22959911629410074,0.01267681603915211,19.899552305029545,0.659870250231696,0.623725671918443,0.9989273372998743,1,1,3128,4.8461866870665495e-11,-4.55085665651303e-15,0.0008800237439574587
1079,54.0,-103.83693353414247,-53.2972949917885,1.5600402186262299,-103.82886585897204,-53.3005217673789,1.5659880260967327,0.00026381231332751816,8.669352421758918e-05,9.98557892099613e-06,-1.8730671113770864e-05,1.0004216540736298e-05,-1.0495469414275447e-06,0.008689042718650362,0.0059478074705028305,0.018721801129835434,3.630870625048833,1,1,27.748503104941065,24,1,0.0002162457663611493,0.041673291025167834,12,0,20,0.060478999785118503,0.21745699996245094,1.9392960002733162,0.22949294809736787,0.01267223827866488,19.884488710881413,0.6601851851851852,0.6240740740740741,0.9990800171950905,1,1,3184,9.201355605209194e-11,-5.071445290843533e-15,-0.0018961939960719931
1080,54.050000000000004,-103.83693353414247,-53.2972949917885,1.5600402186262299,-103.82831803119684,-53.29988056944565,1.5659147383809469,0.0002629534282572872,8.619310087974125e-05,9.983451740303262e-06,-1.867475964870527e-05,9.971646717320843e-06,-1.0454944685014941e-06,0.00899511549827612,0.005874519754716978,0.018685463043152783,3.523857819026416,1,1,15.109184602929892,24,1,-8.767965584719552e-05,-0.019533632942162375,12,0,20,0.07033900010355865,0.2241259999209433,1.8168629999308905,0.22938693823853062,0.01266763570191815,19.869353992202544,0.6604995374653099,0.6244218316373727,0.9987215975454886,1,1,3079,8.14326582247474e-12,2.323165203340322e-15,0.0010738687589766371
1081,54.1,-103.83693353414247,-53.2972949917885,1.5600402186262299,-103.82959354098527,-53.30111893773137,1.5641766980493301,0.0002620999318578786,8.569841554706562e-05,9.981074970012105e-06,-1.861911476154601e-05,9.93925967461421e-06,-1.0414704022954922e-06,0.008276355606290147,0.004136479423100248,0.018649352466103056,1.8743709683046104,1,1,23.94342642448906,24,1,3.590513235240948e-05,-0.01733929649127482,12,0,20,0.05966000026091933,0.22829199997431715,1.7643759997554298,0.22928105043270136,0.012662404994869302,19.852722769444785,0.6608133086876156,0.6247689463955638,0.9987205521677187,1,1,3093,-5.1972050640942575e-11,-4.7831621601328866e-15,0.0008942345157265663
1082,54.150000000000006,-103.83693353414247,-53.2972949917885,1.5600402186262299,-103.82974767488777,-53.301131401093926,1.5656871791641418,0.00026125241253362435,8.520946317698212e-05,9.979748537883311e-06,-1.856386102388089e-05,9.907185985449553e-06,-1.0374823867236582e-06,0.00814583387918019,0.005646960537911916,0.01861348639322055,3.3226998210439898,1,1,14.47864410662984,24,1,-0.00029658272337425355,0.021447437623770466,12,0,20,0.0621859999228036,0.2241719998892222,1.7685739999251382,0.2291753050653784,0.012657720808457574,19.83745959036039,0.6611265004616805,0.6251154201292706,0.9983377412147745,1,1,3163,-3.931664089449802e-11,3.43995248204737e-15,-0.0010606341063974511
1083,54.2,-103.83693353414247,-53.2972949917885,1.5600402186262299,-103.82928069871866,-53.30157741939165,1.5661649446964763,0.0002604100519987375,8.472596340091312e-05,9.97631263217801e-06,-1.850889802155058e-05,9.875164125454099e-06,-1.0335248345805164e-06,0.008769553933934344,0.006124726070246389,0.01857783667168087,3.9202273798091274,1,1,18.866583796071684,24,1,1.5675081510839766e-05,0.006954401040574899,12,0,20,0.06330699989121058,0.24068099992291536,1.769776999935857,0.22906972736444392,0.012653248554909667,19.82277579680822,0.6614391143911439,0.6254612546125461,0.9981324896837831,1,1,3134,-2.067865454395027e-12,6.180311311506637e-15,-0.00036285663954904734
1084,54.25,-103.83693353414247,-53.2972949917885,1.5600402186262299,-103.82890534532008,-53.302285427963895,1.5649972624456865,0.0002595731496362997,8.424792287399721e-05,9.973035574525765e-06,-1.8454214640516003e-05,9.843353791388328e-06,-1.0295879155008143e-06,0.009452844491935819,0.004957043819456608,0.018542412801744464,2.7220511743794233,1,1,22.477538845243586,24,1,7.3762386036469275e-06,0.0004002900749025866,12,0,20,0.060803999986092094,0.233116000345035,1.989419999972597,0.22896432078852744,0.012648311520657637,19.80701476028985,0.6617511520737327,0.6258064516129033,0.9980730033348633,1,1,3088,-6.643954525374397e-12,-4.0746557143852445e-16,-2.156702685152112e-05
1085,54.300000000000004,-103.83693353414247,-53.2972949917885,1.5600402186262299,-103.82779584461314,-53.30177035251589,1.5637524928961923,0.00025874165613685074,8.377526819436685e-05,9.97025733813616e-06,-1.8399814386769072e-05,9.811733155717625e-06,-1.0256714313632331e-06,0.010174783711453845,0.0037122742699624567,0.01850721276506048,1.6699447107433854,1,1,14.85051300603276,24,1,1.9894410560643082e-05,0.004861466220874116,12,0,20,0.06061099975340767,0.21825200019520707,1.8715380001594895,0.22885908842429611,0.012642988687689927,19.790313959139255,0.6620626151012892,0.6261510128913443,0.9977068820722343,1,1,3070,-2.4728361004011915e-11,4.030675652943094e-15,-0.0002493064617739016
1086,54.35,-103.83693353414247,-53.2972949917885,1.5600402186262299,-103.82761117001273,-53.30165347280232,1.5621788953223215,0.000257915611932902,8.330804271211547e-05,9.97060450303782e-06,-1.8345663606650352e-05,9.780450800972065e-06,-1.0217780995284848e-06,0.010290910052828516,0.0021386766960915793,0.0184722401090127,0.8300547100316423,1,1,12.054080793474153,24,0,-0.0001790481994873509,-0.023933400379094354,12,0,20,0.06140300001789001,0.22919799994269852,1.9565679999686836,0.2287540061828808,0.012637338293480042,19.77287121833971,0.6623735050597976,0.6264949402023919,0.9972291062615523,1,1,3128,-4.625190108958258e-11,-1.009492236484978e-16,0.0012699196115137923
1087,54.400000000000006,-103.83693353414247,-53.2972949917885,1.5600402186262299,-103.82703176942947,-53.301135100432155,1.5631535818036397,0.0002570946390572249,8.284586562038327e-05,9.967728992809577e-06,-1.8291788348333803e-05,9.749286506059431e-06,-1.0179143491755062e-06,0.010620328564919446,0.0031133631774098447,0.018437475550562993,1.2759288678855967,1,1,26.480581641557347,24,1,5.575439565408455e-07,4.2215942800905313e-05,12,0,20,0.06101500002841931,0.21490800008905353,1.834830999996484,0.22864908279208246,0.012631882003851779,19.755870352208778,0.6626838235294118,0.6268382352941176,0.9973313494813371,1,1,3121,-4.0498593106047835e-13,-4.356240479333454e-15,-2.2994139725618368e-06
1088,54.45,-103.83693353414247,-53.2972949917885,1.5600402186262299,-103.82727655425803,-53.3010540489808,1.5662725904298593,0.0002562777892900288,8.238950063057019e-05,9.977124296939643e-06,-1.8238112784414848e-05,9.717843243107981e-06,-1.0140763204739524e-06,0.010362807122758545,0.006232371803629455,0.018402915256029384,4.047207850374134,1,1,26.933582972357435,24,1,0.0010661411194007172,0.04788841160774118,12,0,20,0.05996099980620784,0.23322000015468802,1.743538000027911,0.2285442932053017,0.012627493303988824,19.741445501426558,0.6629935720844812,0.6271808999081726,0.9974515624499289,1,1,3093,3.820810549578936e-11,-1.1522621777501875e-15,-0.002331189997494043
1089,54.5,-103.83693353414247,-53.2972949917885,1.5600402186262299,-103.8274440580182,-53.30125696912227,1.5661943991739502,0.00025546709718745394,8.193752583522212e-05,9.973918317326908e-06,-1.8184797981928888e-05,9.687126733443822e-06,-1.0102755840976477e-06,0.010283356529192034,0.006154180547720323,0.018368577054923882,3.9660806269406024,1,1,17.93001778673765,24,1,4.457828048623942e-05,0.015646205444177597,12,0,20,0.06210200035638991,0.21711799990953295,1.938938999956008,0.22843964466236505,0.012623075939720993,19.726972689615106,0.6633027522935779,0.6275229357798165,0.9972108244806958,1,1,3218,5.84525897906259e-11,3.4328464855244967e-15,-0.0007670336402951783
1090,54.550000000000004,-103.83693353414247,-53.2972949917885,1.5600402186262299,-103.82765699826557,-53.3011173046187,1.5681505680090861,0.0002546616181308542,8.149046300676453e-05,9.970290764924044e-06,-1.813178487973034e-05,9.656634145363113e-06,-1.0065054921583696e-06,0.01003315470066486,0.008110349382856263,0.018334450663644624,6.71079082494899,1,1,26.775435117399304,24,1,-3.916603001371541e-05,0.009478739331091168,12,0,20,0.06090099986977293,0.2148779999515682,1.7066549999071867,0.22833512992668686,0.012619678524860548,19.715042183781314,0.6636113657195234,0.6278643446379468,0.997324592305298,1,1,3082,4.5249940935889835e-11,3.535018601454493e-15,-0.0004928906913845843
1091,54.6,-103.83693353414247,-53.2972949917885,1.5600402186262299,-103.82797798637594,-53.29985399495199,1.5656048522805088,0.0002538608925948697,8.104843225399055e-05,9.970132668759292e-06,-1.8079049627351037e-05,9.626183307377307e-06,-1.002768181466186e-06,0.009313985880889348,0.00556463365427895,0.01830052799371811,3.196621904311137,1,1,29.10345977786359,24,1,0.00027270917370247145,-0.025954800790661592,12,0,20,0.06199000017659273,0.22209700000530574,1.8029679999926884,0.2282307309665256,0.012615022922824456,19.69991542528363,0.6639194139194139,0.6282051282051282,0.997531232962789,1,1,3122,6.867082608383006e-11,-3.478743510745665e-16,0.0011895413510503161
1092,54.650000000000006,-103.83693353414247,-53.2972949917885,1.5600402186262299,-103.82830534972412,-53.299003102067225,1.5642199040797902,0.00025306535666591476,8.06110088543258e-05,9.966347653615476e-06,-1.80266193670394e-05,9.59610201370131e-06,-9.990733226026867e-07,0.0087956356837613,0.004179685453560289,0.01826681049116787,1.8515888190589178,1,1,29.706716121415198,24,1,-1.2222632899824563e-05,-0.002134712589517169,12,0,20,0.062166000134311616,0.22364799997376394,1.764466999702563,0.22812645656883854,0.012609884555051928,19.68358575775735,0.6642268984446478,0.6285452881976212,0.9977615767839103,1,1,3133,6.162899064372958e-11,-5.035155130279247e-15,0.00010496204486099003
1093,54.7,-103.83693353414247,-53.2972949917885,1.5600402186262299,-103.82790815359006,-53.298339284926506,1.563835876852636,0.00025227466829868595,8.01783069092661e-05,9.963169795330907e-06,-1.797447647010095e-05,9.566196191392731e-06,-9.954156534881793e-07,0.009085595317534993,0.00379565822640604,0.01823329304343985,1.5661930648461853,1,1,17.334755452734704,24,1,4.540735309464343e-05,0.005330435476782682,12,0,20,0.0633609997748863,0.22208600012163515,1.8418069998915598,0.22802233563913152,0.012604642438723949,19.667025069738234,0.6645338208409507,0.6288848263254113,0.9974977069567201,1,1,3140,-5.983188006275722e-12,6.7000846843160566e-15,-0.00027909418568006217
1094,54.75,-103.83693353414247,-53.2972949917885,1.5600402186262299,-103.82597601598725,-53.29860309977181,1.5621564051432077,0.0002514889348766121,7.975023229433474e-05,9.960254255185817e-06,-1.7922596859235906e-05,9.536540347351161e-06,-9.917852093940965e-07,0.011035322859710523,0.0021161865169778693,0.018199977120066577,0.7815871267439639,1,1,33.64532713335665,24,1,-4.6908109694122437e-05,0.002498006300032711,12,0,20,0.06033099998603575,0.21991000039633946,1.800292999632802,0.2279184360444656,0.01259904788343731,19.64977809444783,0.6648401826484018,0.6292237442922375,0.9978846839171026,1,1,3076,-3.6964574786727214e-11,3.1665203323082456e-16,-0.0001215054886416489
1095,54.800000000000004,-103.83693353414247,-53.2972949917885,1.5600402186262299,-103.82642634101117,-53.29711709458753,1.5645345637834955,0.0002507087914377107,7.932713944210642e-05,9.965187816144658e-06,-1.7870951057411817e-05,9.50742795853382e-06,-9.881610186663197e-07,0.010508699011420168,0.004494345157265656,0.018166891062584626,2.201420062619104,1,1,29.06251734992845,24,1,-0.0007891222959448389,0.038068407796646206,12,0,20,0.06301599978542072,0.22872299996379297,1.8347509999330214,0.22781465607184304,0.012594030542929768,19.633858059747254,0.6651459854014599,0.6295620437956204,0.9980883679888011,1,1,3138,-7.873275201767754e-12,5.809951162153166e-16,-0.0021096961572766304
1096,54.85,-103.83693353414247,-53.2972949917885,1.5600402186262299,-103.82568879818545,-53.29662219322244,1.564030699060222,0.0002499325998684267,7.890809895745579e-05,9.961506240518703e-06,-1.7819552858999683e-05,9.478113929969977e-06,-9.845776940653334e-07,0.011264845522847308,0.003990480433992083,0.018133965336513756,1.8613313408717178,1,1,21.370541758034147,24,1,9.679976883446031e-06,0.001738805084068319,12,0,20,0.06319100020846236,0.2189229999203235,1.856283000051917,0.22771105109181577,0.012588865569863713,19.61765703265621,0.6654512306289881,0.6298997265268915,0.9979855512475684,1,1,3090,1.1696232541301322e-11,-2.094297019399033e-15,-8.796440670266747e-05
1097,54.900000000000006,-103.83693353414247,-53.2972949917885,1.5600402186262299,-103.82530541217916,-53.29555101641674,1.562792445030568,0.0002491611381200831,7.849347355537179e-05,9.958341096517e-06,-1.776839531204468e-05,9.44898872282743e-06,-9.810162653569192e-07,0.011758174624106001,0.002752226404338032,0.018101232324774324,1.189870453279253,1,1,33.95080500585789,24,1,2.5023137547569303e-05,0.003450098627164567,12,0,20,0.06072199994378025,0.22326599992084084,1.8260030001329142,0.22760761052004558,0.012583405750556375,19.600873984769713,0.6657559198542805,0.6302367941712204,0.9983831002208474,1,1,3073,2.893498922560278e-11,-1.4170128914951328e-15,-0.00016935953171914875
1098,54.95,-103.83693353414247,-53.2972949917885,1.5600402186262299,-103.8240107210191,-53.29571130709002,1.5636400267934043,0.00024839411849445094,7.808325576463407e-05,9.956653164598597e-06,-1.771747661299109e-05,9.419961127670811e-06,-9.774841031445097e-07,0.013019491397349498,0.003599808167174423,0.01806868490674086,1.7680223607667453,1,1,42.31224501873532,24,0,0.00025342528837831525,0.01494046969661109,12,0,20,0.06975899987082812,0.2240370004074066,2.146005999748013,0.22750437378777572,0.012578148242919465,19.584647550170985,0.6660600545950864,0.6305732484076433,0.9991120107155024,1,1,3127,3.4136472584551986e-11,-2.31384477942038e-15,-0.0007713703904301816
1099,55.0,-103.83693353414247,-53.2972949917885,1.5600402186262299,-103.82360762152263,-53.29558027495956,1.565041188345118,0.000247632123750935,7.767727789379632e-05,9.954589577891531e-06,-1.7666796349982895e-05,9.391279400501044e-06,-9.73964055557671e-07,0.013435780623218862,0.005000969718888193,0.0180363355935936,2.9258818735035446,1,1,17.63429559705615,24,1,-8.305727345433844e-05,0.011404416239366708,12,0,20,0.06161500004964182,0.23162599973147735,1.8137880001631856,0.22740130003213013,0.012573333774585735,19.56950321773765,0.6663636363636364,0.6309090909090909,0.9988602491020057,1,1,3102,5.688933334651601e-11,8.293194095175224e-16,-0.0006004225462676871
1100,55.050000000000004,-103.83693353414247,-53.2972949917885,1.5600402186262299,-103.82245706315166,-53.29492950415308,1.5657070244655937,0.0002468747322916535,7.727558700006349e-05,9.954295247911973e-06,-1.7616367740870672e-05,9.362741468267863e-06,-9.704674214755823e-07,0.014668460863403454,0.005666805839363853,0.01800417505168501,3.7441225873477633,1,1,19.56614849729555,24,1,-3.623057170180466e-05,0.020975802376706043,12,0,20,0.061270000060176244,0.22321699998428812,1.9427079996603425,0.22729843611551892,0.012568782859048963,19.55512957502158,0.6666666666666666,0.631244323342416,0.998685554466692,1,1,3044,8.890110034599781e-11,4.08438376906569e-15,-0.0010674668475987303
1101,55.1,-103.83693353414247,-53.2972949917885,1.5600402186262299,-103.82187302674896,-53.29588218597634,1.566650826267094,0.00024612185893449045,7.687792439884908e-05,9.951611665553607e-06,-1.756615679825076e-05,9.334377001659341e-06,-9.669902589691288e-07,0.015126628944115641,0.006610607640864075,0.017972194727782678,4.81673819223516,1,1,19.68680894018195,24,1,5.215459058699897e-06,0.0006718787889850237,12,0,20,0.05989999999655993,0.22077199992054375,1.8079120000038529,0.2271957397013812,0.012564656998490043,19.54175535416606,0.6669691470054446,0.631578947368421,0.9985159709603938,1,1,3138,1.1230777546126925e-10,4.864027340210217e-17,-3.307185252188205e-05
1102,55.150000000000006,-103.83693353414247,-53.2972949917885,1.5600402186262299,-103.82208906069182,-53.29589371615276,1.5671081010152754,0.0002453737832327534,7.648435894685117e-05,9.949504656152778e-06,-1.7516205626551783e-05,9.306223763341405e-06,-9.635275901051662e-07,0.014910464963722489,0.007067882389045543,0.01794040529585674,5.401615222858974,1,1,18.587285303374593,24,1,-0.000154800808254096,0.007397402199270289,12,0,20,0.0629559999651974,0.22195399969859864,1.7631390001042746,0.22709317022406672,0.012560763001923835,19.528935644164875,0.6672710788757933,0.6319129646418857,0.9983032019670542,1,1,3150,5.5738167849800986e-11,2.6584580844110686e-15,-0.000361053063534289
1103,55.2,-103.83693353414247,-53.2972949917885,1.5600402186262299,-103.82231057523266,-53.29603869899255,1.5638263503172825,0.0002446304781317326,7.609505598991981e-05,9.951989859053841e-06,-1.7466542333147858e-05,9.278337639965294e-06,-9.60095557698559e-07,0.014676825231199894,0.0037861316910525744,0.017908811633429292,2.038867820941187,1,1,24.157409573802386,24,1,-0.0004059172944023539,-0.03007181412832725,12,0,20,0.061516000187111786,0.2261139998154249,1.9038939999518334,0.22699072654664684,0.012555590049432326,19.513093191426446,0.667572463768116,0.6322463768115942,0.9983110345384724,1,1,3086,6.088991609440944e-11,1.2266492955151227e-15,0.0015059583820402622
1104,55.25,-103.83693353414247,-53.2972949917885,1.5600402186262299,-103.82344251268803,-53.296801593603924,1.5632904770302067,0.0002438912663458341,7.57094873234114e-05,9.949746578896458e-06,-1.741713278790359e-05,9.250375393875259e-06,-9.56691020468902e-07,0.013500040801892153,0.003250258403976858,0.017877381062931044,1.5594859657081703,1,1,19.35803971567567,24,1,3.8119430558386896e-05,-0.010718917720551549,12,0,20,0.0598629999331024,0.22460199988927343,1.889475000098173,0.2268883560302808,0.0125502883882423,19.49684558307738,0.6678733031674208,0.632579185520362,0.998129303688818,1,1,3146,6.710046462338578e-11,-3.027826698648906e-15,0.0005456983111797875
1105,55.300000000000004,-103.83693353414247,-53.2972949917885,1.5600402186262299,-103.82360020199042,-53.29685637757234,1.561029589333213,0.00024315674430395933,7.532788588122624e-05,9.948819557753654e-06,-1.736804503319696e-05,9.222622830625986e-06,-9.533198010134073e-07,0.013340544543148251,0.000989370706983017,0.017846137682568337,0.7821723826442694,1,1,22.545114975642548,24,1,-0.00014168421998541684,-0.018107150358161923,12,0,20,0.06450399996538181,0.2230309996775759,1.9456920003904088,0.22678611601417506,0.012544648651900529,19.479924540400678,0.6681735985533453,0.6329113924050633,0.9980736696802603,1,1,3078,7.352416364239394e-11,-4.989544545795107e-15,0.0008942497894168788
1106,55.35,-103.83693353414247,-53.2972949917885,1.5600402186262299,-103.8240072842313,-53.298064517634984,1.558859288480269,0.00024242669379991478,7.495022558533018e-05,9.949796823319489e-06,-1.7319226661357843e-05,9.19505234854484e-06,-9.499759943729589e-07,0.012949135368608703,-0.001180930145960879,0.017815075621092517,0.9802755562858473,1,1,36.35138058749316,24,1,-0.00020054385593274747,-0.026470553812340092,12,0,20,0.060092999774497,0.21893800021643983,1.8509620003896998,0.2266839942226837,0.012539031550570286,19.463213023703194,0.6684733514001807,0.6332429990966576,0.9985623803596663,1,1,3194,7.404282983480474e-11,5.895002786143774e-16,0.001203359104692936
1107,55.400000000000006,-103.83693353414247,-53.2972949917885,1.5600402186262299,-103.82453714168228,-53.29772500380755,1.5575934247603316,0.00024170066921519492,7.45765615824242e-05,9.954529134763386e-06,-1.7270661826971704e-05,9.16736787359538e-06,-9.466504552703542e-07,0.012403848449718062,-0.0024467938658983,0.01778418485052433,1.5233234573454786,1,1,18.540866508783733,24,1,0.0002812574995960494,-0.03873161719179575,12,0,20,0.061189999996713595,0.2255729996250011,1.6818789999888395,0.22658198333089263,0.01253358741817975,19.447021787632472,0.6687725631768953,0.6335740072202166,0.9983487449382797,1,1,3118,6.531679982236652e-11,6.209495475547974e-15,0.002028679288923918
1108,55.45,-103.83693353414247,-53.2972949917885,1.5600402186262299,-103.82469997427619,-53.29701288894371,1.5579641818878018,0.0002409793073054182,7.420628593769923e-05,9.951657044926896e-06,-1.7222396956840644e-05,9.140046653661735e-06,-9.433603985804603e-07,0.012236812044691348,-0.0020760367384280443,0.01775346707669005,1.308739496422325,1,1,19.339289025631132,24,1,-0.00010001068883023203,-0.015017108322389875,12,0,20,0.06255000016608392,0.227611999889632,2.0832769996559364,0.22648010239130723,0.01252809039798099,19.430666258064207,0.6690712353471596,0.6339044183949504,0.9981669271521257,1,1,3059,6.947384578015976e-11,-5.9218513327635576e-15,0.0007326674181968862
1109,55.5,-103.83693353414247,-53.2972949917885,1.5600402186262299,-103.82575775816707,-53.29644371905637,1.5585609812462193,0.00024026216390708166,7.383962771817743e-05,9.948047996859596e-06,-1.7174387995700678e-05,9.112892675524512e-06,-9.401009851619421e-07,0.011208150334326055,-0.0014792373800105452,0.01772291713080155,0.9319734590325998,1,1,25.177828970778954,24,1,-7.550119008459049e-05,-0.004094458690862393,12,0,20,0.061651999658352,0.22415200010073022,1.7589840003893187,0.22637831130542652,0.012522524552857791,19.41400076905607,0.6693693693693694,0.6342342342342342,0.9982149547747331,1,1,3107,5.2135466016633646e-11,6.540943406179763e-15,0.0002011708915232724
1110,55.550000000000004,-103.83693353414247,-53.2972949917885,1.5600402186262299,-103.826207657375,-53.29636890191891,1.560402629445039,0.00023954904385019036,7.347676089301533e-05,9.948206224327337e-06,-1.7126655015288013e-05,9.085795540204888e-06,-9.368780208732071e-07,0.010765782594764505,0.0003624108188091668,0.017692535283084947,0.5200692586472628,1,1,17.200854814160166,24,1,0.00014332724125568598,0.02564506748676612,12,0,20,0.06121300020822673,0.22445200011134148,1.8986649997714267,0.2262766384610789,0.012516892306898425,19.396994530072803,0.6696669666966697,0.6345634563456346,0.9979496270924979,1,1,3163,6.1252883329636085e-12,-5.1715792529709855e-15,-0.0012155872769654685
1111,55.6,-103.83693353414247,-53.2972949917885,1.5600402186262299,-103.8261032077509,-53.296822146542326,1.5580701185690984,0.00023884033094924689,7.31178004748016e-05,9.955254336015063e-06,-1.7079196020864203e-05,9.058958745166198e-06,-9.336830448783786e-07,0.01084064354061914,-0.0019701000571314964,0.017662336522217225,1.1001235486955627,1,1,20.817213935214678,24,1,-6.4259029850191e-05,-0.04520757784439418,12,0,20,0.05941900008110679,0.217664999581757,1.6871440002432792,0.22617510611521915,0.012511402430398522,19.380540509406096,0.6699640287769785,0.6348920863309353,0.9978266838598001,1,1,3164,3.82862606754677e-11,-3.115841905104319e-16,0.002251933328807354
1112,55.650000000000006,-103.83693353414247,-53.2972949917885,1.5600402186262299,-103.82635168674956,-53.29608950317102,1.5599081388356746,0.00023813592000232288,7.27621165387137e-05,9.955991851043445e-06,-1.7031992043546706e-05,9.032311357893706e-06,-9.305057517581974e-07,0.010650290937518073,-0.00013207979055529506,0.017632300942901257,0.5527838679942925,1,1,14.086235605754684,24,1,-0.0001609675095932143,0.03306090077364719,12,0,20,0.06109100013418356,0.21789499987789895,1.8298619997949572,0.22607370261186394,0.012505781217900276,19.3636242860086,0.6702605570530099,0.6352201257861635,0.997440136164328,1,1,3142,7.044723301797178e-11,4.548410871950235e-15,-0.0015301474370064128
1113,55.7,-103.83693353414247,-53.2972949917885,1.5600402186262299,-103.82610389231877,-53.296075926462336,1.5605643287668371,0.00023743542347385603,7.240963974382374e-05,9.951447176802962e-06,-1.698503248428241e-05,9.005740461768143e-06,-9.273563035711933e-07,0.01089803937867636,0.0005241101406072701,0.01760241640280333,0.5513148212976016,1,1,15.695155666300145,24,1,3.511911046300699e-05,0.011236463331612757,12,0,20,0.0633489999017911,0.23481700009142514,1.7977530001189734,0.2259724463834723,0.012500176813066734,19.346737114137227,0.670556552962298,0.6355475763016158,0.9971173210170206,1,1,3144,9.877042658610098e-12,6.760898796961488e-15,-0.0005324193276465827
1114,55.75,-103.83693353414247,-53.2972949917885,1.5600402186262299,-103.82622608039873,-53.29694922487478,1.5599043334129457,0.0002367390716092208,7.206055874043754e-05,9.947312650519767e-06,-1.6938311115794002e-05,8.979350578800426e-06,-9.242254773875343e-07,0.010713035071030661,-0.00013588521328422587,0.01757269559144693,0.5318226696943718,1,1,25.164398601179983,24,1,-7.754690088920058e-06,0.00900288251276786,12,0,20,0.062227999933384126,0.21884299985686084,2.01590100004978,0.22587131857268922,0.012494570757920717,19.329862751406786,0.6708520179372197,0.6358744394618834,0.9971655832586782,1,1,3018,-7.325402017114382e-11,-6.316327803437897e-15,-0.00045135435648280264
1115,55.800000000000004,-103.83693353414247,-53.2972949917885,1.5600402186262299,-103.82707365522927,-53.29682999769955,1.5596092899996608,0.00023604684544504097,7.1714819603871e-05,9.943348798406664e-06,-1.68918423488344e-05,8.953080720529623e-06,-9.211106667231884e-07,0.009870837435891908,-0.000430928626569127,0.01754313726358293,0.4979803075053834,1,1,29.002458282756812,24,1,5.949954724313171e-06,-0.0019073015809911958,12,0,20,0.06401199971151073,0.23022200002742466,1.7351650003547547,0.22577029241701502,0.012488978239147198,19.312988304772464,0.671146953405018,0.6362007168458781,0.9973637729195816,1,1,3125,-1.6990081112597656e-11,1.997600376949971e-15,8.62333225084555e-05
1116,55.85,-103.83693353414247,-53.2972949917885,1.5600402186262299,-103.827513335175,-53.29723920905022,1.5569477530578926,0.0002353588574137597,7.137255165200188e-05,9.942838658745466e-06,-1.6845654988324393e-05,8.927066188390246e-06,-9.180272527762679e-07,0.009420364127820234,-0.0030924655683373103,0.017513749143623178,1.6218264555682287,1,1,23.584080654030252,24,1,-0.0002213212040579529,-0.023834938481733424,12,0,20,0.06325599997580866,0.22351000006892718,1.7567549998602772,0.22566938480697527,0.012483729492696527,19.297150201057867,0.6714413607878246,0.6365264100268576,0.997350001836481,1,1,3097,4.4624088096290595e-12,5.364972537869103e-15,0.0012777332216500348
1117,55.900000000000006,-103.83693353414247,-53.2972949917885,1.5600402186262299,-103.82757881225439,-53.297766945856594,1.5578722794130977,0.00023467469217447232,7.103339621252428e-05,9.939326249940474e-06,-1.679971490874962e-05,8.90106756722147e-06,-9.149641550766776e-07,0.009366619574096631,-0.002167939213132186,0.017484509955586303,1.0359559859517211,1,1,21.28047073385043,24,1,1.4525366039639602e-05,0.0016092849131318441,12,0,20,0.062243999764177715,0.22314900024866802,1.7378820002704742,0.22556861068981943,0.012478313629797403,19.280816395856522,0.6717352415026834,0.6368515205724508,0.997246384119946,1,1,3061,-6.854434150802354e-10,2.8724091809266305e-15,-7.838731980891467e-05
1118,55.95,-103.83693353414247,-53.2972949917885,1.5600402186262299,-103.82655531508094,-53.298017820262565,1.5588550698145607,0.00023399455120715038,7.069745888206672e-05,9.93626598329558e-06,-1.6754018927395854e-05,8.875219629341825e-06,-9.119184176687378e-07,0.010403360605696469,-0.001185148811669201,0.017455429243911965,0.7199601062329943,1,1,34.757933228527804,24,1,-7.297545731911445e-06,-0.0011405949797719916,12,0,20,0.06065800016585854,0.2218380000158504,1.8504800000300747,0.2254680123856334,0.012472787047536227,19.264229392916736,0.6720285969615728,0.6371760500446828,0.9976682745163309,1,1,3118,0.0,0.0,5.954499356430887e-05
1119,56.0,-103.83693353414247,-53.2972949917885,1.5600402186262299,-103.82682166620349,-53.2977278203456,1.5600630508842075,0.0002333183211909143,7.036472404607762e-05,9.934337252733486e-06,-1.6708521896399046e-05,8.849517159421854e-06,-9.088816604918601e-07,0.010121127100050928,2.2832257977611903e-05,0.017426504102572953,0.4529378173189478,1,1,14.498085704300319,24,1,2.6436645115762434e-05,-0.012155543490276486,12,0,20,0.06253999981709057,0.22252100006880937,1.752425000177027,0.22536753746227706,0.012467217614241244,19.247433596867094,0.6723214285714286,0.6375,0.9973004414600969,1,1,3063,6.893371168820264e-11,2.479860696913808e-15,0.000618836050853222
1120,56.050000000000004,-103.83693353414247,-53.2972949917885,1.5600402186262299,-103.82842023690425,-53.29711199987163,1.561040816412067,0.00023264606580084826,7.003509486349066e-05,9.932087749743885e-06,-1.66632730056326e-05,8.82402480569938e-06,-9.058711585669087e-07,0.008515263701612007,0.001000597785837165,0.017397734354344503,0.36896495418065844,1,1,28.079609591026824,24,1,-8.18650940689775e-05,-0.007094850004605437,12,0,20,0.06259199972191709,0.2229609999631066,1.959640000222862,0.2252671378472326,0.012461691451341465,19.23059285766755,0.6726137377341659,0.6378233719892953,0.9974616770263894,1,1,3101,1.0946546322642523e-10,-2.101403015921881e-15,0.0003501798491925001
1121,56.1,-103.83693353414247,-53.2972949917885,1.5600402186262299,-103.82818955535487,-53.296861781537686,1.5606891243209429,0.0002319774016439655,6.970875547036487e-05,9.933900335756249e-06,-1.6618293325113516e-05,8.798546649831486e-06,-9.028987883184443e-07,0.00875470365914918,0.0006489056947129868,0.017369115035439496,0.3567415272456008,1,1,28.82850864256048,24,1,0.00019221646941091977,-0.028166438873613347,12,0,20,0.06331399981718278,0.22136500001579407,2.2184230001585092,0.22516688073400862,0.012456151939546503,19.21377124329106,0.6729055258467023,0.6381461675579323,0.9976517201076212,1,1,3075,1.1485878202640309e-10,-9.347525715312453e-16,0.0013665881007911551
1122,56.150000000000006,-103.83693353414247,-53.2972949917885,1.5600402186262299,-103.82848233289083,-53.29639338975769,1.5593350387558322,0.000231312694242872,6.938525979126909e-05,9.931468344907073e-06,-1.6573545055739257e-05,8.773313692206904e-06,-8.999454512788662e-07,0.008499158124059865,-0.0007051798703976431,0.01734064456801249,0.4504213776137859,1,1,28.034821305118566,24,1,2.846704751939247e-05,-0.008103036244495888,12,0,20,0.06082900017645443,0.22377100003723172,1.9405799998821749,0.22506674890993525,0.012450622560184615,19.19706300654513,0.6731967943009796,0.6384683882457702,0.9978105885458992,1,1,3115,7.337495829937168e-11,-6.594475248707455e-15,0.0004494440276174849
1123,56.2,-103.83693353414247,-53.2972949917885,1.5600402186262299,-103.82766753706844,-53.296097161426815,1.5583990477383702,0.00023065164653671038,6.906478206489439e-05,9.929615483195262e-06,-1.652902675441933e-05,8.748178828637974e-06,-8.97015833938587e-07,0.009343099022886344,-0.0016411708878596443,0.017312320139184257,0.8339758574360959,1,1,30.684009723141152,24,1,0.00015229271170995166,-0.011165141809632866,12,0,20,0.062260000049718656,0.22422100028052228,2.0802169997296005,0.2249667805816547,0.012445179069213053,19.180725740398238,0.6734875444839857,0.6387900355871886,0.9980719384682316,1,1,3123,9.431573419497885e-11,5.480310028158018e-15,0.0005718802101908338
1124,56.25,-103.83693353414247,-53.2972949917885,1.5600402186262299,-103.82803286053486,-53.29644746161772,1.5571075370337848,0.00022999439190631788,6.874758155327269e-05,9.93460150924035e-06,-1.648470504594937e-05,8.723241267747889e-06,-8.940992420547122e-07,0.008940933847179526,-0.0029326815924450855,0.01728415382538557,1.4868035799377801,1,1,21.766139808224864,24,1,9.182524909285628e-05,-0.037749843853864325,12,0,20,0.060245999975450104,0.2236510003967851,1.9489449996399344,0.2248669311172799,0.012439953928536833,19.16499780958894,0.6737777777777778,0.6391111111111111,0.9979871482854793,1,1,3082,6.92534374232504e-11,5.918997917440196e-15,0.0018893377855420113
1125,56.300000000000004,-103.83693353414247,-53.2972949917885,1.5600402186262299,-103.8289815802,-53.296041158433624,1.556419153964919,0.00022934094810697208,6.843294745941936e-05,9.931466566149282e-06,-1.644063139100843e-05,8.69845893672597e-06,-8.912025467597556e-07,0.008050196866234339,-0.0036210646613108466,0.01725612631984338,1.9220191976809768,1,1,15.523878653254632,24,1,3.6025706863587074e-05,-0.007111527084498676,12,0,20,0.062027000240050256,0.21612000000459375,1.6893899996830442,0.2247671848669552,0.012434896985085002,19.149684329471793,0.6740674955595026,0.6394316163410302,0.9976607924573505,1,1,3141,7.343890344638122e-11,-5.906647804602178e-15,0.0003531730966641611
1126,56.35,-103.83693353414247,-53.2972949917885,1.5600402186262299,-103.83020529142593,-53.2958958855964,1.5567451189151384,0.0002286913185151799,6.812118735553857e-05,9.928560701071976e-06,-1.6396819534623375e-05,8.673888827272787e-06,-8.88336413288289e-07,0.006872172013966438,-0.0032950997110914315,0.01722824732440066,1.5584745578667756,1,1,21.772220075792006,24,1,-0.00011600670530424121,-0.004115931190365397,12,0,20,0.06337600007100264,0.22119699997347197,1.881930999843462,0.22466753674835885,0.012429766496892735,19.13407544768687,0.6743566992014197,0.639751552795031,0.9975767767136495,1,1,3180,5.61005236828551e-11,6.556146934340941e-15,0.00022198036313048064
1127,56.400000000000006,-103.83693353414247,-53.2972949917885,1.5600402186262299,-103.83056854003772,-53.29562666560073,1.5562665507863844,0.00022804509049853685,6.781228843372952e-05,9.926319489864079e-06,-1.635325399236649e-05,8.649294015928293e-06,-8.854972975261267e-07,0.006580004728143384,-0.0037736678398454515,0.017200505194100154,1.9180760427430639,1,1,24.54575813691654,24,1,0.00019412346695948953,-0.008704081640255644,12,0,20,0.059840000176336616,0.21861100003661704,1.7059980000340147,0.2245680134534789,0.012424763679933901,19.118813036866886,0.674645390070922,0.6400709219858156,0.9976001191493248,1,1,3064,4.254262401139932e-11,2.8370554719083796e-15,0.0004305738490075761
1128,56.45,-103.83693353414247,-53.2972949917885,1.5600402186262299,-103.83035888549371,-53.29536821906744,1.5560852816183273,0.0002274026510060006,6.750618084825556e-05,9.924226238834174e-06,-1.6309928964643534e-05,8.62493814121104e-06,-8.826806754866157e-07,0.006851164716551437,-0.003954937007902615,0.01717290982490318,2.110461456907348,1,1,12.219215803981175,24,0,6.064862548882972e-06,0.007675753776488682,12,0,20,0.06632400027228869,0.21935099994152552,1.9296279997433885,0.22446862963885106,0.01241981767142096,19.10374806646834,0.674933569530558,0.6403897254207263,0.9971474165290127,1,1,3128,6.085439101273747e-11,8.445229376789022e-16,-0.00039084549061962903
1129,56.5,-103.83693353414247,-53.2972949917885,1.5600402186262299,-103.83042229336192,-53.29423805422182,1.558897815633003,0.0002267637663270421,6.720301744337338e-05,9.926136503684816e-06,-1.626680959660005e-05,8.600709237446923e-06,-8.798794997045889e-07,0.007193130319193957,-0.0011424029932269875,0.017145459567197825,0.5720795648479858,1,1,19.033696919777363,24,1,4.768852934271763e-05,0.028232145791037,12,0,20,0.06276799967963598,0.23010099994280608,1.738871000270592,0.22436938729110928,0.012414367476957495,19.08734835982974,0.6752212389380531,0.6407079646017699,0.9969584566109216,1,1,3211,6.616955463303698e-11,1.170495394829631e-15,-0.0014261999167501926
1130,56.550000000000004,-103.83693353414247,-53.2972949917885,1.5600402186262299,-103.83020841024046,-53.293839548663605,1.55981495143552,0.0002261284301514115,6.690241211661953e-05,9.924235788347833e-06,-1.622390834774085e-05,8.57667154159617e-06,-8.77102411471774e-07,0.007560911233893704,-0.0002252671907099213,0.017118143657185232,0.4583984925996943,1,1,34.80948479145187,24,1,-3.832544418977184e-06,0.012347131617892882,12,0,20,0.061530000039056176,0.2204040001743124,1.7328799999631883,0.22427028733505924,0.012408879845052742,19.07087713978798,0.6755083996463307,0.6410256410256411,0.9973779170577607,1,1,3158,5.6576712627802654e-11,-2.533392539441702e-15,-0.0006261383183301383
1131,56.6,-103.83693353414247,-53.2972949917885,1.5600402186262299,-103.83143838955978,-53.29446329472573,1.562145429907999,0.00022549660990149435,6.660453957643558e-05,9.92352275716974e-06,-1.618121299990439e-05,8.552773839906947e-06,-8.74341225462679e-07,0.006181838095584132,0.002105211281769215,0.017090966897104737,0.6728781687224261,1,1,34.27725377826921,24,1,3.3178599830722526e-06,0.018665428460630348,12,0,20,0.06310300022960291,0.22786899990023812,1.651648999995814,0.22417128143135767,0.012403555503511242,19.054624490520254,0.6757950530035336,0.6413427561837456,0.9977761065128163,1,1,3125,6.852872575714217e-11,-1.87637978241965e-15,-0.0009214228019116533
1132,56.650000000000006,-103.83693353414247,-53.2972949917885,1.5600402186262299,-103.8306459392355,-53.29455964550041,1.5605001897527169,0.00022486846150153827,6.630944659301515e-05,9.925164649206582e-06,-1.6138779464104847e-05,8.52902643789705e-06,-8.716026782044185e-07,0.006856819162705378,0.000459971126486991,0.017063935891070192,0.33738091209441207,1,1,16.669344279456368,24,1,-0.00011353690693250373,-0.02849221917773135,12,0,20,0.05862799980604905,0.22205000004760223,1.787339000202337,0.22407242399868052,0.01239808805929898,19.038104416752887,0.676081200353045,0.6416593115622242,0.9974961248924388,1,1,3066,-6.727239073362381e-10,-2.426681401575923e-15,0.0013869441114366943
1133,56.7,-103.83693353414247,-53.2972949917885,1.5600402186262299,-103.83073861817927,-53.29461585545217,1.5618376408165222,0.0002242436699794802,6.60168209339478e-05,9.923564894260688e-06,-1.6096527332592858e-05,8.505337876489828e-06,-8.688708370375318e-07,0.006749426294123929,0.0017974221902923304,0.01703703292575993,0.5799535623670458,1,1,24.038456282796414,24,1,4.35643665506817e-05,0.01642404415147448,12,0,20,0.06913399965924327,0.22351999996317318,2.2395280002456275,0.2239736945228849,0.012392735270001681,19.021827387780764,0.6763668430335097,0.6419753086419753,0.9974999129184757,1,1,3133,1.2000342525467713e-10,-2.4429866319945564e-15,-0.0008677655830977571
1134,56.75,-103.83693353414247,-53.2972949917885,1.5600402186262299,-103.83125266552945,-53.29398917745366,1.5626455155300913,0.00022362221338733147,6.572676018610603e-05,9.921684711954445e-06,-1.605448253175043e-05,8.481704505877824e-06,-8.661545255187685e-07,0.00657272216169878,0.002605296903861465,0.01701026083202246,0.9602671428324177,1,1,21.92084149857832,24,1,0.000198899107355411,-0.013713391321993706,12,0,20,0.061918000028526876,0.2220149999629939,1.8777330001285009,0.22387509096258718,0.012387516096286877,19.005914118842487,0.6766519823788546,0.6422907488986784,0.997422372349679,1,1,3150,1.5293189221183895e-10,-3.5390949090592522e-15,0.0007075040601192129
1135,56.800000000000004,-103.83693353414247,-53.2972949917885,1.5600402186262299,-103.82965983701075,-53.2939774231473,1.5611533378121374,0.00022300444341761004,6.543922333400172e-05,9.919535511491162e-06,-1.6012676722732676e-05,8.458380098814473e-06,-8.634637321982237e-07,0.007994556376254368,0.0011131191859075074,0.016983629375125087,0.5423172768706881,1,1,18.29933312896597,24,1,-0.00014244208935489556,-0.01003962789595864,12,0,20,0.06109400010245736,0.22197299995241337,1.6964169999482692,0.2237766584051459,0.012382106687517018,18.989660952608357,0.6769366197183099,0.6426056338028169,0.9972060278205419,1,1,3187,-6.999205342094115e-12,-4.228729149801208e-15,0.0004776771180332595
1136,56.85,-103.83693353414247,-53.2972949917885,1.5600402186262299,-103.83003603957428,-53.2937552421801,1.5611878726093718,0.0002223898862933137,6.515448349431085e-05,9.923653929921522e-06,-1.5971016793642137e-05,8.435095481256683e-06,-8.607736501814393e-07,0.007752758129106135,0.001147653983141872,0.016957133300992376,0.5530520907079607,1,1,23.46700686165516,24,1,6.930147398567638e-05,0.03574521571807903,12,0,20,0.06209799994394416,0.22507399989990517,2.0486739999796555,0.223678348303831,0.01237670721003244,18.973445817285665,0.6772207563764292,0.6429199648197009,0.99718816758572,1,1,3120,-6.057019035936169e-11,2.212487925011265e-15,-0.001563938893377692
1137,56.900000000000006,-103.83693353414247,-53.2972949917885,1.5600402186262299,-103.82879245953262,-53.29344444337166,1.558687698063654,0.000221778743781742,6.487203532733462e-05,9.923100185208907e-06,-1.5929578921037857e-05,8.411965674052695e-06,-8.581047015848414e-07,0.009005765870462205,-0.001352520562575954,0.016930764280122638,0.8888500062763991,1,1,21.842386834790776,24,1,1.196971059148552e-05,-0.023294778016386783,12,0,20,0.0601770002504054,0.21881300017412286,1.861825999640132,0.2235802091308016,0.012371333062413784,18.957554256819048,0.6775043936731108,0.6432337434094904,0.9971081228098597,1,1,3154,-1.9654752654027495e-10,3.3718560992845783e-15,0.0010615426115689885
1138,56.95,-103.83693353414247,-53.2972949917885,1.5600402186262299,-103.82889260314143,-53.29326142374682,1.558142732463443,0.00022117094449565174,6.459190009633189e-05,9.919890467031388e-06,-1.588830960962434e-05,8.388995348561619e-06,-8.554431090454485e-07,0.008995901428453823,-0.0018974861627869544,0.016904521424517868,1.1243250709593344,1,1,11.962120965061903,24,0,-1.5026864749567544e-05,-0.005887154609976139,12,0,20,0.06269400000746828,0.22531400009029312,2.1001689997319772,0.22348219895107657,0.012366028895900707,18.941897339184404,0.6777875329236172,0.6435469710272168,0.996650192216717,1,1,3108,-2.415914220024673e-10,2.0531703732801437e-15,0.00027970336377602933
1139,57.0,-103.83693353414247,-53.2972949917885,1.5600402186262299,-103.8288597364934,-53.29343169186354,1.5585663745270155,0.0002205664618637699,6.431419943584534e-05,9.917473677325386e-06,-1.5847247429568736e-05,8.366150161248959e-06,-8.52800066897499e-07,0.008950491315475248,-0.0014738440992143609,0.016878408138791264,0.9316301478365048,1,1,18.85797475403844,24,1,-2.111987456058897e-05,-0.01030708628344216,12,0,20,0.07173499989221455,0.22263099981501,1.9466080002530362,0.2233843162299522,0.012360681086512771,18.926098859191992,0.6780701754385965,0.643859649122807,0.9964567048367796,1,1,3022,-3.4702077739932716e-10,4.934029633035341e-15,0.0005123476963491136
1140,57.050000000000004,-103.83693353414247,-53.2972949917885,1.5600402186262299,-103.82902225382333,-53.29286548860966,1.5590813018866276,0.0002199653000784934,6.403891919115438e-05,9.916064763556258e-06,-1.5806389101274263e-05,8.343426700668305e-06,-8.501720422431866e-07,0.009066909876000695,-0.0009589167396022447,0.016852424729683495,0.8416089933276292,1,1,14.899413543238715,24,1,-3.882701920734553e-05,0.015728645602650512,12,0,20,0.060697000208165264,0.21982199996273266,1.7805759998736903,0.22328656640262337,0.012355295912444966,18.91024917482226,0.6783523225241017,0.6441717791411042,0.9961123897064389,1,1,3169,-3.4410726215059614e-10,-6.361707030755869e-15,-0.0007654005195947278
1141,57.1,-103.83693353414247,-53.2972949917885,1.5600402186262299,-103.82882241243274,-53.292959071897435,1.558460580509471,0.0002193673213895187,6.376594290050841e-05,9.913736441559649e-06,-1.5765732598561346e-05,8.320804838037641e-06,-8.475647923104108e-07,0.009197309209317045,-0.0015796381167589857,0.01682656424496775,1.0496851405578738,1,1,24.5951529230909,24,1,2.1827027360171474e-05,0.006939828575483728,12,0,20,0.0637459997960832,0.22068700036470545,2.361189000112063,0.2231889497389513,0.012349973690192072,18.894609451499786,0.6786339754816112,0.6444833625218914,0.996138658615556,1,1,3196,-3.959799954134003e-10,4.135117279840982e-15,-0.00035950588062405586
1142,57.150000000000006,-103.83693353414247,-53.2972949917885,1.5600402186262299,-103.82876266917269,-53.29231551565089,1.5574639987906505,0.0002187726955179666,6.349540358360066e-05,9.913929922361853e-06,-1.572527591816948e-05,8.298360808835736e-06,-8.449718130352621e-07,0.009568605800190621,-0.0025762198355794297,0.016800836261971226,1.6566432741547914,1,1,29.80399352543095,24,1,-0.00010557201828823686,-0.022045923706781805,12,0,20,0.06270599988056347,0.23613800021848874,2.1675440002582036,0.2230914749441979,0.012344805254793968,18.87952811626152,0.678915135608049,0.6447944006999126,0.9963634476411223,1,1,3118,3.053307553480552e-10,1.3999474831264284e-15,0.0010793057270346296
1143,57.2,-103.83693353414247,-53.2972949917885,1.5600402186262299,-103.828843675983,-53.292641896255184,1.5562716062107018,0.00021818119783133925,6.32270413859403e-05,9.911641204286399e-06,-1.5685012404120072e-05,8.276020237694485e-06,-8.423977388910031e-07,0.009332582873065905,-0.003768612415528061,0.016775226949799504,2.4542937981931683,1,1,27.51585120218664,24,1,-4.9664844057910734e-05,0.006241887633604047,12,0,20,0.06376400006047334,0.2237100002275838,2.0362989998830017,0.22299411931991775,0.012339911659761248,18.865170393955513,0.6791958041958042,0.6451048951048951,0.9965006783106378,1,1,3128,-4.625261159121602e-10,-1.085917508053151e-15,-0.0003274436574427497
1144,57.25,-103.83693353414247,-53.2972949917885,1.5600402186262299,-103.82898707676243,-53.293253198642795,1.5581403953811037,0.00021759288204547736,6.296093731439103e-05,9.909469964946304e-06,-1.5644949445645566e-05,8.253765572936084e-06,-8.398375214575183e-07,0.008915283322783431,-0.0018998232451261643,0.01674974087440962,1.1309396328367836,1,1,25.383050672547153,24,1,-1.4357389416341246e-05,0.003296434994720298,12,0,20,0.06239200001800782,0.22350900007950258,1.7706550002003496,0.22289687641971004,0.012334649656001347,18.84968198281043,0.6794759825327511,0.645414847161572,0.9965565015371635,1,1,3165,4.571191984816861e-11,-5.70737141546278e-15,-0.00016832910478115082
1145,57.300000000000004,-103.83693353414247,-53.2972949917885,1.5600402186262299,-103.82943172650116,-53.29315587988713,1.5586999032723865,0.00021700759674267214,6.269713784691104e-05,9.908781089353111e-06,-1.5605079630735468e-05,8.231508614984794e-06,-8.372890064493626e-07,0.008567926541432486,-0.0013403153538433799,0.016724375461869515,0.8836896142824139,1,1,22.56602237501356,24,1,0.00019545960310300229,-0.015833994179290878,12,0,20,0.06197099992277799,0.2260549999846262,1.7732989999785786,0.22279974900406405,0.012329330442978969,18.8340048515988,0.6797556719022687,0.6457242582897034,0.9965051278425968,1,1,3118,5.151732959554133e-11,-1.0805522017132057e-16,0.00082068629562837
1146,57.35,-103.83693353414247,-53.2972949917885,1.5600402186262299,-103.82792464251335,-53.29317166568856,1.5586883274772054,0.00021642581099941017,6.243559357420923e-05,9.908892904936424e-06,-1.5565437877909815e-05,8.209582004432663e-06,-8.347631020054651e-07,0.009907671094242277,-0.0013518911490244534,0.016699143827562518,1.0384944017672937,1,1,40.04788719698187,24,0,-0.000245627129916292,-0.020246484463034852,12,0,20,0.06422399974326254,0.22712500003763125,2.137347000370937,0.2227027971488502,0.012324019317449331,18.81849002121534,0.6800348735832606,0.6460331299040977,0.9971178505761413,1,1,3129,8.761555094110185e-12,-5.237868839097326e-15,0.0011901459656655788
1147,57.400000000000006,-103.83693353414247,-53.2972949917885,1.5600402186262299,-103.82786435768745,-53.29353767339123,1.5592474035452764,0.00021584690086457283,6.217611062014565e-05,9.906796057435174e-06,-1.5525934793871824e-05,8.187647974312385e-06,-8.322383873418146e-07,0.0098166900282583,-0.0007928150809535239,0.01667402205482284,0.8300796236389087,1,1,24.02577767023844,24,1,3.063801851638291e-05,-0.0038936178630002167,12,0,20,0.06752500030415831,0.22778799984735087,1.8307069999536907,0.22260596857291431,0.012318672767096353,18.802820674179124,0.6803135888501742,0.6463414634146342,0.9971214536900002,1,1,3133,-6.361854806790314e-11,-2.1538882397629784e-15,0.00019978671334675013
1148,57.45,-103.83693353414247,-53.2972949917885,1.5600402186262299,-103.82823902748918,-53.293258809732016,1.5613719264963706,0.00021527118914504862,6.191878410081172e-05,9.904975207622252e-06,-1.548662978265625e-05,8.16587084676678e-06,-8.297278052481976e-07,0.00958567741671512,0.001331707870140697,0.016649023191943134,0.817092196938854,1,1,24.993263409195627,24,1,-7.660655169944948e-05,0.0048694847213566605,12,0,20,0.0616449997323798,0.23054200028127525,1.7087979999814706,0.22250925774865293,0.012313373668802582,18.787167298654982,0.68059181897302,0.6466492602262838,0.997161730779803,1,1,3072,-6.77114960281437e-11,-3.5447466561349134e-15,-0.00023727975785714506
1149,57.5,-103.83693353414247,-53.2972949917885,1.5600402186262299,-103.82912351459268,-53.29288954243685,1.5606492175610214,0.00021469847402069133,6.16635807397415e-05,9.903234213044107e-06,-1.5447522838661495e-05,8.14417722115403e-06,-8.272378013155574e-07,0.00896684946667803,0.0006089989347914937,0.01662414072246842,0.7031268964688757,1,1,20.655471204856582,24,1,-1.238234911442514e-05,0.001971262302069828,12,0,20,0.0694800000928808,0.22265600000537233,2.283845999954792,0.2224126507311411,0.012308031965109822,18.771442046131337,0.6808695652173913,0.6469565217391304,0.9970376243277629,1,1,3097,-6.187056119909898e-11,2.4366958969926653e-15,-0.00010861639166259707
1150,57.550000000000004,-103.83693353414247,-53.2972949917885,1.5600402186262299,-103.82840319341204,-53.293262293615186,1.5609999979471905,0.00021412868047823147,6.141051105612595e-05,9.902192824406129e-06,-1.5408623404429782e-05,8.12253664239608e-06,-8.247721136425973e-07,0.009435537479883146,0.0009597793209605854,0.01659937322715401,0.7425481931151563,1,1,26.70458294032406,24,1,0.00011276306481092283,0.010323843120983958,12,0,20,0.06003600037729484,0.22909099971002433,1.878014999874722,0.22231618656201957,0.012302716660802971,18.75577836771864,0.6811468288444831,0.6472632493483927,0.9971426682256004,1,1,3105,-6.4876441660177204e-12,1.27389040304105e-15,-0.0005235886666925538
1151,57.6,-103.83693353414247,-53.2972949917885,1.5600402186262299,-103.82948616364648,-53.29346771645297,1.5612197375657546,0.00021356196600819086,6.115951353400556e-05,9.90124801547185e-06,-1.5369896789765127e-05,8.10103894371365e-06,-8.223134140418381e-07,0.008373252880364944,0.0011795189395247263,0.016574724116623977,0.6638852266152179,1,1,41.92560254206326,24,0,5.673714612688021e-05,0.010834848961265693,12,0,20,0.05888599980607978,0.21975800018481095,1.7339159999210096,0.22221981115031988,0.012297424884414444,18.74007359936699,0.6814236111111112,0.6475694444444444,0.9978230288768651,1,1,3139,6.135884717247947e-11,6.270717218953858e-15,-0.0005720768589525527
1152,57.650000000000006,-103.83693353414247,-53.2972949917885,1.5600402186262299,-103.8282704781375,-53.2931941998259,1.5624623188674729,0.00021299831011534624,6.09105414049634e-05,9.899748239274066e-06,-1.5331391937205072e-05,8.07966441674117e-06,-8.198776001223619e-07,0.009584624878725818,0.002422100241243008,0.016550191887718693,1.1906837713796328,1,1,30.31715398876782,24,1,-1.2915744663704731e-06,0.0021364149641522985,12,0,20,0.06074800012356718,0.21634199993059156,1.8039510000562586,0.22212360367475284,0.012292297897123374,18.724852966385214,0.6816999132697311,0.6478751084128361,0.9980636378711127,1,1,3145,6.1252883329636085e-12,-5.1715792529709855e-15,-0.00011263291817176224
1153,57.7,-103.83693353414247,-53.2972949917885,1.5600402186262299,-103.82837447014101,-53.293545786910116,1.5638530232640946,0.00021243748540800266,6.06636627562796e-05,9.899827695403508e-06,-1.5293031264770054e-05,8.058358894931636e-06,-8.174478283878819e-07,0.009344202148989096,0.0038128046378647085,0.01652577224108702,1.9457639069766055,1,1,18.969574109740776,24,1,0.00013728049083273257,0.01690309680182275,12,0,20,0.06115699989095447,0.21896199996263022,1.7804829999477079,0.22202751247602368,0.012287483415094079,18.710313027858863,0.6819757365684576,0.6481802426343154,0.9978755357727142,1,1,3158,1.1973328178342701e-11,8.8628857172387e-16,-0.0008723067119715822
1154,57.75,-103.83693353414247,-53.2972949917885,1.5600402186262299,-103.82886641627158,-53.29317266865359,1.5629389705862398,0.00021187992090753095,6.041889692893584e-05,9.901905300941476e-06,-1.5254875681109083e-05,8.037330127748195e-06,-8.15033126630964e-07,0.009059356421484583,0.002898751960009882,0.016501479262068196,1.3907162331289737,1,1,24.905197094111667,24,1,-0.00022727031299544316,0.02651543193617072,12,0,20,0.05916999998589745,0.22226900000532623,1.9638759999907052,0.22193153594632842,0.012282459168831125,18.695317705958665,0.6822510822510822,0.6484848484848484,0.9979115909852166,1,1,3182,5.419622645469428e-11,2.8420682310578613e-16,-0.0013146322220563
1155,57.800000000000004,-103.83693353414247,-53.2972949917885,1.5600402186262299,-103.82935811676037,-53.293138183798355,1.5609754742770132,0.00021132514391104446,6.017593841373076e-05,9.900228218095856e-06,-1.5216910481493135e-05,8.01633817156298e-06,-8.126391449955805e-07,0.008640949090228996,0.0009352556507833398,0.016477289896241285,0.6921349413677462,1,1,20.68428123894202,24,1,-8.567092838588255e-05,-0.00865916001744067,12,0,20,0.06100800010244711,0.22004599986757967,1.7126689999713562,0.22183566960995524,0.012277176353004543,18.679744018446044,0.6825259515570934,0.6487889273356401,0.9977885651810913,1,1,3185,5.6420402268445974e-11,-4.214748513921213e-15,0.000456283940002411
1156,57.85,-103.83693353414247,-53.2972949917885,1.5600402186262299,-103.82855666930938,-53.29336345347969,1.561191340281363,0.00021077319683533428,5.993491385737184e-05,9.898335218456398e-06,-1.51791372246282e-05,7.995405941716755e-06,-8.102631543350556e-07,0.009253586218626963,0.0011511216551332026,0.01645320973830657,0.7579736722767149,1,1,21.83937220069869,24,1,9.65522525246137e-07,-0.0013878362058437862,12,0,20,0.07062599979690276,0.21999399996275315,1.8293240000275546,0.22173994901547212,0.012271916260785436,18.664254156435526,0.682800345721694,0.6490924805531547,0.997709238420942,1,1,3100,2.0116594000817444e-11,3.2094537750641796e-15,7.117702043624163e-05
1157,57.900000000000006,-103.83693353414247,-53.2972949917885,1.5600402186262299,-103.82872141540915,-53.293512771337504,1.5639849342471308,0.0002102243543534279,5.969612878970902e-05,9.90270074702212e-06,-1.5141533853344828e-05,7.974717080878534e-06,-8.078947305280388e-07,0.009041243588696955,0.003944715620900929,0.016429256926079674,2.035542844161973,1,1,10.776577786514379,24,0,-0.00027598057845941844,0.03429477945888888,12,0,20,0.05995399988023564,0.21779000007882132,1.8257680003443966,0.22164434494231453,0.012267164081189256,18.649894302107136,0.6830742659758203,0.6493955094991365,0.9972140352043509,1,1,3077,-1.1504397100272675e-11,4.157779351714866e-15,-0.001595843397081076
1158,57.95,-103.83693353414247,-53.2972949917885,1.5600402186262299,-103.82898682463782,-53.293756767868864,1.563836255530795,0.0002096781698883197,5.945893250915253e-05,9.900095586292277e-06,-1.5104107112960886e-05,7.953998268327217e-06,-8.055400674117947e-07,0.008698805691402682,0.003796036904565092,0.016405398574782397,1.8750529035810886,1,1,14.127374905839627,24,1,-2.0633090064946556e-05,-0.0019902746268199065,12,0,20,0.0619600000391074,0.21853900034329854,1.8110859996340878,0.22154885286792936,0.01226237777561127,18.63542075473999,0.6833477135461605,0.6496980155306299,0.9968456191411158,1,1,3135,3.565709893065552e-11,-1.6886933281678962e-16,0.0001050879596733445
1159,58.0,-103.83693353414247,-53.2972949917885,1.5600402186262299,-103.82797509899578,-53.293678649608474,1.5637895344933082,0.0002091348142903889,5.92237274960011e-05,9.900041812377818e-06,-1.506686558385954e-05,7.933367465188586e-06,-8.032002821311665e-07,0.009660822482613324,0.0037493158670782734,0.0163816525963161,1.919360472522022,1,1,25.60417176222554,24,1,1.8784616756888014e-06,-0.020914014517380047,12,0,20,0.06099099982748157,0.21843900003659655,1.778310000190686,0.22145351874236424,0.012257585461680078,18.621010357944975,0.6836206896551724,0.65,0.9969086775834145,1,1,3107,-7.105199218846325e-10,3.158246527074886e-15,0.0010771110653875482
1160,58.050000000000004,-103.83693353414247,-53.2972949917885,1.5600402186262299,-103.82849375640896,-53.29342224246887,1.562352133762345,0.0002085942896998587,5.8990270791520015e-05,9.897668190617361e-06,-1.5029776983528103e-05,7.912879459457143e-06,-8.008674760889505e-07,0.009285905205405993,0.0023119151361150614,0.016358012119184247,1.1090343934001188,1,1,29.739887661811125,24,1,-4.020091703103807e-05,0.003055168602929182,12,0,20,0.06045400004950352,0.2178209997509839,1.8516059999456047,0.22135829407202928,0.01225249330452689,18.605926829982405,0.6838931955211025,0.6503014642549526,0.9971267273658857,1,1,3093,0.0,0.0,-0.00014691647375020267
1161,58.1,-103.83693353414247,-53.2972949917885,1.5600402186262299,-103.82889477643576,-53.294263976818996,1.5625223864552487,0.00020805669358571163,5.8758790707089847e-05,9.898144862355753e-06,-1.4992884737859257e-05,7.892587732731332e-06,-7.985554474796416e-07,0.008591197658801602,0.0024821678290187776,0.016334487573621694,1.0370170324865409,1,1,18.117292526943352,24,1,-0.00023334463700623958,0.022462009977809987,12,0,20,0.06140499999673921,0.2183829997193243,1.7034080001394614,0.2212631682715999,0.012247436476129076,18.59080728626683,0.6841652323580034,0.6506024096385542,0.9969088860540662,1,1,3087,1.1036795315143646e-10,-6.605426195669475e-15,-0.0011236054822800767
1162,58.150000000000006,-103.83693353414247,-53.2972949917885,1.5600402186262299,-103.82808825113612,-53.29444871346345,1.5611688279572151,0.00020752223685940936,5.8529180016470915e-05,9.89892418898519e-06,-1.4956199451229994e-05,7.872559402100817e-06,-7.962573934233355e-07,0.009291949836609806,0.0011286093309852419,0.016311082639600606,0.6560971215847936,1,1,22.075219214511236,24,1,-0.0006451188593602961,-0.02446274937828174,12,0,20,0.06048300019756425,0.22912799977348186,2.0375789999889093,0.22116818960931905,0.012242214625875688,18.575386211318694,0.6844368013757524,0.6509028374892519,0.9968396065523147,1,1,3185,2.1331719929596324e-10,6.4713927739695575e-15,0.0012712304480375636
1163,58.2,-103.83693353414247,-53.2972949917885,1.5600402186262299,-103.82832272624955,-53.29372259024582,1.561818613010507,0.00020699000757191686,5.8301173771746405e-05,9.896402786258826e-06,-1.4919640862563586e-05,7.852306259790632e-06,-7.939633933098089e-07,0.009322449535981218,0.001778394384277071,0.016287761704533353,0.8901181753027992,1,1,22.673025224102968,24,1,1.3746232790290669e-05,-0.004554662163874287,12,0,20,0.06152000014481018,0.2168199998777709,1.8323219997000706,0.22107333454363268,0.012237065831828292,18.56019268207813,0.6847079037800687,0.6512027491408935,0.9967928110207036,1,1,3239,1.9943957388945973e-10,-6.868359089894422e-16,0.00022906281519663452
1164,58.25,-103.83693353414247,-53.2972949917885,1.5600402186262299,-103.82850513880615,-53.294080383720754,1.5610637691037166,0.0002064606142279512,5.8075006608602475e-05,9.895383494137827e-06,-1.4883265858103576e-05,7.832270393645526e-06,-7.916906270026e-07,0.009020618214655248,0.001023550477486701,0.01626455104933898,0.6542366145842595,1,1,23.026998269474262,24,1,-0.00018022477446449046,-0.01577967159086953,12,0,20,0.06127300002845004,0.22281199971985188,1.7765239999789628,0.22097859095450428,0.01223184950436003,18.54482276270689,0.6849785407725322,0.6515021459227468,0.9967593271195443,1,1,3110,-5.797582790953372e-10,2.7428596975933516e-15,0.0008765827864407605
1165,58.300000000000004,-103.83693353414247,-53.2972949917885,1.5600402186262299,-103.82863905083111,-53.2943442186952,1.5605768835614233,0.00020593398656047925,5.785070614312633e-05,9.896586632894788e-06,-1.4847070140992886e-05,7.812347827389086e-06,-7.894312747537083e-07,0.0088037216704387,0.0005366649351934427,0.01624144983379272,0.5616879312257853,1,1,21.199055010955647,24,1,-0.0002352048495575288,-0.025893794192932938,12,0,20,0.06110200001785415,0.22775399975216715,1.8656000002010842,0.22088396183663705,0.0122266132619507,18.52939983403495,0.6852487135506004,0.6518010291595198,0.9966576556425464,1,1,3133,-5.781737076022242e-10,5.575662588301513e-15,0.0012155179865658283
1166,58.35,-103.83693353414247,-53.2972949917885,1.5600402186262299,-103.82981135383515,-53.294284701922976,1.5610783506525978,0.00020540980833143115,5.762797472699394e-05,9.89433027107477e-06,-1.4811037492060354e-05,7.7923653095062e-06,-7.871835144290046e-07,0.00773222460902676,0.0010381320263679328,0.016218439599986957,0.5302037390117899,1,1,30.719014798310692,24,1,8.069036126025466e-05,0.008261361340696244,12,0,20,0.062031000197748654,0.22965299967836472,1.995856000121421,0.22078942005770422,0.012221411440741143,18.513976358375118,0.6855184233076264,0.6520994001713796,0.9969112825846117,1,1,3129,1.5400490252887564e-10,-6.2089115711927055e-15,-0.0004087600391358137
1167,58.400000000000006,-103.83693353414247,-53.2972949917885,1.5600402186262299,-103.82830851473925,-53.29439975674312,1.5611466111808836,0.0002048883809644134,5.7406943737936105e-05,9.892001310032852e-06,-1.4775208558432624e-05,7.772533364488327e-06,-7.849588199945037e-07,0.009097985803133434,0.0011063925546537234,0.016195534097471116,0.648214279255555,1,1,39.48040940949566,24,0,-2.8515909161259454e-05,0.0011739068379290343,12,0,20,0.06321699993350194,0.22051499990993761,1.7849519999799668,0.22069504435538914,0.012216221447132754,18.49868032919779,0.6857876712328768,0.6523972602739726,0.9974909836366194,1,1,3115,-6.891029570440778e-10,6.1434923301586245e-15,-6.177603499946116e-05
1168,58.45,-103.83693353414247,-53.2972949917885,1.5600402186262299,-103.82766450768916,-53.295124068088555,1.5606484671079066,0.0002043695761282636,5.718762398053912e-05,9.890472116354283e-06,-1.4739509149001183e-05,7.752812675068295e-06,-7.827349288731674e-07,0.009519861401466998,0.000608248481676732,0.016172730137759758,0.5715217843478914,1,1,27.908531823330378,24,1,-9.3459247242268e-06,-0.010058170038249586,12,0,20,0.061144000028434675,0.24024599997574114,1.7906289999700675,0.2206008050742302,0.012211008214744317,18.483344864232134,0.6860564585115483,0.6526946107784432,0.9976387624650395,1,1,3125,9.49340234666143e-11,-2.0807240142795417e-15,0.0004754145164040935
1169,58.5,-103.83693353414247,-53.2972949917885,1.5600402186262299,-103.8274795835107,-53.29459679953288,1.5587098018465344,0.00020385342808970105,5.6969964935409e-05,9.888875622414613e-06,-1.4703964223252897e-05,7.733185318807871e-06,-7.805158765840576e-07,0.00983145075746171,-0.0013304167796954758,0.016150027647812558,0.9354105849583637,1,1,35.143776004629494,24,1,-9.883619762804169e-06,0.007755713626244006,12,0,20,0.06099299980633077,0.22695600000588456,1.7790350002542255,0.22050669839917947,0.01220585069123744,18.468346629805406,0.6863247863247863,0.652991452991453,0.9980554457130107,1,1,3154,4.254262401139932e-11,2.8370554719083796e-15,-0.00041051488369703293
1170,58.550000000000004,-103.83693353414247,-53.2972949917885,1.5600402186262299,-103.82752471807112,-53.294233885623,1.558398707771424,0.00020333986061474798,5.675394567340647e-05,9.887145838982375e-06,-1.4668579366019348e-05,7.713683233408337e-06,-7.783127161911722e-07,0.009894250392074339,-0.0016415108548057944,0.0161274240437881,1.0965870323079003,1,1,23.32158907954718,24,1,-2.2549756338768864e-05,-0.0018344073035166148,12,0,20,0.06331699978545657,0.22103600031186943,1.8830869998964772,0.22041271477602506,0.012200732158075621,18.453511651498406,0.6865926558497011,0.6532877882152007,0.998031964386161,1,1,3160,7.400730475313277e-11,2.0737392077805601e-16,9.175533778016387e-05
1171,58.6,-103.83693353414247,-53.2972949917885,1.5600402186262299,-103.8278177528481,-53.29376696702749,1.5588249976900235,0.00020282879546558712,5.653956607207104e-05,9.885660303688606e-06,-1.463335585627895e-05,7.694253831601745e-06,-7.761252436443428e-07,0.009774682978034282,-0.001215220936206407,0.01610491730924621,0.9740850352563944,1,1,32.42899513268335,24,1,5.48251645522091e-05,-0.003924258445477029,12,0,20,0.06223900027180207,0.2309129999957804,2.13759400003255,0.22031884699160223,0.012195577616435483,18.438597464965778,0.6868600682593856,0.6535836177474402,0.9983467381527762,1,1,3130,6.558694329361664e-11,-5.096376873685131e-15,0.00021915610413980602
1172,58.650000000000006,-103.83693353414247,-53.2972949917885,1.5600402186262299,-103.82750284916754,-53.293597047898984,1.5578119312680814,0.00020232041471331127,5.632702554397849e-05,9.888681926060732e-06,-1.4598307136340417e-05,7.675023590924528e-06,-7.739570061649253e-07,0.010129788157032723,-0.0022282873581485063,0.016082519711080406,1.4739177005456043,1,1,22.91112793383049,24,1,-0.00013414164039762477,-0.029406640698512315,12,0,20,0.062446999891108135,0.22313700037557282,2.3217580001073657,0.2202251130278721,0.01219055166983841,18.424134822370366,0.6871270247229326,0.6538789428815004,0.9983078099180688,1,1,3190,-1.6201271448936748e-11,-3.729227147873599e-15,0.001544429827481597
1173,58.7,-103.83693353414247,-53.2972949917885,1.5600402186262299,-103.82756424236497,-53.29392766383142,1.5578373687950169,0.00020181446471275195,5.611585670234781e-05,9.886584957680667e-06,-1.4563410116202794e-05,7.655831129131003e-06,-7.717993092688054e-07,0.009956029629451314,-0.002202849831212994,0.016060209258135453,1.4054031133336995,1,1,30.3009580753368,24,1,-2.909679446649076e-06,0.0004899587095793157,12,0,20,0.05962699970041285,0.21476400024766917,1.7283020001741534,0.22013149218403433,0.012185528278105241,18.409638458052616,0.6873935264054515,0.6541737649063032,0.9985428918663674,1,1,3080,-5.620725177841414e-11,6.507506660938839e-15,-2.3253602557726794e-05
1174,58.75,-103.83693353414247,-53.2972949917885,1.5600402186262299,-103.82686870308729,-53.29380942699718,1.557829739108331,0.0002013112155848352,5.590632560168359e-05,9.885747860898962e-06,-1.4528686349112324e-05,7.636823559009291e-06,-7.696541503539704e-07,0.010651290348308924,-0.002210479517898989,0.016038003029882456,1.5179106149195305,1,1,20.019774911253876,24,1,-0.00021032671226793736,0.01396558803633344,12,0,20,0.062182999954529805,0.23423799984811922,2.3181679998742766,0.22003801867096986,0.012180512546762938,18.395262519462715,0.6876595744680851,0.654468085106383,0.9983967713295697,1,1,3120,-4.033991609719393e-11,6.644746045151572e-15,-0.0007078347727658141
1175,58.800000000000004,-103.83693353414247,-53.2972949917885,1.5600402186262299,-103.82602286409337,-53.29408283213652,1.5601543252172299,0.00020081049085808673,5.569890542112506e-05,9.895878083891049e-06,-1.4494101443127787e-05,7.617933397464295e-06,-7.67517601447502e-07,0.011373684123894542,0.00011410659099997389,0.01601591072275354,0.8939091493014488,1,1,18.346601186467268,24,1,-0.00025079578605902,0.048200079214805076,12,0,20,0.06231199995454517,0.21611300007862155,1.837077999880421,0.21994469525939095,0.01217533311069071,18.380380416256795,0.6879251700680272,0.6547619047619048,0.9981889959696879,1,1,3131,-1.5398404603150185e-11,4.906828539226053e-15,-0.0023087469860909593
1176,58.85,-103.83693353414247,-53.2972949917885,1.5600402186262299,-103.82643716772287,-53.294199644049534,1.5619687486583835,0.0002003120767031855,5.549242111605363e-05,9.89220249791938e-06,-1.4459654236063868e-05,7.599016889210319e-06,-7.653850565255932e-07,0.01094325754241639,0.0019285300321536525,0.015993889389990138,1.0714585396477663,1,1,23.50978697438529,24,1,-9.065480654344543e-06,0.004406439446209819,12,0,20,0.059144000260857865,0.23040399992169114,1.7173490000459424,0.21985147235203392,0.012170289644379816,18.36567445034634,0.6881903143585386,0.6550552251486831,0.9981724790764284,1,1,3114,3.478302907098187e-11,4.64085493319971e-15,-0.00022017240989935516
1177,58.900000000000006,-103.83693353414247,-53.2972949917885,1.5600402186262299,-103.82616748944513,-53.29435291893154,1.56462954666857,0.00019981654393767836,5.52879492189633e-05,9.897902419197354e-06,-1.4425394885213106e-05,7.5804389090313985e-06,-7.632702897151305e-07,0.011160802440728238,0.004589328042340135,0.015971990895209075,2.667017745966993,1,1,21.33334198783129,24,1,-0.0005422288857385671,0.041550510281497005,12,0,20,0.06138700018709642,0.2227969998784829,2.0253179995961546,0.2197583775602973,0.01216585773075975,18.352347916641435,0.6884550084889643,0.6553480475382003,0.9980755967806982,1,1,3105,6.089763251291637e-12,-5.553705610807244e-15,-0.0020360251888633663
1178,58.95,-103.83693353414247,-53.2972949917885,1.5600402186262299,-103.82582088973496,-53.294430287539925,1.5660637722942967,0.00019932291807481296,5.508481709482665e-05,9.899795363061143e-06,-1.4391260322640982e-05,7.561592373625836e-06,-7.61163423821818e-07,0.01147594859520287,0.006023553668066839,0.015950164111056653,4.15027547237237,1,1,20.46259188070254,24,1,0.00017939445728407287,0.03495324404714475,12,0,20,0.06086199982746621,0.2271950002068479,1.704164999864588,0.21966541510943763,0.012161962502124852,18.340302053669195,0.6887192536047498,0.6556403731976251,0.9979467503663924,1,1,3105,1.1930698080336335e-11,4.2773694232033484e-16,-0.0015675449743866032
1179,59.0,-103.83693353414247,-53.2972949917885,1.5600402186262299,-103.82638728318571,-53.294215269628545,1.5645742778133442,0.00019883188473781871,5.488288146016065e-05,9.895413032363246e-06,-1.4357285062909494e-05,7.542950896391714e-06,-7.590672494971053e-07,0.010986723707528043,0.004534059187114359,0.01592842635661098,2.625217520137775,1,1,23.61749751432302,24,1,-2.9840416687997612e-05,-0.009624455009533026,12,0,20,0.05972500002826564,0.21725900023739086,1.8593359995975334,0.21957254975666798,0.012157524558696238,18.32698418542044,0.6889830508474576,0.6559322033898305,0.9979344633275107,1,1,3083,5.415359635668791e-11,-1.7434480629769858e-16,0.000542736379429698
1180,59.050000000000004,-103.83693353414247,-53.2972949917885,1.5600402186262299,-103.82668305550435,-53.29482451066244,1.563727867231984,0.00019834345780214344,5.46824871526032e-05,9.892699975422093e-06,-1.4323488628648504e-05,7.5245272273482156e-06,-7.569901261605606e-07,0.010543983559591146,0.0036876486057542124,0.015906789272343638,1.863481569866571,1,1,25.0689672339972,24,1,-0.00029615613432408647,-0.016870346375533193,12,0,20,0.06186300015542656,0.22751500000595115,1.829342999826622,0.2194797840885683,0.012152850087476774,18.31304387837933,0.6892464013547841,0.6562235393734124,0.9979756709650784,1,1,3126,3.370306658815393e-11,-6.975786345022845e-15,0.000857543572783559
1181,59.1,-103.83693353414247,-53.2972949917885,1.5600402186262299,-103.82538304957076,-53.295184972964506,1.5652978107083992,0.00019785697835824714,5.4483933739387534e-05,9.897708629080521e-06,-1.4289828543441377e-05,7.505865573944754e-06,-7.549224403999618e-07,0.011741629924290821,0.00525759208216936,0.015885241959052266,3.2646405987127993,1,1,36.08627963364808,24,1,0.00034284755601548714,0.04139716154112098,12,0,20,0.062242999774753116,0.22188599996297853,1.7982950002988218,0.2193871877217678,0.012148670731224095,18.300312572728174,0.6895093062605753,0.6565143824027073,0.9984223311362536,1,1,3112,-1.5973910926236127e-11,-1.2836184577214704e-15,-0.0021084491163492203
1182,59.150000000000006,-103.83693353414247,-53.2972949917885,1.5600402186262299,-103.8256011861102,-53.29463515039002,1.5654095171550706,0.00019737307590853552,5.428637279390731e-05,9.893141389498808e-06,-1.4256306614180165e-05,7.487437509120396e-06,-7.528568648560451e-07,0.011640312203266685,0.005369298528840716,0.015863777882410068,3.4313415663893623,1,1,27.73822614384965,24,1,9.42302823459723e-05,-0.007465072219547806,12,0,20,0.06328900008156779,0.22098199997344636,1.9830760002150782,0.21929470433473114,0.012144538319298858,18.287743704590948,0.6897717666948436,0.6568047337278107,0.9985611988251539,1,1,3075,1.0005085803172331e-11,-6.073478983616676e-15,0.00036208406090754153
1183,59.2,-103.83693353414247,-53.2972949917885,1.5600402186262299,-103.82488142958337,-53.294983873874806,1.5658044769493573,0.0001968915770043937,5.409022821291747e-05,9.888987225900349e-06,-1.4222944387536512e-05,7.469161066510726e-06,-7.508091344270258e-07,0.012271694679812836,0.005764258323127436,0.01584240528509832,3.87490135656133,1,1,12.526017428510999,24,1,1.6569563553898545e-06,8.929158957181869e-05,12,0,20,0.060817999838036485,0.21848200003660168,1.728746000026149,0.2192023673347378,0.01214056444161759,18.27557069585106,0.6900337837837838,0.6570945945945946,0.9981408780086015,1,1,3071,5.4622527434757935e-11,4.869723117141037e-15,-4.40341100338415e-06
1184,59.25,-103.83693353414247,-53.2972949917885,1.5600402186262299,-103.8244900276592,-53.295557051736765,1.5650497850935174,0.00019641241326207525,5.3895497896871815e-05,9.885489145541255e-06,-1.4189718175889654e-05,7.450960711822986e-06,-7.487669938245437e-07,0.012564286259984543,0.005009566467287563,0.015821122310346606,3.0740440511076046,1,1,23.345938284617834,24,1,3.1006196576385684e-05,-0.0023978460756904013,12,0,20,0.06123100001786952,0.22451999984696158,1.7987930000344932,0.2191101613574437,0.012136313290227898,18.26274240332385,0.6902953586497891,0.6573839662447257,0.9981185049253567,1,1,3183,2.9574440695698275e-11,5.461261549557693e-15,0.00011609919602051377
1185,59.300000000000004,-103.83693353414247,-53.2972949917885,1.5600402186262299,-103.82361732442654,-53.29538629235759,1.5633094652739192,0.00019593569836711056,5.370219131036163e-05,9.882969862732766e-06,-1.4156641726812607e-05,7.432902171159586e-06,-7.467323804531467e-07,0.013452307412351124,0.00326924664768935,0.015799933217500388,1.8638803982611156,1,1,28.26385334605915,24,1,-9.749053849284958e-05,-0.009841765929174283,12,0,20,0.062184999933379004,0.21653600015270058,1.7205819999617233,0.21901811662174775,0.012131567146073066,18.248915369592766,0.6905564924114671,0.657672849915683,0.9982765525056035,1,1,3194,-1.3444219410105469e-11,-2.496287117356636e-15,0.0005211842712014025
1186,59.35,-103.83693353414247,-53.2972949917885,1.5600402186262299,-103.82492515113381,-53.295349112092325,1.562008633658598,0.0001954611250410755,5.3510367220269466e-05,9.882802542945565e-06,-1.4123686195494791e-05,7.414845762407282e-06,-7.447052573947551e-07,0.012165019945512601,0.0019684150323682204,0.015778830509937832,1.1305053940838992,1,1,19.08820346087196,24,1,0.00010919607044110704,-0.022126735033304278,12,0,20,0.0627310000709258,0.22151599978315062,1.9332150000082038,0.21892612492287294,0.012126590480508279,18.234493794213233,0.6908171861836563,0.6579612468407751,0.9980980698832324,1,1,3131,-3.4086737470211225e-11,2.8488216803911797e-15,0.001067686267197221
1187,59.400000000000006,-103.83693353414247,-53.2972949917885,1.5600402186262299,-103.8248128511576,-53.29533468968249,1.5616751918727312,0.00019498891307716468,5.331980539410743e-05,9.880321145459648e-06,-1.4090913756740031e-05,7.396908097874107e-06,-7.427008858049685e-07,0.012278181476365746,0.0016349732465013034,0.015757814520778957,1.0538858621894884,1,1,28.89611668291946,24,1,2.5057850622360452e-05,0.007586037627241617,12,0,20,0.06151000025056419,0.22947799971007043,1.702067999758583,0.21883425483888255,0.012121578436980428,18.22003200302466,0.6910774410774411,0.6582491582491582,0.9982790073102139,1,1,3111,-4.621637600791061e-11,2.8117713418772264e-16,-0.00040469607338300406
1188,59.45,-103.83693353414247,-53.2972949917885,1.5600402186262299,-103.82526966035387,-53.29534692736938,1.5611811650627212,0.0001945189220977715,5.313065731333611e-05,9.879306188145132e-06,-1.4058283569146332e-05,7.379026956680564e-06,-7.407077197142566e-07,0.011825434737783224,0.001140946436491319,0.01573688595024783,0.9013303778839769,1,1,19.224909995994015,24,1,9.788752931522447e-05,-0.016695474458828446,12,0,20,0.06055099993318436,0.21562000029007322,1.6876989998309,0.21874247982148984,0.01211652516054675,18.2054662321036,0.6913372582001682,0.6585365853658537,0.9981058369056394,1,1,3199,1.2804767940009976e-11,-4.38198732369619e-15,0.0008020780049262655
1189,59.5,-103.83693353414247,-53.2972949917885,1.5600402186262299,-103.82472692370561,-53.29654150947406,1.559027011204222,0.00019405163778634966,5.294312433656855e-05,9.883189682463767e-06,-1.4025832642658715e-05,7.361514652800495e-06,-7.387326109463731e-07,0.012229843578537557,-0.0010132074220079446,0.01571606700554939,1.044319338614124,1,1,22.064778744650003,24,1,-0.0005036728937094844,-0.03477502980276152,12,0,20,0.06237299976419308,0.22070900013204664,1.927829000123893,0.2186508393178894,0.012111468727838824,18.191045100260332,0.6915966386554622,0.6588235294117647,0.9980367666811846,1,1,3138,4.1881857492300646e-11,-4.270494783846239e-15,0.0016645936295391905
1190,59.550000000000004,-103.83693353414247,-53.2972949917885,1.5600402186262299,-103.8233388367656,-53.29666979932137,1.5599452000751146,0.00019358613922173122,5.275659805351656e-05,9.880505068996173e-06,-1.3993495614991262e-05,7.343717599318799e-06,-7.367555960137094e-07,0.013609065448800427,-9.50185511152668e-05,0.01569530940361635,1.042697798905995,1,1,29.205033911299193,24,1,0.000191098281632894,0.01000791881499398,12,0,20,0.06443499978558975,0.22500600016428507,1.7209090001415461,0.21855938282882806,0.012106383393531586,18.17664682376885,0.691855583543241,0.6591099916036943,0.9982285630407723,1,1,3145,5.2107045951296067e-11,6.235242319910706e-15,-0.0004990202374757224
1191,59.6,-103.83693353414247,-53.2972949917885,1.5600402186262299,-103.8242907534159,-53.29629969767019,1.5616617323974875,0.0001931232606257781,5.2571636274773505e-05,9.883040808207287e-06,-1.3961293666294154e-05,7.326283622421527e-06,-7.347837599047112e-07,0.012681897132618247,0.0016215137712576322,0.01567465779213542,1.0359326457636908,1,1,34.49442081441292,24,1,-0.00034616022366165526,0.03224719308908163,12,0,20,0.06318600026133936,0.22073499985708622,2.0757019997290627,0.21846799479775386,0.012101395285438441,18.162267029995352,0.6921140939597316,0.6593959731543624,0.9986130104758801,1,1,3099,4.9072898275423405e-11,2.021716698270789e-15,-0.0018179414793850768
1192,59.650000000000006,-103.83693353414247,-53.2972949917885,1.5600402186262299,-103.82413381231054,-53.29722608782976,1.5618356620148965,0.0001926623395885791,5.238769242126718e-05,9.879698156615664e-06,-1.3929245358559479e-05,7.308766926312518e-06,-7.32831577873788e-07,0.012799907293826535,0.001795443388666662,0.01565407397484266,1.0493822680408518,1,1,52.20395482881531,24,0,-1.981994113530429e-05,0.003690797946677634,12,0,20,0.05953900017630076,0.2237740000055055,1.7036639997058955,0.2183767275963924,0.012096434079288494,18.147922616950964,0.6923721709974854,0.6596814752724225,0.9996423646089144,1,1,3115,7.552082608290189e-11,2.2759240958143823e-15,-0.0001818653312510854
1193,59.7,-103.83693353414247,-53.2972949917885,1.5600402186262299,-103.82430320234079,-53.29839685284406,1.5623503125768403,0.00019220332306975587,5.220529818354775e-05,9.88164755051696e-06,-1.3897319998910442e-05,7.291100944381844e-06,-7.308835228403624e-07,0.012678303482977962,0.0023100939506104368,0.015633573527933518,1.179450076904777,1,1,30.678687169506638,24,1,0.00043877226734759424,-0.03068575168638032,12,0,20,0.0629749997642648,0.22562000003745197,1.6732410003896803,0.21828556926389106,0.01209155232865092,18.133711165912402,0.6926298157453936,0.6599664991624791,0.9998859277797656,1,1,3140,5.981690577737276e-11,3.896465957648475e-15,0.0016737995669244832
1194,59.75,-103.83693353414247,-53.2972949917885,1.5600402186262299,-103.8243729047618,-53.29849986213967,1.5626587585087002,0.0001917467909343484,5.202391890125855e-05,9.878459263559045e-06,-1.3865561880742468e-05,7.273671503658563e-06,-7.289445486269393e-07,0.01261828526392367,0.0026185398824702943,0.01561315822745696,1.3018764732896542,1,1,29.623309560059482,24,1,0.00010164923611263318,0.006403532468272938,12,0,20,0.06391199985955609,0.22649900029136916,1.7506799999864597,0.21819452259723085,0.012086729407476514,18.119625948596397,0.6928870292887029,0.6602510460251046,1.0000906602140212,1,1,3119,-1.536998453781261e-11,5.212529625495085e-15,-0.0003129718126730907
1195,59.800000000000004,-103.83693353414247,-53.2972949917885,1.5600402186262299,-103.82444113402482,-53.298248939202296,1.562706310279009,0.00019129237227661226,5.184384148422519e-05,9.876520780454978e-06,-1.3833944061415503e-05,7.256296437289095e-06,-7.270177497164472e-07,0.012528769946318661,0.002666091652779201,0.015592825714437953,1.3163597310474344,1,1,17.14824008744604,24,1,0.0001779190921863563,-0.01393415226562203,12,0,20,0.06266399986998294,0.22751100004825275,1.719565999792394,0.21810358595586066,0.012081921326271576,18.105576394902794,0.6931438127090301,0.6605351170568562,0.9998414624334189,1,1,3134,-3.6900629639717663e-11,1.0044794773361021e-15,0.0007289193570612085
1196,59.85,-103.83693353414247,-53.2972949917885,1.5600402186262299,-103.82544159079262,-53.29820020515038,1.5629745452018131,0.00019084045871316037,5.1665113118208615e-05,9.876682605630032e-06,-1.3802486776969706e-05,7.2392608104382585e-06,-7.251070012717527e-07,0.011527539771640638,0.002934326575583235,0.01557259040209332,1.3420920973191066,1,1,30.425763398911542,24,1,-0.0003302746254444772,-0.023535098540745692,12,0,20,0.05990099998598453,0.21648299980370211,1.7113660001086828,0.21801271727085866,0.01207717132663706,18.091571813200552,0.6934001670843776,0.6608187134502924,1.000075027105771,1,1,3199,-2.7591988287859114e-11,1.6513565489173688e-15,0.0011787133291365492
1197,59.900000000000006,-103.83693353414247,-53.2972949917885,1.5600402186262299,-103.82429351500528,-53.29904649430785,1.5639362330260518,0.00019039042163108923,5.148749888442953e-05,9.874557647028756e-06,-1.3771177297829713e-05,7.222119159233515e-06,-7.232133340928672e-07,0.012760793269383479,0.003896014399821901,0.015552424907888761,2.0666191848959925,1,1,22.240658681622115,24,1,2.6091519816468872e-05,0.011910678802000807,12,0,20,0.060478999785118503,0.21827599994139746,1.8332009999539878,0.21792201985808954,0.012072654478970069,18.078195391974923,0.6936560934891486,0.66110183639399,1.0000111064477817,1,1,3128,-7.304873895016205e-12,6.695016841595601e-15,-0.0006244359537959099
1198,59.95,-103.83693353414247,-53.2972949917885,1.5600402186262299,-103.82453567419361,-53.298799398945626,1.5640746729932982,0.00018994251459213585,5.1311119741484906e-05,9.87307735513337e-06,-1.3739984515881632e-05,7.205043560689544e-06,-7.213187431065795e-07,0.012488801872318387,0.004034454367068285,0.01553234155990721,2.138173353429626,1,1,22.665703765144592,24,1,5.564361148699873e-05,-0.014665212223625879,12,0,20,0.0628830002824543,0.21948199992039008,1.8355509996581532,0.2178314229175471,0.012068181416944114,18.064900961584144,0.6939115929941618,0.6613844870725605,0.9999627106402098,1,1,3089,9.934035639828388e-12,-6.837731699289205e-15,0.0007021140772849321
1199,60.0,-103.83693353414247,-53.2972949917885,1.5600402186262299,-103.8248960240621,-53.29826631012138,1.5639309048688652,0.0001894967664633681,5.113589980098065e-05,9.870765871412058e-06,-1.370893793232916e-05,7.188103355987022e-06,-7.19439145595744e-07,0.012076634806059675,0.003890686242635333,0.015512339161594836,1.993347462035754,1,1,24.54906980482577,24,1,-3.715279702451285e-05,-0.004845751549283375,12,0,20,0.06249599982766085,0.2233410000371805,1.7699869999887596,0.2177409199956029,0.012063674802599766,18.051508000334522,0.6941666666666667,0.6616666666666666,0.9999826368992482,1,1,3118,1.513536614823446e-11,6.475469081574266e-15,0.0002292223274706906
